{
"type": "FeatureCollection",
"name": "fires",
"xy_coordinate_resolution": 1e-05,
"features": [
{ "type": "Feature", "properties": { "c": "fire", "n": "Border", "d": "2023 · 1,243 acres" }, "geometry": { "type": "Polygon", "coordinates": [ [ [ -109.05722, 39.1173 ], [ -109.05681, 39.11533 ], [ -109.05503, 39.11353 ], [ -109.0502, 39.11152 ], [ -109.04617, 39.11082 ], [ -109.04689, 39.11115 ], [ -109.04748, 39.11208 ], [ -109.04915, 39.11231 ], [ -109.04973, 39.11267 ], [ -109.05088, 39.11484 ], [ -109.05318, 39.11512 ], [ -109.05484, 39.11654 ], [ -109.05651, 39.11685 ], [ -109.05722, 39.1173 ] ] ] } },
{ "type": "Feature", "properties": { "c": "fire", "n": "Rabbit Valley", "d": "1999 · 1,745 acres" }, "geometry": { "type": "MultiPolygon", "coordinates": [ [ [ [ -109.01081, 39.13557 ], [ -109.00712, 39.13583 ], [ -109.00299, 39.13685 ], [ -109.0039, 39.13734 ], [ -109.00379, 39.13771 ], [ -109.00183, 39.13889 ], [ -109.00009, 39.13919 ], [ -108.99916, 39.13986 ], [ -108.99917, 39.14032 ], [ -108.99997, 39.14103 ], [ -109.0011, 39.14149 ], [ -109.00214, 39.14103 ], [ -109.00414, 39.13922 ], [ -109.00801, 39.13899 ], [ -109.00933, 39.13936 ], [ -109.01104, 39.1389 ], [ -109.01163, 39.13758 ], [ -109.01081, 39.13557 ] ] ], [ [ [ -108.95827, 39.15308 ], [ -108.95794, 39.1528 ], [ -108.95577, 39.15379 ], [ -108.9542, 39.1548 ], [ -108.95455, 39.15524 ], [ -108.95566, 39.15558 ], [ -108.95649, 39.15481 ], [ -108.95777, 39.1557 ], [ -108.95824, 39.15537 ], [ -108.95827, 39.15308 ] ] ] ] } },
{ "type": "Feature", "properties": { "c": "fire", "n": "Rabbit Valley", "d": "2024 · 1,372 acres" }, "geometry": { "type": "Polygon", "coordinates": [ [ [ -109.02791, 39.19724 ], [ -109.02729, 39.19749 ], [ -109.02516, 39.1976 ], [ -109.02572, 39.20093 ], [ -109.02428, 39.20119 ], [ -109.02333, 39.20187 ], [ -109.02296, 39.20304 ], [ -109.02133, 39.20328 ], [ -109.02029, 39.20261 ], [ -109.0194, 39.20297 ], [ -109.0193, 39.205 ], [ -109.0205, 39.205 ], [ -109.02096, 39.20525 ], [ -109.0204, 39.20616 ], [ -109.01945, 39.20587 ], [ -109.01661, 39.20625 ], [ -109.01645, 39.20515 ], [ -109.01605, 39.20503 ], [ -109.01537, 39.20551 ], [ -109.01519, 39.20872 ], [ -109.01432, 39.20963 ], [ -109.01246, 39.21028 ], [ -109.01038, 39.20984 ], [ -109.00797, 39.20979 ], [ -109.00758, 39.20677 ], [ -109.00694, 39.20684 ], [ -109.00654, 39.20763 ], [ -109.0051, 39.20774 ], [ -109.00423, 39.20868 ], [ -109.00328, 39.20896 ], [ -109.00314, 39.21 ], [ -109.00359, 39.21146 ], [ -109.00568, 39.21382 ], [ -109.0063, 39.21522 ], [ -109.00636, 39.21705 ], [ -109.00606, 39.21945 ], [ -109.00569, 39.21966 ], [ -109.00546, 39.22295 ], [ -109.00668, 39.22562 ], [ -109.0066, 39.22626 ], [ -109.00504, 39.22729 ], [ -109.00263, 39.22785 ], [ -109.00197, 39.22746 ], [ -109.00112, 39.22761 ], [ -109.0009, 39.22801 ], [ -109.0013, 39.22886 ], [ -109.00232, 39.22968 ], [ -109.00301, 39.22989 ], [ -109.00348, 39.22961 ], [ -109.00334, 39.22861 ], [ -109.00476, 39.22852 ], [ -109.00517, 39.22861 ], [ -109.00525, 39.22941 ], [ -109.00686, 39.23014 ], [ -109.00766, 39.23006 ], [ -109.00907, 39.22653 ], [ -109.01037, 39.22535 ], [ -109.01144, 39.22357 ], [ -109.01195, 39.22336 ], [ -109.01324, 39.22362 ], [ -109.01402, 39.22474 ], [ -109.01565, 39.22485 ], [ -109.01865, 39.2256 ], [ -109.02108, 39.22283 ], [ -109.02368, 39.21781 ], [ -109.02391, 39.21544 ], [ -109.02337, 39.21386 ], [ -109.02402, 39.21141 ], [ -109.02346, 39.20835 ], [ -109.02366, 39.20805 ], [ -109.02539, 39.20798 ], [ -109.02572, 39.20668 ], [ -109.02626, 39.20673 ], [ -109.02674, 39.20695 ], [ -109.02635, 39.20809 ], [ -109.02684, 39.2083 ], [ -109.02877, 39.20737 ], [ -109.02974, 39.20893 ], [ -109.03196, 39.20899 ], [ -109.03225, 39.20763 ], [ -109.03322, 39.20625 ], [ -109.03363, 39.20334 ], [ -109.03508, 39.20131 ], [ -109.03639, 39.20051 ], [ -109.03685, 39.19788 ], [ -109.03904, 39.19769 ], [ -109.0407, 39.19791 ], [ -109.0428, 39.19677 ], [ -109.04312, 39.19764 ], [ -109.04265, 39.1987 ], [ -109.04283, 39.1991 ], [ -109.04346, 39.19908 ], [ -109.04581, 39.19724 ], [ -109.04794, 39.19675 ], [ -109.04922, 39.1958 ], [ -109.05038, 39.19547 ], [ -109.0515, 39.19441 ], [ -109.05053, 39.19383 ], [ -109.04907, 39.19369 ], [ -109.04847, 39.19318 ], [ -109.04638, 39.19253 ], [ -109.04624, 39.19212 ], [ -109.04663, 39.19178 ], [ -109.04627, 39.19114 ], [ -109.04523, 39.19189 ], [ -109.04384, 39.19137 ], [ -109.04169, 39.19147 ], [ -109.0409, 39.19054 ], [ -109.04001, 39.19018 ], [ -109.03651, 39.18968 ], [ -109.03307, 39.19075 ], [ -109.03182, 39.19084 ], [ -109.03017, 39.19168 ], [ -109.02865, 39.19299 ], [ -109.02945, 39.19379 ], [ -109.02791, 39.19724 ] ] ] } },
{ "type": "Feature", "properties": { "c": "fire", "n": "Two Road", "d": "1994 · 4,238 acres" }, "geometry": { "type": "Polygon", "coordinates": [ [ [ -109.00094, 39.22074 ], [ -109.00032, 39.22047 ], [ -108.99988, 39.22073 ], [ -109.00052, 39.2226 ], [ -109.00081, 39.22514 ], [ -109.00177, 39.22659 ], [ -109.00118, 39.22696 ], [ -108.99903, 39.22657 ], [ -108.99832, 39.2268 ], [ -108.99926, 39.22979 ], [ -109.00404, 39.23327 ], [ -109.00512, 39.23535 ], [ -109.00519, 39.23696 ], [ -109.00744, 39.23837 ], [ -109.00754, 39.23894 ], [ -109.00809, 39.23928 ], [ -109.00878, 39.23918 ], [ -109.01573, 39.23507 ], [ -109.02029, 39.23021 ], [ -109.02321, 39.22609 ], [ -109.02512, 39.22444 ], [ -109.02771, 39.22113 ], [ -109.02968, 39.21957 ], [ -109.03182, 39.21671 ], [ -109.03354, 39.21596 ], [ -109.03641, 39.21549 ], [ -109.03848, 39.21455 ], [ -109.04001, 39.21249 ], [ -109.03976, 39.21027 ], [ -109.03999, 39.20995 ], [ -109.04069, 39.20984 ], [ -109.04373, 39.20812 ], [ -109.04479, 39.20806 ], [ -109.04435, 39.20487 ], [ -109.0446, 39.20434 ], [ -109.04516, 39.20401 ], [ -109.05027, 39.20343 ], [ -109.05063, 39.20296 ], [ -109.05046, 39.20227 ], [ -109.04595, 39.19957 ], [ -109.0456, 39.1991 ], [ -109.04591, 39.1986 ], [ -109.04668, 39.19827 ], [ -109.04721, 39.19846 ], [ -109.04766, 39.19804 ], [ -109.04737, 39.19642 ], [ -109.0479, 39.19424 ], [ -109.04774, 39.19311 ], [ -109.04882, 39.191 ], [ -109.04917, 39.18881 ], [ -109.04993, 39.18785 ], [ -109.04996, 39.18631 ], [ -109.04901, 39.18618 ], [ -109.04415, 39.18691 ], [ -109.04058, 39.18647 ], [ -109.03707, 39.18713 ], [ -109.0351, 39.18648 ], [ -109.03295, 39.1863 ], [ -109.03156, 39.18651 ], [ -109.03146, 39.1876 ], [ -109.03056, 39.18847 ], [ -109.02683, 39.19008 ], [ -109.02264, 39.19086 ], [ -109.02107, 39.19184 ], [ -109.01534, 39.1925 ], [ -109.01223, 39.19219 ], [ -109.00739, 39.1928 ], [ -109.00396, 39.19423 ], [ -108.999, 39.19723 ], [ -108.99664, 39.1982 ], [ -108.99346, 39.20024 ], [ -108.98957, 39.20206 ], [ -108.98913, 39.20252 ], [ -108.98913, 39.20305 ], [ -108.993, 39.20562 ], [ -108.99332, 39.20666 ], [ -108.99135, 39.20896 ], [ -108.99061, 39.21052 ], [ -108.99148, 39.21533 ], [ -108.99259, 39.21654 ], [ -108.99298, 39.21803 ], [ -108.99346, 39.21846 ], [ -108.99416, 39.21842 ], [ -108.99627, 39.21543 ], [ -108.99683, 39.2151 ], [ -108.99752, 39.21526 ], [ -109.00008, 39.21719 ], [ -109.00115, 39.21923 ], [ -109.00139, 39.22032 ], [ -109.00094, 39.22074 ] ] ] } },
{ "type": "Feature", "properties": { "c": "fire", "n": "Bittercrk", "d": "1986 · 2,489 acres" }, "geometry": { "type": "Polygon", "coordinates": [ [ [ -109.05683, 39.2449 ], [ -109.05691, 39.21876 ], [ -109.0557, 39.22141 ], [ -109.05438, 39.22167 ], [ -109.05319, 39.22116 ], [ -109.05265, 39.22153 ], [ -109.0524, 39.22286 ], [ -109.05122, 39.22318 ], [ -109.05059, 39.22416 ], [ -109.05099, 39.22637 ], [ -109.05199, 39.22762 ], [ -109.05206, 39.22878 ], [ -109.05127, 39.22988 ], [ -109.05198, 39.23072 ], [ -109.05201, 39.23128 ], [ -109.05152, 39.23188 ], [ -109.05161, 39.234 ], [ -109.0522, 39.23598 ], [ -109.05137, 39.23619 ], [ -109.05109, 39.23727 ], [ -109.05045, 39.23779 ], [ -109.0505, 39.23876 ], [ -109.05003, 39.2392 ], [ -109.05011, 39.23977 ], [ -109.05119, 39.24003 ], [ -109.05222, 39.24135 ], [ -109.05192, 39.24206 ], [ -109.05219, 39.244 ], [ -109.05319, 39.24652 ], [ -109.0532, 39.24701 ], [ -109.05284, 39.24707 ], [ -109.05255, 39.24668 ], [ -109.05179, 39.24666 ], [ -109.05145, 39.24747 ], [ -109.05166, 39.24835 ], [ -109.05346, 39.24916 ], [ -109.05448, 39.24912 ], [ -109.05518, 39.24726 ], [ -109.05643, 39.247 ], [ -109.05626, 39.24514 ], [ -109.05683, 39.2449 ] ] ] } },
{ "type": "Feature", "properties": { "c": "fire", "n": "Long Canyon", "d": "2002 · 1,374 acres" }, "geometry": { "type": "Polygon", "coordinates": [ [ [ -108.91537, 39.46007 ], [ -108.91531, 39.45864 ], [ -108.91658, 39.45788 ], [ -108.91606, 39.45646 ], [ -108.91673, 39.45629 ], [ -108.91811, 39.45707 ], [ -108.91875, 39.45674 ], [ -108.91879, 39.45624 ], [ -108.91851, 39.45524 ], [ -108.91882, 39.4548 ], [ -108.91829, 39.45352 ], [ -108.91734, 39.45268 ], [ -108.91701, 39.45052 ], [ -108.91618, 39.45003 ], [ -108.91608, 39.44948 ], [ -108.91637, 39.44915 ], [ -108.91977, 39.44811 ], [ -108.92187, 39.44799 ], [ -108.92203, 39.44738 ], [ -108.92065, 39.4449 ], [ -108.92023, 39.44331 ], [ -108.92159, 39.44198 ], [ -108.92348, 39.44265 ], [ -108.92414, 39.4424 ], [ -108.92412, 39.44032 ], [ -108.92534, 39.43984 ], [ -108.92606, 39.43989 ], [ -108.9259, 39.43894 ], [ -108.92492, 39.43653 ], [ -108.92332, 39.43423 ], [ -108.92312, 39.4331 ], [ -108.92363, 39.4322 ], [ -108.92299, 39.43178 ], [ -108.92214, 39.43169 ], [ -108.92167, 39.43198 ], [ -108.92011, 39.43156 ], [ -108.91824, 39.43051 ], [ -108.91619, 39.43043 ], [ -108.91153, 39.43117 ], [ -108.90985, 39.43034 ], [ -108.90912, 39.42882 ], [ -108.90804, 39.42859 ], [ -108.90737, 39.42952 ], [ -108.907, 39.43113 ], [ -108.90918, 39.43384 ], [ -108.90897, 39.43427 ], [ -108.90826, 39.43435 ], [ -108.90759, 39.43292 ], [ -108.90644, 39.43269 ], [ -108.9064, 39.43439 ], [ -108.90513, 39.43429 ], [ -108.90578, 39.43636 ], [ -108.90367, 39.4379 ], [ -108.90156, 39.43784 ], [ -108.90185, 39.4389 ], [ -108.90433, 39.44041 ], [ -108.90483, 39.44116 ], [ -108.90352, 39.44577 ], [ -108.9029, 39.44644 ], [ -108.90218, 39.44651 ], [ -108.90174, 39.44608 ], [ -108.90096, 39.44283 ], [ -108.90034, 39.44254 ], [ -108.89961, 39.44259 ], [ -108.89927, 39.44308 ], [ -108.89967, 39.44628 ], [ -108.8981, 39.44546 ], [ -108.89711, 39.44591 ], [ -108.89785, 39.44673 ], [ -108.89775, 39.44728 ], [ -108.89646, 39.44774 ], [ -108.89755, 39.4513 ], [ -108.89655, 39.45145 ], [ -108.89654, 39.45269 ], [ -108.89604, 39.45279 ], [ -108.89423, 39.45445 ], [ -108.89302, 39.45495 ], [ -108.89337, 39.45543 ], [ -108.89404, 39.45561 ], [ -108.89607, 39.45559 ], [ -108.89676, 39.45718 ], [ -108.89546, 39.45907 ], [ -108.89484, 39.45934 ], [ -108.89483, 39.46039 ], [ -108.89373, 39.46166 ], [ -108.89373, 39.46271 ], [ -108.89153, 39.46433 ], [ -108.88999, 39.46616 ], [ -108.89019, 39.46782 ], [ -108.89086, 39.46805 ], [ -108.89153, 39.46788 ], [ -108.89566, 39.46419 ], [ -108.89697, 39.46374 ], [ -108.8976, 39.46297 ], [ -108.89939, 39.46333 ], [ -108.90198, 39.4627 ], [ -108.90135, 39.46034 ], [ -108.89894, 39.45848 ], [ -108.8988, 39.45795 ], [ -108.89924, 39.45688 ], [ -108.90316, 39.45669 ], [ -108.90297, 39.45587 ], [ -108.90154, 39.45551 ], [ -108.90155, 39.4538 ], [ -108.90368, 39.45395 ], [ -108.90492, 39.45359 ], [ -108.90623, 39.45401 ], [ -108.90781, 39.45514 ], [ -108.90787, 39.45729 ], [ -108.90911, 39.45757 ], [ -108.90966, 39.45858 ], [ -108.91168, 39.45852 ], [ -108.91244, 39.45941 ], [ -108.91377, 39.45975 ], [ -108.91456, 39.46041 ], [ -108.91537, 39.46007 ] ] ] } },
{ "type": "Feature", "properties": { "c": "fire", "n": "Rat Hole", "d": "1999 · 1,430 acres" }, "geometry": { "type": "Polygon", "coordinates": [ [ [ -109.05708, 39.55507 ], [ -109.0572, 39.55209 ], [ -109.05618, 39.55259 ], [ -109.05566, 39.55344 ], [ -109.0559, 39.55479 ], [ -109.05708, 39.55507 ] ] ] } },
{ "type": "Feature", "properties": { "c": "fire", "n": "Cosgrove", "d": "2011 · 1,736 acres" }, "geometry": { "type": "Polygon", "coordinates": [ [ [ -108.44311, 39.2495 ], [ -108.44256, 39.24933 ], [ -108.44227, 39.24808 ], [ -108.4403, 39.24755 ], [ -108.43816, 39.24771 ], [ -108.43773, 39.24696 ], [ -108.43667, 39.24386 ], [ -108.43797, 39.2423 ], [ -108.43871, 39.24006 ], [ -108.43926, 39.23543 ], [ -108.43821, 39.23371 ], [ -108.43705, 39.23348 ], [ -108.43468, 39.2336 ], [ -108.43278, 39.23477 ], [ -108.4313, 39.234 ], [ -108.42841, 39.23463 ], [ -108.42681, 39.23399 ], [ -108.42613, 39.23223 ], [ -108.42555, 39.23195 ], [ -108.41969, 39.23265 ], [ -108.41908, 39.23134 ], [ -108.41853, 39.23117 ], [ -108.41802, 39.23036 ], [ -108.41685, 39.23008 ], [ -108.41568, 39.23025 ], [ -108.41461, 39.22973 ], [ -108.41454, 39.22928 ], [ -108.41523, 39.22853 ], [ -108.41381, 39.22764 ], [ -108.41324, 39.22741 ], [ -108.41268, 39.22764 ], [ -108.412, 39.22891 ], [ -108.41113, 39.2282 ], [ -108.40757, 39.22838 ], [ -108.40713, 39.22757 ], [ -108.40475, 39.22723 ], [ -108.4035, 39.22565 ], [ -108.40234, 39.22582 ], [ -108.39932, 39.22744 ], [ -108.39691, 39.22733 ], [ -108.39518, 39.22688 ], [ -108.3949, 39.22828 ], [ -108.39365, 39.22932 ], [ -108.39351, 39.22979 ], [ -108.39359, 39.23024 ], [ -108.39586, 39.23258 ], [ -108.39613, 39.23336 ], [ -108.39856, 39.23477 ], [ -108.39938, 39.23434 ], [ -108.40007, 39.23445 ], [ -108.4009, 39.23619 ], [ -108.40402, 39.23908 ], [ -108.40495, 39.23973 ], [ -108.40612, 39.24001 ], [ -108.40651, 39.24226 ], [ -108.40823, 39.24226 ], [ -108.41062, 39.24396 ], [ -108.40995, 39.24529 ], [ -108.41106, 39.24563 ], [ -108.41223, 39.24546 ], [ -108.41365, 39.24457 ], [ -108.41477, 39.24497 ], [ -108.41513, 39.24534 ], [ -108.41499, 39.24581 ], [ -108.41403, 39.24636 ], [ -108.41389, 39.24769 ], [ -108.41505, 39.24877 ], [ -108.41881, 39.25063 ], [ -108.42062, 39.25067 ], [ -108.42098, 39.25104 ], [ -108.42215, 39.25132 ], [ -108.42369, 39.25065 ], [ -108.42398, 39.25017 ], [ -108.42352, 39.24838 ], [ -108.42234, 39.24679 ], [ -108.42174, 39.24673 ], [ -108.42166, 39.24628 ], [ -108.4225, 39.24595 ], [ -108.42317, 39.24505 ], [ -108.42556, 39.24503 ], [ -108.42549, 39.24459 ], [ -108.42679, 39.24388 ], [ -108.42799, 39.24519 ], [ -108.42855, 39.24542 ], [ -108.43094, 39.24535 ], [ -108.43109, 39.24579 ], [ -108.43086, 39.24622 ], [ -108.42698, 39.2464 ], [ -108.42549, 39.24893 ], [ -108.42437, 39.24938 ], [ -108.4246, 39.25119 ], [ -108.42517, 39.25142 ], [ -108.42747, 39.2509 ], [ -108.43015, 39.24989 ], [ -108.43044, 39.25032 ], [ -108.43046, 39.25214 ], [ -108.43083, 39.25256 ], [ -108.43257, 39.25267 ], [ -108.43381, 39.25375 ], [ -108.43502, 39.25386 ], [ -108.43602, 39.25444 ], [ -108.43685, 39.25573 ], [ -108.43806, 39.25584 ], [ -108.4388, 39.25662 ], [ -108.44023, 39.25665 ], [ -108.44267, 39.2564 ], [ -108.44345, 39.25535 ], [ -108.44779, 39.25189 ], [ -108.44723, 39.25166 ], [ -108.44746, 39.25124 ], [ -108.44939, 39.24971 ], [ -108.44911, 39.24821 ], [ -108.44799, 39.24781 ], [ -108.44311, 39.2495 ] ] ] } },
{ "type": "Feature", "properties": { "c": "fire", "n": "Hatchet", "d": "1996 · 5,686 acres" }, "geometry": { "type": "Polygon", "coordinates": [ [ [ -108.66112, 39.40276 ], [ -108.66217, 39.40279 ], [ -108.66266, 39.40319 ], [ -108.66347, 39.40577 ], [ -108.66454, 39.40652 ], [ -108.66467, 39.40705 ], [ -108.66347, 39.40761 ], [ -108.6633, 39.40864 ], [ -108.66382, 39.40901 ], [ -108.66524, 39.40903 ], [ -108.66653, 39.40952 ], [ -108.66865, 39.40928 ], [ -108.67202, 39.40837 ], [ -108.67315, 39.40778 ], [ -108.67441, 39.40647 ], [ -108.67632, 39.40576 ], [ -108.67701, 39.40564 ], [ -108.67837, 39.40599 ], [ -108.67969, 39.40564 ], [ -108.67998, 39.40191 ], [ -108.6792, 39.39753 ], [ -108.67961, 39.39599 ], [ -108.6788, 39.38956 ], [ -108.67936, 39.38884 ], [ -108.67914, 39.38835 ], [ -108.67841, 39.38825 ], [ -108.67768, 39.38724 ], [ -108.67908, 39.3871 ], [ -108.67955, 39.38665 ], [ -108.67985, 39.38559 ], [ -108.68063, 39.38467 ], [ -108.6806, 39.38413 ], [ -108.68008, 39.38377 ], [ -108.68015, 39.38268 ], [ -108.6793, 39.38064 ], [ -108.67881, 39.38025 ], [ -108.6766, 39.37974 ], [ -108.67358, 39.38009 ], [ -108.67267, 39.37807 ], [ -108.67175, 39.37728 ], [ -108.67101, 39.37599 ], [ -108.66916, 39.37591 ], [ -108.66984, 39.37503 ], [ -108.67054, 39.37496 ], [ -108.67314, 39.37623 ], [ -108.67451, 39.37473 ], [ -108.67631, 39.3743 ], [ -108.67631, 39.37394 ], [ -108.6751, 39.37351 ], [ -108.67473, 39.37305 ], [ -108.67483, 39.3725 ], [ -108.67609, 39.37195 ], [ -108.67629, 39.37092 ], [ -108.67543, 39.37031 ], [ -108.67501, 39.36906 ], [ -108.67333, 39.36791 ], [ -108.66987, 39.36808 ], [ -108.67018, 39.36704 ], [ -108.66999, 39.36597 ], [ -108.66807, 39.36368 ], [ -108.66783, 39.36269 ], [ -108.66604, 39.36197 ], [ -108.66445, 39.36188 ], [ -108.66399, 39.36146 ], [ -108.6638, 39.36026 ], [ -108.66259, 39.35924 ], [ -108.66247, 39.35871 ], [ -108.66339, 39.3579 ], [ -108.66343, 39.35736 ], [ -108.66203, 39.35713 ], [ -108.66049, 39.35742 ], [ -108.65868, 39.35897 ], [ -108.65814, 39.3591 ], [ -108.65779, 39.36027 ], [ -108.65494, 39.36113 ], [ -108.65449, 39.36154 ], [ -108.65416, 39.36426 ], [ -108.65299, 39.36497 ], [ -108.65247, 39.36601 ], [ -108.65147, 39.3668 ], [ -108.65032, 39.36744 ], [ -108.64893, 39.36763 ], [ -108.64865, 39.36712 ], [ -108.64875, 39.36548 ], [ -108.65041, 39.3613 ], [ -108.65133, 39.36049 ], [ -108.65282, 39.36014 ], [ -108.65343, 39.35919 ], [ -108.65301, 39.35869 ], [ -108.65194, 39.35854 ], [ -108.65179, 39.35766 ], [ -108.65124, 39.35728 ], [ -108.65049, 39.35728 ], [ -108.64813, 39.35904 ], [ -108.64674, 39.35921 ], [ -108.64549, 39.36111 ], [ -108.64249, 39.36338 ], [ -108.64249, 39.36447 ], [ -108.64212, 39.36492 ], [ -108.64142, 39.365 ], [ -108.64019, 39.36412 ], [ -108.63883, 39.36426 ], [ -108.63781, 39.36507 ], [ -108.63711, 39.36497 ], [ -108.6362, 39.36417 ], [ -108.63547, 39.3641 ], [ -108.63407, 39.36533 ], [ -108.63277, 39.36568 ], [ -108.63196, 39.36712 ], [ -108.63127, 39.36724 ], [ -108.62984, 39.36608 ], [ -108.62892, 39.36599 ], [ -108.62848, 39.36623 ], [ -108.62823, 39.36723 ], [ -108.62615, 39.36865 ], [ -108.62602, 39.36974 ], [ -108.62481, 39.37163 ], [ -108.62362, 39.37254 ], [ -108.62409, 39.37519 ], [ -108.62508, 39.37711 ], [ -108.62634, 39.37841 ], [ -108.62678, 39.38026 ], [ -108.62444, 39.38087 ], [ -108.62279, 39.38323 ], [ -108.6206, 39.38387 ], [ -108.62024, 39.38494 ], [ -108.62062, 39.38766 ], [ -108.62116, 39.38889 ], [ -108.61919, 39.39042 ], [ -108.61921, 39.39256 ], [ -108.61769, 39.39367 ], [ -108.61715, 39.39464 ], [ -108.61645, 39.39454 ], [ -108.61611, 39.39406 ], [ -108.61534, 39.39412 ], [ -108.61419, 39.39571 ], [ -108.61439, 39.39627 ], [ -108.61571, 39.39747 ], [ -108.61523, 39.39787 ], [ -108.61517, 39.39852 ], [ -108.61643, 39.39954 ], [ -108.62128, 39.3992 ], [ -108.6216, 39.39968 ], [ -108.6215, 39.40024 ], [ -108.61845, 39.40151 ], [ -108.61863, 39.40474 ], [ -108.61781, 39.40561 ], [ -108.61794, 39.40725 ], [ -108.61838, 39.40826 ], [ -108.61958, 39.40883 ], [ -108.62224, 39.40866 ], [ -108.62325, 39.40782 ], [ -108.62325, 39.40713 ], [ -108.62273, 39.40634 ], [ -108.62286, 39.40579 ], [ -108.62354, 39.40562 ], [ -108.62705, 39.40534 ], [ -108.6274, 39.40582 ], [ -108.62733, 39.40691 ], [ -108.62776, 39.40733 ], [ -108.62863, 39.40748 ], [ -108.62972, 39.40613 ], [ -108.63043, 39.40615 ], [ -108.63161, 39.40677 ], [ -108.63301, 39.4068 ], [ -108.633, 39.40615 ], [ -108.6322, 39.40536 ], [ -108.63254, 39.40488 ], [ -108.6346, 39.40518 ], [ -108.63512, 39.40574 ], [ -108.6376, 39.40542 ], [ -108.63978, 39.40466 ], [ -108.6405, 39.40471 ], [ -108.64139, 39.40553 ], [ -108.64274, 39.40586 ], [ -108.64418, 39.40702 ], [ -108.64483, 39.40799 ], [ -108.64487, 39.40991 ], [ -108.64526, 39.41058 ], [ -108.64708, 39.40985 ], [ -108.64721, 39.40843 ], [ -108.64789, 39.40827 ], [ -108.65064, 39.40897 ], [ -108.65351, 39.40912 ], [ -108.65481, 39.4096 ], [ -108.65585, 39.40933 ], [ -108.65582, 39.40825 ], [ -108.6556, 39.40718 ], [ -108.65514, 39.40676 ], [ -108.65379, 39.40663 ], [ -108.65324, 39.40629 ], [ -108.65399, 39.40543 ], [ -108.65333, 39.4033 ], [ -108.6537, 39.4023 ], [ -108.65519, 39.40117 ], [ -108.65867, 39.40074 ], [ -108.66048, 39.40146 ], [ -108.66112, 39.40276 ] ] ] } },
{ "type": "Feature", "properties": { "c": "fire", "n": "Pine Gulch", "d": "2020 · 138,178 acres" }, "geometry": { "type": "Polygon", "coordinates": [ [ [ -108.4217, 39.38001 ], [ -108.42128, 39.3815 ], [ -108.41865, 39.38298 ], [ -108.41721, 39.38291 ], [ -108.41634, 39.38129 ], [ -108.41532, 39.38148 ], [ -108.41403, 39.38222 ], [ -108.4166, 39.38462 ], [ -108.41546, 39.38527 ], [ -108.41389, 39.38545 ], [ -108.41403, 39.38721 ], [ -108.41497, 39.38825 ], [ -108.41601, 39.38775 ], [ -108.41709, 39.3867 ], [ -108.4172, 39.38553 ], [ -108.41925, 39.38457 ], [ -108.42158, 39.3846 ], [ -108.42269, 39.38539 ], [ -108.42267, 39.38599 ], [ -108.42314, 39.38659 ], [ -108.42611, 39.38597 ], [ -108.42627, 39.38643 ], [ -108.42543, 39.38757 ], [ -108.4251, 39.38941 ], [ -108.42588, 39.39062 ], [ -108.42625, 39.39282 ], [ -108.42579, 39.39445 ], [ -108.42252, 39.39481 ], [ -108.42099, 39.39726 ], [ -108.41984, 39.40072 ], [ -108.41845, 39.40204 ], [ -108.41857, 39.40309 ], [ -108.41707, 39.40508 ], [ -108.41499, 39.40541 ], [ -108.41243, 39.40533 ], [ -108.41026, 39.40737 ], [ -108.41058, 39.40886 ], [ -108.41184, 39.41017 ], [ -108.41176, 39.41096 ], [ -108.41242, 39.41189 ], [ -108.41321, 39.41214 ], [ -108.4136, 39.41353 ], [ -108.40821, 39.41368 ], [ -108.40831, 39.41474 ], [ -108.40885, 39.41544 ], [ -108.4125, 39.41796 ], [ -108.4104, 39.42018 ], [ -108.41131, 39.42117 ], [ -108.41113, 39.42418 ], [ -108.41177, 39.42422 ], [ -108.41283, 39.42324 ], [ -108.41402, 39.42283 ], [ -108.4151, 39.42323 ], [ -108.41556, 39.42396 ], [ -108.41516, 39.4245 ], [ -108.41388, 39.42471 ], [ -108.41266, 39.42541 ], [ -108.41055, 39.42851 ], [ -108.40885, 39.42903 ], [ -108.40531, 39.42693 ], [ -108.40194, 39.42629 ], [ -108.40057, 39.42391 ], [ -108.39923, 39.42352 ], [ -108.3984, 39.42367 ], [ -108.39797, 39.42281 ], [ -108.39673, 39.42337 ], [ -108.39551, 39.4224 ], [ -108.39434, 39.42211 ], [ -108.39387, 39.42154 ], [ -108.39251, 39.42117 ], [ -108.39129, 39.42043 ], [ -108.38947, 39.42012 ], [ -108.38852, 39.41919 ], [ -108.3889, 39.41887 ], [ -108.38729, 39.41859 ], [ -108.38571, 39.41744 ], [ -108.38486, 39.41729 ], [ -108.38476, 39.41689 ], [ -108.38409, 39.41712 ], [ -108.38359, 39.41651 ], [ -108.38179, 39.4165 ], [ -108.38136, 39.41707 ], [ -108.37996, 39.4166 ], [ -108.37897, 39.41724 ], [ -108.37861, 39.41809 ], [ -108.37753, 39.41903 ], [ -108.37524, 39.41877 ], [ -108.37425, 39.41913 ], [ -108.37304, 39.4188 ], [ -108.37252, 39.4197 ], [ -108.37138, 39.42021 ], [ -108.37009, 39.4197 ], [ -108.36801, 39.41789 ], [ -108.36727, 39.41808 ], [ -108.36591, 39.41913 ], [ -108.36248, 39.41942 ], [ -108.35988, 39.41922 ], [ -108.35707, 39.41776 ], [ -108.355, 39.41832 ], [ -108.35204, 39.41764 ], [ -108.34828, 39.41857 ], [ -108.34306, 39.41653 ], [ -108.34172, 39.41421 ], [ -108.3408, 39.41364 ], [ -108.33686, 39.41389 ], [ -108.33553, 39.41311 ], [ -108.33342, 39.41252 ], [ -108.33248, 39.41272 ], [ -108.33172, 39.41241 ], [ -108.33176, 39.41379 ], [ -108.33111, 39.41488 ], [ -108.33028, 39.41477 ], [ -108.32668, 39.41614 ], [ -108.3242, 39.41645 ], [ -108.32335, 39.41568 ], [ -108.32021, 39.41472 ], [ -108.32, 39.41413 ], [ -108.31776, 39.41214 ], [ -108.31784, 39.4115 ], [ -108.31735, 39.41139 ], [ -108.31338, 39.41366 ], [ -108.31303, 39.41546 ], [ -108.31255, 39.4156 ], [ -108.31232, 39.41518 ], [ -108.31109, 39.4159 ], [ -108.30979, 39.41614 ], [ -108.31013, 39.41668 ], [ -108.30904, 39.41751 ], [ -108.3089, 39.4186 ], [ -108.31031, 39.42024 ], [ -108.30927, 39.42259 ], [ -108.31042, 39.4237 ], [ -108.3122, 39.42373 ], [ -108.31196, 39.42468 ], [ -108.31231, 39.42514 ], [ -108.31091, 39.42613 ], [ -108.31053, 39.42744 ], [ -108.30825, 39.43032 ], [ -108.30697, 39.42973 ], [ -108.30579, 39.42872 ], [ -108.30542, 39.42811 ], [ -108.3056, 39.42744 ], [ -108.30424, 39.42693 ], [ -108.30159, 39.42793 ], [ -108.30056, 39.42882 ], [ -108.30158, 39.4311 ], [ -108.30107, 39.43242 ], [ -108.30195, 39.43295 ], [ -108.30468, 39.43211 ], [ -108.3049, 39.43321 ], [ -108.30189, 39.43467 ], [ -108.30101, 39.43484 ], [ -108.3, 39.43452 ], [ -108.29979, 39.43519 ], [ -108.29665, 39.43601 ], [ -108.29258, 39.43515 ], [ -108.2929, 39.43606 ], [ -108.29444, 39.4378 ], [ -108.29497, 39.43945 ], [ -108.29798, 39.44205 ], [ -108.30365, 39.4447 ], [ -108.30523, 39.44574 ], [ -108.30908, 39.44738 ], [ -108.31083, 39.44746 ], [ -108.31299, 39.4485 ], [ -108.31346, 39.44883 ], [ -108.31372, 39.45032 ], [ -108.31455, 39.4508 ], [ -108.31549, 39.45002 ], [ -108.31625, 39.45013 ], [ -108.31871, 39.45407 ], [ -108.32125, 39.45482 ], [ -108.32651, 39.45503 ], [ -108.32896, 39.45671 ], [ -108.32843, 39.45855 ], [ -108.32664, 39.45895 ], [ -108.32468, 39.4612 ], [ -108.32589, 39.46296 ], [ -108.32527, 39.46357 ], [ -108.32598, 39.46528 ], [ -108.32518, 39.46623 ], [ -108.32546, 39.46712 ], [ -108.33016, 39.47072 ], [ -108.33051, 39.47237 ], [ -108.33013, 39.47359 ], [ -108.33041, 39.47522 ], [ -108.33138, 39.4754 ], [ -108.33133, 39.47682 ], [ -108.33304, 39.47806 ], [ -108.3337, 39.47978 ], [ -108.33377, 39.48019 ], [ -108.33302, 39.48072 ], [ -108.33111, 39.48118 ], [ -108.33091, 39.48244 ], [ -108.32995, 39.48386 ], [ -108.33004, 39.48435 ], [ -108.33117, 39.48465 ], [ -108.33327, 39.4843 ], [ -108.3347, 39.48352 ], [ -108.33642, 39.48335 ], [ -108.34051, 39.48482 ], [ -108.34678, 39.48804 ], [ -108.3506, 39.48894 ], [ -108.35872, 39.49001 ], [ -108.36077, 39.49108 ], [ -108.36503, 39.49208 ], [ -108.3668, 39.49295 ], [ -108.36792, 39.49389 ], [ -108.36987, 39.49438 ], [ -108.37117, 39.4953 ], [ -108.37314, 39.49589 ], [ -108.37785, 39.49674 ], [ -108.38415, 39.49872 ], [ -108.38568, 39.49889 ], [ -108.38659, 39.49825 ], [ -108.38749, 39.49825 ], [ -108.38915, 39.4995 ], [ -108.39193, 39.50096 ], [ -108.39469, 39.50197 ], [ -108.39575, 39.50291 ], [ -108.39542, 39.50377 ], [ -108.39414, 39.5049 ], [ -108.3999, 39.50639 ], [ -108.40488, 39.50646 ], [ -108.41045, 39.5071 ], [ -108.4157, 39.50664 ], [ -108.41811, 39.50609 ], [ -108.42084, 39.50616 ], [ -108.41959, 39.50515 ], [ -108.41942, 39.50453 ], [ -108.41983, 39.50412 ], [ -108.42366, 39.50433 ], [ -108.42562, 39.50386 ], [ -108.42619, 39.50335 ], [ -108.4272, 39.50361 ], [ -108.4297, 39.50313 ], [ -108.43076, 39.5033 ], [ -108.43244, 39.50437 ], [ -108.43417, 39.50424 ], [ -108.43512, 39.50456 ], [ -108.43729, 39.50457 ], [ -108.44019, 39.50533 ], [ -108.44399, 39.50504 ], [ -108.44727, 39.50563 ], [ -108.4493, 39.50552 ], [ -108.45302, 39.5072 ], [ -108.45633, 39.50723 ], [ -108.45819, 39.50824 ], [ -108.45898, 39.50898 ], [ -108.45923, 39.50973 ], [ -108.46191, 39.51029 ], [ -108.46464, 39.51212 ], [ -108.46747, 39.51223 ], [ -108.46799, 39.5118 ], [ -108.46914, 39.51186 ], [ -108.46969, 39.51143 ], [ -108.47678, 39.50966 ], [ -108.48093, 39.50934 ], [ -108.48265, 39.50985 ], [ -108.48679, 39.5098 ], [ -108.49613, 39.50702 ], [ -108.50001, 39.50729 ], [ -108.50222, 39.50692 ], [ -108.50728, 39.505 ], [ -108.51033, 39.50529 ], [ -108.51226, 39.5049 ], [ -108.51309, 39.50542 ], [ -108.51411, 39.50462 ], [ -108.51499, 39.50471 ], [ -108.51537, 39.504 ], [ -108.51619, 39.50456 ], [ -108.51717, 39.50433 ], [ -108.51834, 39.50484 ], [ -108.51902, 39.50401 ], [ -108.51936, 39.50402 ], [ -108.52406, 39.50628 ], [ -108.52682, 39.50601 ], [ -108.52748, 39.50635 ], [ -108.52891, 39.50644 ], [ -108.53012, 39.50515 ], [ -108.5334, 39.5043 ], [ -108.54037, 39.50537 ], [ -108.54174, 39.50532 ], [ -108.5437, 39.50473 ], [ -108.54572, 39.50498 ], [ -108.54719, 39.50466 ], [ -108.5502, 39.50471 ], [ -108.55298, 39.50423 ], [ -108.55377, 39.50514 ], [ -108.55493, 39.50536 ], [ -108.55518, 39.50619 ], [ -108.55607, 39.50637 ], [ -108.55692, 39.50709 ], [ -108.55872, 39.50655 ], [ -108.55996, 39.5056 ], [ -108.56309, 39.50669 ], [ -108.56848, 39.50969 ], [ -108.56933, 39.51135 ], [ -108.56936, 39.51363 ], [ -108.57171, 39.51658 ], [ -108.57236, 39.51872 ], [ -108.57553, 39.52027 ], [ -108.57631, 39.52125 ], [ -108.58151, 39.5223 ], [ -108.58402, 39.52333 ], [ -108.5899, 39.52463 ], [ -108.59164, 39.52441 ], [ -108.59303, 39.52368 ], [ -108.59626, 39.52372 ], [ -108.60057, 39.52326 ], [ -108.60306, 39.52427 ], [ -108.60426, 39.5241 ], [ -108.60966, 39.52459 ], [ -108.61102, 39.52537 ], [ -108.61467, 39.52558 ], [ -108.61746, 39.52509 ], [ -108.61905, 39.5262 ], [ -108.61992, 39.52647 ], [ -108.62127, 39.52632 ], [ -108.62437, 39.52502 ], [ -108.62604, 39.52544 ], [ -108.62731, 39.52624 ], [ -108.62843, 39.52595 ], [ -108.6309, 39.5239 ], [ -108.63418, 39.52235 ], [ -108.63536, 39.52029 ], [ -108.639, 39.51632 ], [ -108.63969, 39.51466 ], [ -108.64118, 39.51341 ], [ -108.64063, 39.51071 ], [ -108.64261, 39.50896 ], [ -108.64376, 39.50971 ], [ -108.64505, 39.51122 ], [ -108.64518, 39.51194 ], [ -108.64447, 39.51375 ], [ -108.64483, 39.5144 ], [ -108.64633, 39.51439 ], [ -108.64711, 39.51371 ], [ -108.64643, 39.51154 ], [ -108.64804, 39.50978 ], [ -108.64851, 39.50868 ], [ -108.65072, 39.50891 ], [ -108.65166, 39.51014 ], [ -108.65326, 39.51002 ], [ -108.65437, 39.50913 ], [ -108.65579, 39.50867 ], [ -108.65881, 39.50909 ], [ -108.66468, 39.51165 ], [ -108.66718, 39.51222 ], [ -108.67095, 39.51206 ], [ -108.67235, 39.51251 ], [ -108.67349, 39.51253 ], [ -108.67476, 39.51186 ], [ -108.67734, 39.51146 ], [ -108.67996, 39.51165 ], [ -108.68099, 39.51241 ], [ -108.68146, 39.51332 ], [ -108.68556, 39.51341 ], [ -108.68695, 39.51308 ], [ -108.68801, 39.51366 ], [ -108.68923, 39.51376 ], [ -108.69076, 39.5132 ], [ -108.69273, 39.51313 ], [ -108.69393, 39.51241 ], [ -108.69546, 39.51221 ], [ -108.69657, 39.51338 ], [ -108.69699, 39.51338 ], [ -108.6981, 39.51254 ], [ -108.70144, 39.51201 ], [ -108.70384, 39.51026 ], [ -108.70666, 39.50924 ], [ -108.70767, 39.50776 ], [ -108.71271, 39.50432 ], [ -108.71293, 39.50489 ], [ -108.71237, 39.50577 ], [ -108.71238, 39.50687 ], [ -108.7134, 39.50654 ], [ -108.7156, 39.50434 ], [ -108.717, 39.50169 ], [ -108.71708, 39.50081 ], [ -108.71663, 39.49994 ], [ -108.71709, 39.49948 ], [ -108.71817, 39.49914 ], [ -108.71834, 39.49876 ], [ -108.72596, 39.49729 ], [ -108.72809, 39.49776 ], [ -108.73263, 39.49725 ], [ -108.73547, 39.49732 ], [ -108.73893, 39.49615 ], [ -108.74011, 39.49529 ], [ -108.74352, 39.49421 ], [ -108.74605, 39.49217 ], [ -108.74721, 39.4899 ], [ -108.75065, 39.48625 ], [ -108.75229, 39.48531 ], [ -108.75401, 39.4838 ], [ -108.75442, 39.48175 ], [ -108.75619, 39.4808 ], [ -108.75774, 39.47911 ], [ -108.76042, 39.47768 ], [ -108.76733, 39.47165 ], [ -108.76976, 39.46928 ], [ -108.7703, 39.46735 ], [ -108.77148, 39.46573 ], [ -108.77344, 39.4642 ], [ -108.77328, 39.46184 ], [ -108.77356, 39.46026 ], [ -108.77414, 39.46003 ], [ -108.77519, 39.45628 ], [ -108.77473, 39.45459 ], [ -108.77562, 39.45028 ], [ -108.77718, 39.44825 ], [ -108.77777, 39.44556 ], [ -108.77992, 39.44207 ], [ -108.77951, 39.44128 ], [ -108.77841, 39.44041 ], [ -108.77723, 39.44094 ], [ -108.77466, 39.44378 ], [ -108.77304, 39.44407 ], [ -108.77284, 39.44564 ], [ -108.76823, 39.44773 ], [ -108.76579, 39.44807 ], [ -108.76624, 39.44947 ], [ -108.76741, 39.44948 ], [ -108.76894, 39.44896 ], [ -108.77036, 39.44913 ], [ -108.76995, 39.45022 ], [ -108.76668, 39.45104 ], [ -108.76626, 39.4517 ], [ -108.76984, 39.45352 ], [ -108.76761, 39.45367 ], [ -108.76441, 39.45259 ], [ -108.76329, 39.45173 ], [ -108.76191, 39.45168 ], [ -108.75976, 39.45064 ], [ -108.76063, 39.45035 ], [ -108.76152, 39.45056 ], [ -108.76338, 39.44975 ], [ -108.76433, 39.44807 ], [ -108.76421, 39.44672 ], [ -108.76013, 39.44716 ], [ -108.75921, 39.44685 ], [ -108.75888, 39.44619 ], [ -108.75794, 39.4461 ], [ -108.75796, 39.44461 ], [ -108.75622, 39.44523 ], [ -108.75581, 39.44619 ], [ -108.75446, 39.44736 ], [ -108.75323, 39.4495 ], [ -108.75094, 39.45211 ], [ -108.75078, 39.45464 ], [ -108.7502, 39.45479 ], [ -108.74986, 39.45607 ], [ -108.7501, 39.45826 ], [ -108.74898, 39.45969 ], [ -108.75058, 39.46128 ], [ -108.74984, 39.46187 ], [ -108.74725, 39.46119 ], [ -108.7458, 39.46032 ], [ -108.7441, 39.46071 ], [ -108.74272, 39.46239 ], [ -108.74119, 39.46157 ], [ -108.73943, 39.46211 ], [ -108.73903, 39.46044 ], [ -108.74037, 39.45905 ], [ -108.74045, 39.45834 ], [ -108.73962, 39.45778 ], [ -108.74044, 39.45696 ], [ -108.7405, 39.45641 ], [ -108.73969, 39.45527 ], [ -108.73864, 39.4547 ], [ -108.73726, 39.45563 ], [ -108.73726, 39.45612 ], [ -108.73542, 39.45597 ], [ -108.73425, 39.45785 ], [ -108.73172, 39.45755 ], [ -108.73029, 39.45809 ], [ -108.72814, 39.4584 ], [ -108.72759, 39.45822 ], [ -108.72777, 39.45773 ], [ -108.72884, 39.45712 ], [ -108.73029, 39.45692 ], [ -108.73067, 39.45554 ], [ -108.73045, 39.45457 ], [ -108.73481, 39.45366 ], [ -108.73492, 39.45223 ], [ -108.73559, 39.45046 ], [ -108.7371, 39.44925 ], [ -108.73847, 39.44877 ], [ -108.74088, 39.44618 ], [ -108.73824, 39.44591 ], [ -108.73759, 39.44629 ], [ -108.73704, 39.44567 ], [ -108.73716, 39.44527 ], [ -108.73672, 39.44508 ], [ -108.73554, 39.44544 ], [ -108.7355, 39.44505 ], [ -108.73382, 39.44554 ], [ -108.73067, 39.44491 ], [ -108.72934, 39.44546 ], [ -108.72896, 39.44535 ], [ -108.7288, 39.44434 ], [ -108.7298, 39.44268 ], [ -108.73229, 39.44245 ], [ -108.73276, 39.44189 ], [ -108.73293, 39.44084 ], [ -108.73207, 39.4393 ], [ -108.72987, 39.43957 ], [ -108.7286, 39.43869 ], [ -108.72791, 39.43954 ], [ -108.72637, 39.43873 ], [ -108.72476, 39.43833 ], [ -108.72378, 39.43855 ], [ -108.7215, 39.43846 ], [ -108.72068, 39.4376 ], [ -108.71981, 39.43729 ], [ -108.71992, 39.43643 ], [ -108.72061, 39.43636 ], [ -108.72293, 39.43446 ], [ -108.72332, 39.4328 ], [ -108.72255, 39.43261 ], [ -108.72191, 39.43093 ], [ -108.72037, 39.43035 ], [ -108.71918, 39.43123 ], [ -108.71763, 39.43129 ], [ -108.71679, 39.43017 ], [ -108.71733, 39.42989 ], [ -108.71721, 39.429 ], [ -108.71578, 39.42928 ], [ -108.71546, 39.42628 ], [ -108.71431, 39.42551 ], [ -108.71358, 39.42376 ], [ -108.71302, 39.4237 ], [ -108.71137, 39.42209 ], [ -108.7111, 39.42129 ], [ -108.71053, 39.42108 ], [ -108.71048, 39.41856 ], [ -108.70969, 39.41821 ], [ -108.70906, 39.41867 ], [ -108.70738, 39.41815 ], [ -108.70814, 39.41753 ], [ -108.71007, 39.41705 ], [ -108.70932, 39.41577 ], [ -108.7075, 39.41547 ], [ -108.70654, 39.41727 ], [ -108.70594, 39.41643 ], [ -108.70457, 39.41598 ], [ -108.70552, 39.41432 ], [ -108.70538, 39.41342 ], [ -108.70396, 39.41324 ], [ -108.70248, 39.41152 ], [ -108.69958, 39.41378 ], [ -108.69746, 39.41272 ], [ -108.69711, 39.4117 ], [ -108.69641, 39.41125 ], [ -108.69649, 39.41036 ], [ -108.69868, 39.40946 ], [ -108.6988, 39.40809 ], [ -108.6996, 39.40739 ], [ -108.7007, 39.40705 ], [ -108.70188, 39.40598 ], [ -108.70286, 39.40575 ], [ -108.70379, 39.40461 ], [ -108.70492, 39.40412 ], [ -108.7056, 39.40257 ], [ -108.705, 39.40154 ], [ -108.70436, 39.40118 ], [ -108.70351, 39.40122 ], [ -108.70287, 39.40186 ], [ -108.70105, 39.40205 ], [ -108.70194, 39.39966 ], [ -108.70094, 39.39765 ], [ -108.69942, 39.3983 ], [ -108.69776, 39.39791 ], [ -108.69717, 39.39908 ], [ -108.69747, 39.39974 ], [ -108.69723, 39.39996 ], [ -108.69165, 39.39994 ], [ -108.68877, 39.40076 ], [ -108.6878, 39.39878 ], [ -108.68765, 39.39754 ], [ -108.68685, 39.39762 ], [ -108.68589, 39.39728 ], [ -108.68543, 39.39836 ], [ -108.68388, 39.39839 ], [ -108.68255, 39.39944 ], [ -108.68211, 39.40043 ], [ -108.6809, 39.40055 ], [ -108.67966, 39.39944 ], [ -108.67893, 39.40137 ], [ -108.67823, 39.40128 ], [ -108.67759, 39.40222 ], [ -108.67685, 39.4017 ], [ -108.67515, 39.40162 ], [ -108.67517, 39.40241 ], [ -108.67292, 39.40243 ], [ -108.67453, 39.40105 ], [ -108.67642, 39.40036 ], [ -108.67733, 39.39925 ], [ -108.67685, 39.398 ], [ -108.67721, 39.39698 ], [ -108.677, 39.39569 ], [ -108.67639, 39.39485 ], [ -108.67598, 39.39477 ], [ -108.67479, 39.39561 ], [ -108.67421, 39.39785 ], [ -108.67352, 39.39777 ], [ -108.67308, 39.39712 ], [ -108.67252, 39.39701 ], [ -108.67201, 39.39711 ], [ -108.672, 39.3976 ], [ -108.67082, 39.39757 ], [ -108.67027, 39.39726 ], [ -108.66966, 39.39765 ], [ -108.66833, 39.39779 ], [ -108.66818, 39.39827 ], [ -108.6671, 39.39909 ], [ -108.66777, 39.39979 ], [ -108.66771, 39.40119 ], [ -108.66617, 39.40025 ], [ -108.66508, 39.4007 ], [ -108.66544, 39.40185 ], [ -108.66662, 39.40234 ], [ -108.66617, 39.40339 ], [ -108.6646, 39.4036 ], [ -108.6611, 39.40615 ], [ -108.66009, 39.40572 ], [ -108.65793, 39.40585 ], [ -108.65724, 39.40423 ], [ -108.65663, 39.40401 ], [ -108.65443, 39.40512 ], [ -108.65352, 39.40521 ], [ -108.65382, 39.404 ], [ -108.65344, 39.40314 ], [ -108.65311, 39.40385 ], [ -108.65225, 39.4044 ], [ -108.65143, 39.40401 ], [ -108.65106, 39.40332 ], [ -108.65048, 39.40342 ], [ -108.64873, 39.40535 ], [ -108.64816, 39.40364 ], [ -108.64707, 39.4026 ], [ -108.6464, 39.4023 ], [ -108.64402, 39.40298 ], [ -108.64402, 39.40254 ], [ -108.64297, 39.40159 ], [ -108.64036, 39.40052 ], [ -108.63921, 39.40043 ], [ -108.63744, 39.40267 ], [ -108.63798, 39.4034 ], [ -108.639, 39.40312 ], [ -108.63939, 39.40345 ], [ -108.63706, 39.40434 ], [ -108.63361, 39.4062 ], [ -108.63028, 39.40965 ], [ -108.62884, 39.41026 ], [ -108.62814, 39.41017 ], [ -108.62813, 39.40961 ], [ -108.62635, 39.40903 ], [ -108.62472, 39.40627 ], [ -108.62391, 39.40572 ], [ -108.62299, 39.40571 ], [ -108.62173, 39.40475 ], [ -108.62117, 39.40372 ], [ -108.62191, 39.40207 ], [ -108.62137, 39.40183 ], [ -108.62147, 39.40118 ], [ -108.62093, 39.40048 ], [ -108.61697, 39.401 ], [ -108.61549, 39.40065 ], [ -108.61189, 39.40046 ], [ -108.61076, 39.39984 ], [ -108.61068, 39.3993 ], [ -108.60916, 39.39764 ], [ -108.60917, 39.39592 ], [ -108.60998, 39.39638 ], [ -108.61087, 39.3963 ], [ -108.61124, 39.39692 ], [ -108.61292, 39.39796 ], [ -108.61587, 39.39668 ], [ -108.61655, 39.39714 ], [ -108.61688, 39.39789 ], [ -108.61791, 39.39793 ], [ -108.61881, 39.39732 ], [ -108.61896, 39.3965 ], [ -108.62021, 39.39531 ], [ -108.62095, 39.3951 ], [ -108.6204, 39.39411 ], [ -108.62125, 39.39315 ], [ -108.62112, 39.39171 ], [ -108.62209, 39.39036 ], [ -108.62348, 39.39071 ], [ -108.62441, 39.39297 ], [ -108.62526, 39.39404 ], [ -108.62793, 39.39237 ], [ -108.62973, 39.39261 ], [ -108.62998, 39.39412 ], [ -108.62897, 39.39467 ], [ -108.62941, 39.39546 ], [ -108.63321, 39.39371 ], [ -108.63619, 39.39307 ], [ -108.63733, 39.39171 ], [ -108.63775, 39.39214 ], [ -108.63826, 39.39214 ], [ -108.63884, 39.39117 ], [ -108.63925, 39.39164 ], [ -108.64035, 39.39138 ], [ -108.64069, 39.39187 ], [ -108.64114, 39.39175 ], [ -108.64186, 39.38929 ], [ -108.64077, 39.38981 ], [ -108.64006, 39.38971 ], [ -108.64028, 39.38834 ], [ -108.63965, 39.38788 ], [ -108.63979, 39.38741 ], [ -108.63841, 39.38648 ], [ -108.63703, 39.38637 ], [ -108.63566, 39.38782 ], [ -108.63423, 39.38803 ], [ -108.63228, 39.38905 ], [ -108.63196, 39.38749 ], [ -108.62947, 39.386 ], [ -108.62916, 39.38275 ], [ -108.63023, 39.3819 ], [ -108.63058, 39.38117 ], [ -108.63009, 39.3806 ], [ -108.63048, 39.37679 ], [ -108.6309, 39.37595 ], [ -108.63275, 39.37473 ], [ -108.63385, 39.376 ], [ -108.63421, 39.37594 ], [ -108.63493, 39.37525 ], [ -108.63519, 39.37397 ], [ -108.63659, 39.37326 ], [ -108.6368, 39.37276 ], [ -108.63839, 39.37217 ], [ -108.63913, 39.37113 ], [ -108.63794, 39.36908 ], [ -108.64075, 39.36543 ], [ -108.64057, 39.36472 ], [ -108.63998, 39.3643 ], [ -108.64055, 39.36398 ], [ -108.64076, 39.36341 ], [ -108.64021, 39.36261 ], [ -108.63915, 39.36317 ], [ -108.63778, 39.36157 ], [ -108.63808, 39.36043 ], [ -108.63758, 39.35827 ], [ -108.6384, 39.35797 ], [ -108.6387, 39.35741 ], [ -108.63797, 39.35696 ], [ -108.63859, 39.35562 ], [ -108.63811, 39.35504 ], [ -108.63816, 39.35429 ], [ -108.63777, 39.35412 ], [ -108.63703, 39.35453 ], [ -108.63682, 39.35427 ], [ -108.63566, 39.35416 ], [ -108.63541, 39.35466 ], [ -108.63474, 39.35457 ], [ -108.6342, 39.35539 ], [ -108.63165, 39.3576 ], [ -108.62989, 39.35877 ], [ -108.62921, 39.3587 ], [ -108.62886, 39.35838 ], [ -108.6291, 39.35756 ], [ -108.63161, 39.35632 ], [ -108.6323, 39.35549 ], [ -108.63217, 39.35488 ], [ -108.63275, 39.35409 ], [ -108.63282, 39.35328 ], [ -108.63535, 39.35206 ], [ -108.63613, 39.35225 ], [ -108.63585, 39.35097 ], [ -108.63459, 39.35097 ], [ -108.63412, 39.35009 ], [ -108.63318, 39.35003 ], [ -108.63293, 39.34958 ], [ -108.63219, 39.34984 ], [ -108.63142, 39.34935 ], [ -108.62992, 39.35058 ], [ -108.62716, 39.3519 ], [ -108.62643, 39.35196 ], [ -108.62626, 39.35236 ], [ -108.62473, 39.3525 ], [ -108.62452, 39.35329 ], [ -108.62352, 39.35394 ], [ -108.6223, 39.353 ], [ -108.62331, 39.35153 ], [ -108.62315, 39.35065 ], [ -108.62245, 39.35028 ], [ -108.62231, 39.34986 ], [ -108.62078, 39.35009 ], [ -108.61939, 39.35073 ], [ -108.61882, 39.35025 ], [ -108.61811, 39.35156 ], [ -108.61697, 39.35193 ], [ -108.61624, 39.35143 ], [ -108.61653, 39.35014 ], [ -108.61546, 39.34993 ], [ -108.61639, 39.34906 ], [ -108.61766, 39.34877 ], [ -108.61933, 39.34692 ], [ -108.62041, 39.34662 ], [ -108.62114, 39.3458 ], [ -108.62103, 39.34531 ], [ -108.62034, 39.34536 ], [ -108.61932, 39.34483 ], [ -108.61827, 39.345 ], [ -108.61674, 39.3446 ], [ -108.61613, 39.34414 ], [ -108.61497, 39.34434 ], [ -108.61433, 39.34411 ], [ -108.61313, 39.34577 ], [ -108.61249, 39.34607 ], [ -108.61289, 39.34556 ], [ -108.61255, 39.34512 ], [ -108.61149, 39.34654 ], [ -108.61025, 39.34639 ], [ -108.60989, 39.34603 ], [ -108.61162, 39.34292 ], [ -108.61349, 39.34073 ], [ -108.61416, 39.34197 ], [ -108.61679, 39.3435 ], [ -108.61878, 39.34303 ], [ -108.61935, 39.34261 ], [ -108.61938, 39.34239 ], [ -108.61847, 39.34222 ], [ -108.61831, 39.34169 ], [ -108.62004, 39.34215 ], [ -108.62129, 39.34209 ], [ -108.62296, 39.34273 ], [ -108.62438, 39.34215 ], [ -108.6251, 39.34225 ], [ -108.62525, 39.34071 ], [ -108.62586, 39.34092 ], [ -108.62856, 39.34012 ], [ -108.62878, 39.33928 ], [ -108.62928, 39.33889 ], [ -108.62895, 39.33809 ], [ -108.62971, 39.33735 ], [ -108.63038, 39.33726 ], [ -108.62974, 39.33674 ], [ -108.62987, 39.33582 ], [ -108.62929, 39.33476 ], [ -108.62983, 39.33449 ], [ -108.63018, 39.33312 ], [ -108.62973, 39.33258 ], [ -108.62989, 39.33195 ], [ -108.63053, 39.33232 ], [ -108.63105, 39.33199 ], [ -108.63061, 39.3316 ], [ -108.63153, 39.33176 ], [ -108.63075, 39.33322 ], [ -108.63124, 39.33441 ], [ -108.63171, 39.33457 ], [ -108.6344, 39.33318 ], [ -108.63474, 39.33263 ], [ -108.63562, 39.33218 ], [ -108.63526, 39.33091 ], [ -108.63609, 39.33056 ], [ -108.63624, 39.33018 ], [ -108.63497, 39.32972 ], [ -108.63443, 39.32922 ], [ -108.63309, 39.33026 ], [ -108.63191, 39.33003 ], [ -108.63008, 39.33022 ], [ -108.62764, 39.33292 ], [ -108.6264, 39.33331 ], [ -108.62513, 39.33328 ], [ -108.62481, 39.3338 ], [ -108.62272, 39.33515 ], [ -108.62211, 39.33606 ], [ -108.62068, 39.33684 ], [ -108.61922, 39.33666 ], [ -108.61717, 39.33479 ], [ -108.61516, 39.33471 ], [ -108.61438, 39.33507 ], [ -108.61316, 39.33483 ], [ -108.61286, 39.335 ], [ -108.6131, 39.33549 ], [ -108.61161, 39.33664 ], [ -108.61093, 39.33777 ], [ -108.60979, 39.33844 ], [ -108.60463, 39.33947 ], [ -108.60378, 39.33822 ], [ -108.60301, 39.33781 ], [ -108.60367, 39.33755 ], [ -108.60481, 39.33793 ], [ -108.60559, 39.33736 ], [ -108.60661, 39.33737 ], [ -108.60705, 39.33562 ], [ -108.60436, 39.33497 ], [ -108.60371, 39.33426 ], [ -108.60306, 39.3341 ], [ -108.60416, 39.33309 ], [ -108.60471, 39.33321 ], [ -108.60515, 39.33381 ], [ -108.6074, 39.33396 ], [ -108.60817, 39.33367 ], [ -108.60874, 39.33261 ], [ -108.60857, 39.3318 ], [ -108.60903, 39.33125 ], [ -108.6093, 39.3293 ], [ -108.6095, 39.32915 ], [ -108.61081, 39.32961 ], [ -108.61147, 39.32899 ], [ -108.61168, 39.32784 ], [ -108.61116, 39.32754 ], [ -108.61093, 39.32652 ], [ -108.61025, 39.32608 ], [ -108.6095, 39.32688 ], [ -108.60967, 39.32737 ], [ -108.60864, 39.32771 ], [ -108.60776, 39.32883 ], [ -108.60527, 39.32917 ], [ -108.60405, 39.32988 ], [ -108.60371, 39.32976 ], [ -108.60346, 39.32867 ], [ -108.60275, 39.32911 ], [ -108.60247, 39.32856 ], [ -108.60189, 39.3283 ], [ -108.60362, 39.32775 ], [ -108.60467, 39.32775 ], [ -108.60514, 39.32738 ], [ -108.60497, 39.32622 ], [ -108.60634, 39.32619 ], [ -108.60705, 39.3256 ], [ -108.60684, 39.32479 ], [ -108.60602, 39.32428 ], [ -108.60697, 39.32287 ], [ -108.60759, 39.32255 ], [ -108.60694, 39.32203 ], [ -108.60687, 39.32132 ], [ -108.60743, 39.32005 ], [ -108.60888, 39.31926 ], [ -108.60906, 39.31884 ], [ -108.60869, 39.31859 ], [ -108.60691, 39.31866 ], [ -108.60512, 39.31784 ], [ -108.60342, 39.31846 ], [ -108.60221, 39.31781 ], [ -108.60186, 39.31842 ], [ -108.60143, 39.31832 ], [ -108.60076, 39.31663 ], [ -108.60225, 39.31575 ], [ -108.60236, 39.31394 ], [ -108.60095, 39.31167 ], [ -108.59959, 39.31194 ], [ -108.59948, 39.31233 ], [ -108.59874, 39.31274 ], [ -108.59874, 39.3133 ], [ -108.5983, 39.3135 ], [ -108.59674, 39.31278 ], [ -108.59592, 39.31288 ], [ -108.59549, 39.31339 ], [ -108.59516, 39.31269 ], [ -108.59576, 39.31197 ], [ -108.59676, 39.31167 ], [ -108.59749, 39.31183 ], [ -108.59769, 39.31051 ], [ -108.59867, 39.3094 ], [ -108.60009, 39.30863 ], [ -108.60164, 39.30877 ], [ -108.60253, 39.30708 ], [ -108.60502, 39.30674 ], [ -108.60725, 39.30521 ], [ -108.60622, 39.30397 ], [ -108.60229, 39.30191 ], [ -108.60149, 39.30356 ], [ -108.60075, 39.30427 ], [ -108.59739, 39.30421 ], [ -108.59709, 39.30509 ], [ -108.59556, 39.3055 ], [ -108.59464, 39.30532 ], [ -108.59476, 39.30431 ], [ -108.59302, 39.30257 ], [ -108.59337, 39.30197 ], [ -108.59144, 39.3015 ], [ -108.59098, 39.30237 ], [ -108.59016, 39.30262 ], [ -108.59017, 39.30299 ], [ -108.58866, 39.30202 ], [ -108.58622, 39.30175 ], [ -108.5854, 39.3029 ], [ -108.58081, 39.30456 ], [ -108.58024, 39.3055 ], [ -108.58061, 39.30593 ], [ -108.58037, 39.30677 ], [ -108.58097, 39.30726 ], [ -108.58101, 39.30811 ], [ -108.58218, 39.30883 ], [ -108.58315, 39.30866 ], [ -108.58465, 39.30917 ], [ -108.58292, 39.31057 ], [ -108.58217, 39.30967 ], [ -108.58157, 39.30987 ], [ -108.57974, 39.3096 ], [ -108.57745, 39.30859 ], [ -108.57664, 39.30865 ], [ -108.5755, 39.30931 ], [ -108.57378, 39.30938 ], [ -108.57268, 39.30987 ], [ -108.57158, 39.31127 ], [ -108.5721, 39.312 ], [ -108.57121, 39.31246 ], [ -108.57, 39.31256 ], [ -108.5693, 39.31321 ], [ -108.57018, 39.31394 ], [ -108.5699, 39.31453 ], [ -108.56763, 39.3156 ], [ -108.56862, 39.31667 ], [ -108.57024, 39.3173 ], [ -108.56994, 39.31827 ], [ -108.57035, 39.31914 ], [ -108.5701, 39.31947 ], [ -108.56869, 39.31842 ], [ -108.56731, 39.31933 ], [ -108.56616, 39.31868 ], [ -108.56586, 39.31794 ], [ -108.56526, 39.31756 ], [ -108.56258, 39.31779 ], [ -108.56217, 39.31722 ], [ -108.56132, 39.31684 ], [ -108.56055, 39.31716 ], [ -108.55875, 39.31694 ], [ -108.55685, 39.31833 ], [ -108.55594, 39.31815 ], [ -108.55615, 39.31727 ], [ -108.55565, 39.31592 ], [ -108.55592, 39.31521 ], [ -108.55461, 39.31444 ], [ -108.55359, 39.31485 ], [ -108.5522, 39.31475 ], [ -108.55073, 39.31525 ], [ -108.54929, 39.31505 ], [ -108.54766, 39.31522 ], [ -108.54666, 39.31476 ], [ -108.54496, 39.31463 ], [ -108.54238, 39.3154 ], [ -108.54123, 39.31526 ], [ -108.54119, 39.3144 ], [ -108.54185, 39.31379 ], [ -108.54489, 39.31382 ], [ -108.54763, 39.31271 ], [ -108.55167, 39.31344 ], [ -108.55329, 39.31243 ], [ -108.55498, 39.31205 ], [ -108.55501, 39.31143 ], [ -108.55358, 39.31032 ], [ -108.55278, 39.31019 ], [ -108.55179, 39.30929 ], [ -108.55246, 39.30878 ], [ -108.5538, 39.3087 ], [ -108.55727, 39.30949 ], [ -108.56197, 39.30938 ], [ -108.5642, 39.3099 ], [ -108.56401, 39.3082 ], [ -108.56508, 39.30566 ], [ -108.56536, 39.30324 ], [ -108.56649, 39.30201 ], [ -108.56826, 39.3013 ], [ -108.56988, 39.3001 ], [ -108.57215, 39.29713 ], [ -108.57223, 39.29582 ], [ -108.5714, 39.29424 ], [ -108.56951, 39.29328 ], [ -108.56632, 39.29402 ], [ -108.5637, 39.29417 ], [ -108.56201, 39.29399 ], [ -108.56056, 39.29327 ], [ -108.55804, 39.29297 ], [ -108.54916, 39.29396 ], [ -108.54744, 39.29477 ], [ -108.54528, 39.29486 ], [ -108.54441, 39.29545 ], [ -108.54285, 39.29417 ], [ -108.54102, 39.29396 ], [ -108.53813, 39.29567 ], [ -108.5363, 39.29602 ], [ -108.53506, 39.29696 ], [ -108.53421, 39.30003 ], [ -108.53288, 39.30234 ], [ -108.53347, 39.30399 ], [ -108.53173, 39.30419 ], [ -108.53112, 39.30467 ], [ -108.53112, 39.30538 ], [ -108.53236, 39.30639 ], [ -108.53322, 39.30764 ], [ -108.53406, 39.3081 ], [ -108.5339, 39.30891 ], [ -108.53324, 39.30946 ], [ -108.5324, 39.30919 ], [ -108.53241, 39.31006 ], [ -108.53041, 39.31137 ], [ -108.53006, 39.31206 ], [ -108.52987, 39.31353 ], [ -108.53211, 39.31515 ], [ -108.53176, 39.31738 ], [ -108.52916, 39.31665 ], [ -108.52693, 39.31669 ], [ -108.52404, 39.3161 ], [ -108.52363, 39.31684 ], [ -108.52371, 39.31775 ], [ -108.52257, 39.31901 ], [ -108.52182, 39.32114 ], [ -108.52013, 39.32273 ], [ -108.51877, 39.32341 ], [ -108.5162, 39.32411 ], [ -108.51387, 39.32398 ], [ -108.50677, 39.3271 ], [ -108.50531, 39.3273 ], [ -108.50318, 39.32827 ], [ -108.49667, 39.32996 ], [ -108.48905, 39.33256 ], [ -108.48472, 39.33575 ], [ -108.47996, 39.33688 ], [ -108.47715, 39.33708 ], [ -108.4719, 39.33885 ], [ -108.46692, 39.33919 ], [ -108.46563, 39.33956 ], [ -108.45778, 39.34427 ], [ -108.4556, 39.3476 ], [ -108.45622, 39.34875 ], [ -108.45597, 39.34927 ], [ -108.45461, 39.34922 ], [ -108.45389, 39.35006 ], [ -108.45206, 39.3507 ], [ -108.45098, 39.35056 ], [ -108.44958, 39.35114 ], [ -108.44848, 39.35208 ], [ -108.44649, 39.35263 ], [ -108.44633, 39.35325 ], [ -108.4458, 39.35346 ], [ -108.44636, 39.35392 ], [ -108.44627, 39.35486 ], [ -108.44508, 39.35467 ], [ -108.44387, 39.35546 ], [ -108.44246, 39.35323 ], [ -108.43991, 39.35235 ], [ -108.43691, 39.35208 ], [ -108.4355, 39.35128 ], [ -108.43508, 39.35136 ], [ -108.43424, 39.35283 ], [ -108.43405, 39.35406 ], [ -108.43231, 39.35434 ], [ -108.43205, 39.35466 ], [ -108.4322, 39.35529 ], [ -108.43416, 39.35557 ], [ -108.43399, 39.35723 ], [ -108.43294, 39.35794 ], [ -108.43292, 39.36 ], [ -108.43066, 39.35981 ], [ -108.42693, 39.35821 ], [ -108.42488, 39.35859 ], [ -108.42445, 39.35931 ], [ -108.42475, 39.3612 ], [ -108.42342, 39.36219 ], [ -108.42424, 39.36293 ], [ -108.42304, 39.36355 ], [ -108.42289, 39.36466 ], [ -108.42074, 39.36659 ], [ -108.42038, 39.36778 ], [ -108.42323, 39.37018 ], [ -108.4234, 39.37097 ], [ -108.42254, 39.37155 ], [ -108.42266, 39.37297 ], [ -108.42531, 39.37379 ], [ -108.42732, 39.3768 ], [ -108.4271, 39.37746 ], [ -108.42528, 39.3789 ], [ -108.42375, 39.37962 ], [ -108.4217, 39.38001 ] ] ] } },
{ "type": "Feature", "properties": { "c": "fire", "n": "Buniger Canyon", "d": "1994 · 1,847 acres" }, "geometry": { "type": "Polygon", "coordinates": [ [ [ -108.72734, 39.43331 ], [ -108.72935, 39.43363 ], [ -108.73215, 39.43208 ], [ -108.73607, 39.43189 ], [ -108.73741, 39.43063 ], [ -108.73841, 39.42936 ], [ -108.73826, 39.42861 ], [ -108.73739, 39.42749 ], [ -108.73722, 39.42641 ], [ -108.73807, 39.42321 ], [ -108.73927, 39.42185 ], [ -108.74074, 39.42154 ], [ -108.74035, 39.42022 ], [ -108.74098, 39.41947 ], [ -108.74106, 39.41828 ], [ -108.74437, 39.416 ], [ -108.74314, 39.41097 ], [ -108.73995, 39.40946 ], [ -108.73939, 39.40952 ], [ -108.73935, 39.41053 ], [ -108.73894, 39.41062 ], [ -108.73813, 39.40974 ], [ -108.73646, 39.40898 ], [ -108.73608, 39.40792 ], [ -108.73534, 39.40728 ], [ -108.73523, 39.40659 ], [ -108.73616, 39.40391 ], [ -108.73552, 39.40081 ], [ -108.73395, 39.40041 ], [ -108.73254, 39.40051 ], [ -108.73138, 39.40094 ], [ -108.73068, 39.40059 ], [ -108.72838, 39.39723 ], [ -108.72753, 39.39518 ], [ -108.72563, 39.39444 ], [ -108.72426, 39.39481 ], [ -108.72389, 39.3955 ], [ -108.72001, 39.39906 ], [ -108.71989, 39.40013 ], [ -108.72066, 39.40031 ], [ -108.7213, 39.40198 ], [ -108.7213, 39.40307 ], [ -108.71883, 39.40417 ], [ -108.71812, 39.40411 ], [ -108.71712, 39.40336 ], [ -108.71598, 39.40335 ], [ -108.71509, 39.40378 ], [ -108.71414, 39.40521 ], [ -108.71447, 39.40684 ], [ -108.71413, 39.40802 ], [ -108.71463, 39.41045 ], [ -108.71538, 39.41209 ], [ -108.7168, 39.41264 ], [ -108.717, 39.41324 ], [ -108.71659, 39.41419 ], [ -108.71813, 39.41473 ], [ -108.71973, 39.41479 ], [ -108.7205, 39.41557 ], [ -108.72053, 39.41583 ], [ -108.71876, 39.41657 ], [ -108.71938, 39.41741 ], [ -108.72022, 39.4175 ], [ -108.7205, 39.41798 ], [ -108.72025, 39.41919 ], [ -108.72075, 39.42141 ], [ -108.7197, 39.42334 ], [ -108.71998, 39.42496 ], [ -108.7223, 39.42622 ], [ -108.72283, 39.42777 ], [ -108.72479, 39.42821 ], [ -108.72509, 39.42952 ], [ -108.72477, 39.43067 ], [ -108.72549, 39.43185 ], [ -108.72486, 39.43209 ], [ -108.72435, 39.43292 ], [ -108.72361, 39.43296 ], [ -108.72241, 39.43164 ], [ -108.71899, 39.43089 ], [ -108.71877, 39.43004 ], [ -108.71801, 39.42942 ], [ -108.71508, 39.42808 ], [ -108.71506, 39.42657 ], [ -108.71447, 39.42556 ], [ -108.71384, 39.42539 ], [ -108.71273, 39.42674 ], [ -108.71357, 39.42875 ], [ -108.71446, 39.42929 ], [ -108.71532, 39.43092 ], [ -108.71512, 39.43135 ], [ -108.71457, 39.43145 ], [ -108.71343, 39.43088 ], [ -108.71226, 39.42977 ], [ -108.71089, 39.42949 ], [ -108.70953, 39.4298 ], [ -108.70826, 39.43175 ], [ -108.70541, 39.43217 ], [ -108.70656, 39.43352 ], [ -108.70687, 39.43517 ], [ -108.70633, 39.43617 ], [ -108.70641, 39.43673 ], [ -108.70717, 39.43768 ], [ -108.70786, 39.43788 ], [ -108.70885, 39.43734 ], [ -108.70861, 39.43624 ], [ -108.70807, 39.43583 ], [ -108.70875, 39.43465 ], [ -108.70941, 39.43445 ], [ -108.71012, 39.43436 ], [ -108.7108, 39.43526 ], [ -108.71145, 39.43548 ], [ -108.71254, 39.43514 ], [ -108.7151, 39.4377 ], [ -108.71858, 39.43698 ], [ -108.7198, 39.43642 ], [ -108.72027, 39.43555 ], [ -108.72223, 39.4357 ], [ -108.72385, 39.43445 ], [ -108.72505, 39.43476 ], [ -108.72657, 39.43444 ], [ -108.72734, 39.43331 ] ] ] } },
{ "type": "Feature", "properties": { "c": "fire", "n": "Red Canyon", "d": "2018 · 5,703 acres" }, "geometry": { "type": "Polygon", "coordinates": [ [ [ -108.72931, 39.70262 ], [ -108.72873, 39.70491 ], [ -108.73056, 39.70541 ], [ -108.73259, 39.70669 ], [ -108.73291, 39.70803 ], [ -108.73378, 39.70868 ], [ -108.73441, 39.70993 ], [ -108.73624, 39.70895 ], [ -108.73672, 39.70701 ], [ -108.73842, 39.70638 ], [ -108.7397, 39.70511 ], [ -108.74094, 39.70103 ], [ -108.74209, 39.69989 ], [ -108.74505, 39.69958 ], [ -108.74751, 39.69985 ], [ -108.74951, 39.7005 ], [ -108.75049, 39.70217 ], [ -108.75407, 39.70278 ], [ -108.75406, 39.70186 ], [ -108.75581, 39.70111 ], [ -108.75706, 39.70013 ], [ -108.75832, 39.7004 ], [ -108.75946, 39.70005 ], [ -108.76146, 39.70025 ], [ -108.76241, 39.69964 ], [ -108.76354, 39.69798 ], [ -108.76306, 39.69614 ], [ -108.76209, 39.69492 ], [ -108.76259, 39.69264 ], [ -108.7583, 39.69268 ], [ -108.75786, 39.69233 ], [ -108.75919, 39.69133 ], [ -108.75918, 39.69042 ], [ -108.76095, 39.68978 ], [ -108.76222, 39.68971 ], [ -108.76229, 39.68924 ], [ -108.76131, 39.68797 ], [ -108.7586, 39.68676 ], [ -108.75792, 39.68546 ], [ -108.75851, 39.68454 ], [ -108.75843, 39.68409 ], [ -108.75774, 39.68319 ], [ -108.75796, 39.68271 ], [ -108.76159, 39.68234 ], [ -108.76227, 39.68152 ], [ -108.76209, 39.68051 ], [ -108.76259, 39.67995 ], [ -108.76468, 39.67853 ], [ -108.76835, 39.67501 ], [ -108.7687, 39.6736 ], [ -108.76815, 39.67177 ], [ -108.76828, 39.67084 ], [ -108.76761, 39.67006 ], [ -108.76653, 39.66948 ], [ -108.76556, 39.66826 ], [ -108.76533, 39.66783 ], [ -108.76578, 39.66693 ], [ -108.76547, 39.6665 ], [ -108.76395, 39.66723 ], [ -108.76205, 39.6676 ], [ -108.76105, 39.66833 ], [ -108.76047, 39.66844 ], [ -108.75928, 39.66811 ], [ -108.75868, 39.66897 ], [ -108.75745, 39.66927 ], [ -108.75652, 39.66868 ], [ -108.75536, 39.66897 ], [ -108.75237, 39.6687 ], [ -108.75159, 39.66981 ], [ -108.75122, 39.66939 ], [ -108.75054, 39.6694 ], [ -108.74868, 39.66999 ], [ -108.74784, 39.66819 ], [ -108.74721, 39.66809 ], [ -108.74442, 39.67015 ], [ -108.74287, 39.66653 ], [ -108.74164, 39.66683 ], [ -108.74166, 39.66865 ], [ -108.7403, 39.66988 ], [ -108.73921, 39.66971 ], [ -108.73667, 39.66814 ], [ -108.73596, 39.66752 ], [ -108.73567, 39.66629 ], [ -108.73442, 39.66608 ], [ -108.73331, 39.66659 ], [ -108.73205, 39.66632 ], [ -108.73183, 39.66589 ], [ -108.73219, 39.66499 ], [ -108.73146, 39.66427 ], [ -108.73191, 39.66296 ], [ -108.73129, 39.66285 ], [ -108.72759, 39.66323 ], [ -108.7252, 39.66382 ], [ -108.7249, 39.66339 ], [ -108.72518, 39.66239 ], [ -108.72462, 39.66222 ], [ -108.72168, 39.66395 ], [ -108.72131, 39.66353 ], [ -108.71895, 39.66383 ], [ -108.71791, 39.66262 ], [ -108.71568, 39.66153 ], [ -108.71452, 39.66137 ], [ -108.71358, 39.66078 ], [ -108.71169, 39.66028 ], [ -108.70907, 39.66164 ], [ -108.70625, 39.66358 ], [ -108.7044, 39.66337 ], [ -108.70376, 39.66361 ], [ -108.70369, 39.66447 ], [ -108.70477, 39.66505 ], [ -108.70522, 39.66586 ], [ -108.70408, 39.66712 ], [ -108.70342, 39.66719 ], [ -108.70137, 39.66837 ], [ -108.70075, 39.66832 ], [ -108.7007, 39.67015 ], [ -108.70201, 39.67116 ], [ -108.70265, 39.67264 ], [ -108.70242, 39.67306 ], [ -108.70082, 39.67208 ], [ -108.70023, 39.67214 ], [ -108.69962, 39.67295 ], [ -108.70002, 39.67439 ], [ -108.6981, 39.67716 ], [ -108.69679, 39.67827 ], [ -108.69702, 39.6787 ], [ -108.6983, 39.67914 ], [ -108.69838, 39.67959 ], [ -108.69748, 39.68089 ], [ -108.69706, 39.68322 ], [ -108.69537, 39.6839 ], [ -108.69531, 39.68437 ], [ -108.69596, 39.6851 ], [ -108.69576, 39.68695 ], [ -108.69265, 39.69361 ], [ -108.69244, 39.69501 ], [ -108.69343, 39.69674 ], [ -108.69399, 39.69691 ], [ -108.69512, 39.69651 ], [ -108.69524, 39.69506 ], [ -108.69607, 39.69378 ], [ -108.69698, 39.69506 ], [ -108.6976, 39.69517 ], [ -108.69947, 39.69469 ], [ -108.70003, 39.69486 ], [ -108.70057, 39.69618 ], [ -108.70179, 39.69628 ], [ -108.70272, 39.69682 ], [ -108.70253, 39.69918 ], [ -108.69309, 39.70375 ], [ -108.68991, 39.70624 ], [ -108.69027, 39.7066 ], [ -108.69283, 39.70657 ], [ -108.69632, 39.70582 ], [ -108.69733, 39.7064 ], [ -108.70097, 39.70609 ], [ -108.70464, 39.7064 ], [ -108.70566, 39.70578 ], [ -108.7105, 39.7046 ], [ -108.71437, 39.70215 ], [ -108.7174, 39.70184 ], [ -108.71788, 39.70156 ], [ -108.71818, 39.70067 ], [ -108.72001, 39.70037 ], [ -108.72255, 39.69897 ], [ -108.7251, 39.69676 ], [ -108.7257, 39.69676 ], [ -108.72623, 39.69716 ], [ -108.7282, 39.70062 ], [ -108.72876, 39.70079 ], [ -108.73007, 39.70054 ], [ -108.73071, 39.70076 ], [ -108.7324, 39.70265 ], [ -108.73218, 39.70307 ], [ -108.73052, 39.70221 ], [ -108.72984, 39.70223 ], [ -108.72931, 39.70262 ] ] ] } },
{ "type": "Feature", "properties": { "c": "fire", "n": "Fawn", "d": "2018 · 1,037 acres" }, "geometry": { "type": "Polygon", "coordinates": [ [ [ -108.39954, 39.7664 ], [ -108.39918, 39.76878 ], [ -108.40076, 39.76948 ], [ -108.40177, 39.76769 ], [ -108.4041, 39.7667 ], [ -108.40506, 39.76726 ], [ -108.4057, 39.76727 ], [ -108.40759, 39.76608 ], [ -108.40932, 39.76556 ], [ -108.41171, 39.76277 ], [ -108.41201, 39.76136 ], [ -108.41393, 39.75824 ], [ -108.41426, 39.75676 ], [ -108.4169, 39.75332 ], [ -108.41751, 39.75109 ], [ -108.41849, 39.74992 ], [ -108.41831, 39.74942 ], [ -108.41907, 39.74757 ], [ -108.42005, 39.74657 ], [ -108.41968, 39.74469 ], [ -108.41702, 39.74303 ], [ -108.41625, 39.74117 ], [ -108.41504, 39.74105 ], [ -108.41376, 39.74208 ], [ -108.41113, 39.74262 ], [ -108.40985, 39.74102 ], [ -108.4083, 39.74052 ], [ -108.40775, 39.74074 ], [ -108.40366, 39.74364 ], [ -108.40333, 39.74439 ], [ -108.40267, 39.74453 ], [ -108.40144, 39.74606 ], [ -108.40143, 39.74655 ], [ -108.39962, 39.74845 ], [ -108.39872, 39.74879 ], [ -108.39785, 39.75139 ], [ -108.39875, 39.75261 ], [ -108.39934, 39.75262 ], [ -108.39972, 39.75299 ], [ -108.39864, 39.75355 ], [ -108.39744, 39.75584 ], [ -108.39605, 39.75674 ], [ -108.39469, 39.75991 ], [ -108.39199, 39.76145 ], [ -108.39298, 39.76318 ], [ -108.39593, 39.76396 ], [ -108.39686, 39.76456 ], [ -108.39709, 39.76591 ], [ -108.39954, 39.7664 ] ] ] } },
{ "type": "Feature", "properties": { "c": "fire", "n": "Wagon Road", "d": "1999 · 1,587 acres" }, "geometry": { "type": "Polygon", "coordinates": [ [ [ -108.50817, 39.75974 ], [ -108.50887, 39.76053 ], [ -108.50735, 39.76261 ], [ -108.50426, 39.76435 ], [ -108.50253, 39.76688 ], [ -108.50097, 39.76768 ], [ -108.49934, 39.76913 ], [ -108.49736, 39.77018 ], [ -108.49556, 39.77072 ], [ -108.49309, 39.77275 ], [ -108.4907, 39.77256 ], [ -108.49067, 39.77457 ], [ -108.49027, 39.77554 ], [ -108.4851, 39.77884 ], [ -108.48408, 39.78002 ], [ -108.48051, 39.78123 ], [ -108.4803, 39.78268 ], [ -108.47826, 39.78453 ], [ -108.47565, 39.78579 ], [ -108.47406, 39.7853 ], [ -108.47355, 39.78564 ], [ -108.46084, 39.79663 ], [ -108.45674, 39.79961 ], [ -108.45622, 39.79988 ], [ -108.45604, 39.79939 ], [ -108.45551, 39.79959 ], [ -108.45368, 39.80156 ], [ -108.45253, 39.80417 ], [ -108.45096, 39.8049 ], [ -108.44664, 39.80883 ], [ -108.44465, 39.81368 ], [ -108.44276, 39.81472 ], [ -108.44309, 39.81719 ], [ -108.44562, 39.81758 ], [ -108.44648, 39.81821 ], [ -108.44767, 39.81852 ], [ -108.44965, 39.81854 ], [ -108.45016, 39.8182 ], [ -108.45019, 39.81727 ], [ -108.4513, 39.81609 ], [ -108.45248, 39.81582 ], [ -108.4524, 39.81533 ], [ -108.45469, 39.81439 ], [ -108.45562, 39.81323 ], [ -108.45755, 39.81296 ], [ -108.45869, 39.81135 ], [ -108.46131, 39.81016 ], [ -108.46194, 39.80888 ], [ -108.46331, 39.80867 ], [ -108.46466, 39.80775 ], [ -108.465, 39.80643 ], [ -108.46592, 39.80577 ], [ -108.46615, 39.80489 ], [ -108.46826, 39.80403 ], [ -108.47052, 39.80238 ], [ -108.47642, 39.79564 ], [ -108.47801, 39.79498 ], [ -108.47913, 39.7933 ], [ -108.48222, 39.79099 ], [ -108.48292, 39.79013 ], [ -108.48313, 39.78918 ], [ -108.48528, 39.7869 ], [ -108.48673, 39.78604 ], [ -108.48775, 39.78651 ], [ -108.48904, 39.78631 ], [ -108.4911, 39.7846 ], [ -108.49556, 39.77937 ], [ -108.49923, 39.77607 ], [ -108.50128, 39.77322 ], [ -108.50272, 39.77229 ], [ -108.50505, 39.76834 ], [ -108.50711, 39.76663 ], [ -108.50843, 39.76393 ], [ -108.51036, 39.76202 ], [ -108.5111, 39.7598 ], [ -108.51102, 39.75881 ], [ -108.51016, 39.75818 ], [ -108.50951, 39.75825 ], [ -108.50849, 39.75885 ], [ -108.50817, 39.75974 ] ] ] } },
{ "type": "Feature", "properties": { "c": "fire", "n": "Yankee Gulch", "d": "2003 · 1,517 acres" }, "geometry": { "type": "Polygon", "coordinates": [ [ [ -108.44114, 39.77022 ], [ -108.44119, 39.77089 ], [ -108.44025, 39.77178 ], [ -108.43937, 39.7744 ], [ -108.43809, 39.77525 ], [ -108.43773, 39.77677 ], [ -108.43672, 39.77756 ], [ -108.43473, 39.78195 ], [ -108.43463, 39.78301 ], [ -108.43426, 39.78328 ], [ -108.43322, 39.78322 ], [ -108.43268, 39.78375 ], [ -108.4286, 39.78973 ], [ -108.42487, 39.79366 ], [ -108.42434, 39.79454 ], [ -108.4246, 39.79584 ], [ -108.42426, 39.79718 ], [ -108.42335, 39.79827 ], [ -108.42218, 39.79846 ], [ -108.42087, 39.7994 ], [ -108.42033, 39.8007 ], [ -108.41831, 39.80295 ], [ -108.41699, 39.80523 ], [ -108.41479, 39.80744 ], [ -108.41479, 39.80811 ], [ -108.41234, 39.81177 ], [ -108.41223, 39.8129 ], [ -108.41084, 39.81351 ], [ -108.41043, 39.81412 ], [ -108.41024, 39.81669 ], [ -108.41287, 39.81806 ], [ -108.41405, 39.81836 ], [ -108.41398, 39.81963 ], [ -108.41463, 39.82009 ], [ -108.41582, 39.82015 ], [ -108.41632, 39.81964 ], [ -108.41791, 39.8192 ], [ -108.41859, 39.81802 ], [ -108.42061, 39.81782 ], [ -108.42139, 39.81719 ], [ -108.42233, 39.81559 ], [ -108.42424, 39.81503 ], [ -108.42476, 39.81355 ], [ -108.42543, 39.8135 ], [ -108.42781, 39.81499 ], [ -108.42892, 39.81451 ], [ -108.4304, 39.81309 ], [ -108.43029, 39.81216 ], [ -108.42936, 39.81167 ], [ -108.42869, 39.809 ], [ -108.42801, 39.8086 ], [ -108.42795, 39.80661 ], [ -108.42849, 39.80475 ], [ -108.42961, 39.80434 ], [ -108.43016, 39.80296 ], [ -108.43193, 39.80348 ], [ -108.43263, 39.80172 ], [ -108.43597, 39.79951 ], [ -108.43589, 39.79883 ], [ -108.43727, 39.79857 ], [ -108.4378, 39.79811 ], [ -108.43705, 39.79687 ], [ -108.43707, 39.7962 ], [ -108.4387, 39.79544 ], [ -108.43909, 39.79389 ], [ -108.44011, 39.79276 ], [ -108.44091, 39.79093 ], [ -108.44265, 39.78938 ], [ -108.44417, 39.78888 ], [ -108.44412, 39.78788 ], [ -108.44309, 39.78639 ], [ -108.44325, 39.785 ], [ -108.44293, 39.78358 ], [ -108.44307, 39.78316 ], [ -108.44383, 39.78271 ], [ -108.44464, 39.7809 ], [ -108.44455, 39.78049 ], [ -108.44369, 39.77996 ], [ -108.44338, 39.77893 ], [ -108.44405, 39.77671 ], [ -108.44478, 39.77584 ], [ -108.44538, 39.77633 ], [ -108.44649, 39.77572 ], [ -108.44653, 39.77499 ], [ -108.4473, 39.77376 ], [ -108.44721, 39.77274 ], [ -108.44763, 39.77154 ], [ -108.45034, 39.76762 ], [ -108.44945, 39.76656 ], [ -108.44993, 39.76582 ], [ -108.44982, 39.76514 ], [ -108.44878, 39.76404 ], [ -108.44958, 39.76191 ], [ -108.4501, 39.76166 ], [ -108.45036, 39.76102 ], [ -108.4501, 39.75967 ], [ -108.44815, 39.75951 ], [ -108.44573, 39.76033 ], [ -108.44559, 39.76061 ], [ -108.4462, 39.76156 ], [ -108.44509, 39.7651 ], [ -108.44273, 39.76511 ], [ -108.44242, 39.76547 ], [ -108.44261, 39.76575 ], [ -108.44163, 39.76697 ], [ -108.44227, 39.76783 ], [ -108.44178, 39.7689 ], [ -108.44026, 39.76938 ], [ -108.44114, 39.77022 ] ] ] } },
{ "type": "Feature", "properties": { "c": "fire", "n": "Big Duck", "d": "2000 · 1,196 acres" }, "geometry": { "type": "MultiPolygon", "coordinates": [ [ [ [ -108.55285, 39.98479 ], [ -108.55331, 39.986 ], [ -108.55316, 39.98658 ], [ -108.55588, 39.98877 ], [ -108.55918, 39.9885 ], [ -108.5602, 39.98626 ], [ -108.5587, 39.98483 ], [ -108.55833, 39.98367 ], [ -108.55761, 39.98343 ], [ -108.55923, 39.98263 ], [ -108.55958, 39.98039 ], [ -108.55506, 39.98028 ], [ -108.55454, 39.97781 ], [ -108.5534, 39.97654 ], [ -108.55311, 39.97537 ], [ -108.55188, 39.97549 ], [ -108.55047, 39.97652 ], [ -108.54922, 39.97651 ], [ -108.54811, 39.97732 ], [ -108.54658, 39.97716 ], [ -108.54549, 39.97758 ], [ -108.5456, 39.9782 ], [ -108.5476, 39.98008 ], [ -108.54957, 39.98039 ], [ -108.54944, 39.98343 ], [ -108.54813, 39.98406 ], [ -108.54787, 39.98213 ], [ -108.54663, 39.9822 ], [ -108.54562, 39.98261 ], [ -108.54498, 39.98369 ], [ -108.54386, 39.98348 ], [ -108.54317, 39.98242 ], [ -108.54205, 39.98272 ], [ -108.54292, 39.98477 ], [ -108.54138, 39.98556 ], [ -108.54149, 39.98618 ], [ -108.54243, 39.98678 ], [ -108.54276, 39.98769 ], [ -108.54127, 39.98916 ], [ -108.53559, 39.99295 ], [ -108.53467, 39.99342 ], [ -108.53422, 39.99227 ], [ -108.53299, 39.99239 ], [ -108.53231, 39.99378 ], [ -108.5283, 39.99563 ], [ -108.52668, 39.99592 ], [ -108.52576, 39.99639 ], [ -108.52486, 39.99554 ], [ -108.52194, 39.99551 ], [ -108.52152, 39.996 ], [ -108.52174, 39.99679 ], [ -108.52115, 39.99723 ], [ -108.51596, 39.99951 ], [ -108.51335, 39.99889 ], [ -108.51314, 39.99866 ], [ -108.51367, 39.99785 ], [ -108.5131, 39.99747 ], [ -108.51234, 39.99742 ], [ -108.51046, 39.99906 ], [ -108.50951, 40.00035 ], [ -108.50942, 40.00124 ], [ -108.5105, 40.0017 ], [ -108.51175, 40.0017 ], [ -108.51339, 40.00248 ], [ -108.51539, 40.00247 ], [ -108.51603, 40.00323 ], [ -108.5166, 40.00317 ], [ -108.51772, 40.00192 ], [ -108.51934, 40.00119 ], [ -108.51964, 40.00337 ], [ -108.52019, 40.00363 ], [ -108.52075, 40.00351 ], [ -108.52414, 40.00096 ], [ -108.52746, 39.99988 ], [ -108.52789, 39.99901 ], [ -108.53071, 39.99842 ], [ -108.5317, 39.99743 ], [ -108.53271, 39.99702 ], [ -108.53437, 39.99692 ], [ -108.53589, 39.99607 ], [ -108.53712, 39.99595 ], [ -108.53826, 39.99438 ], [ -108.53927, 39.99397 ], [ -108.54044, 39.99397 ], [ -108.54201, 39.99319 ], [ -108.54243, 39.99245 ], [ -108.54246, 39.99119 ], [ -108.54602, 39.98869 ], [ -108.54765, 39.98701 ], [ -108.55285, 39.98479 ] ] ], [ [ [ -108.52388, 39.98328 ], [ -108.52366, 39.98254 ], [ -108.51384, 39.98599 ], [ -108.5119, 39.98586 ], [ -108.5113, 39.98624 ], [ -108.51108, 39.9874 ], [ -108.51219, 39.98899 ], [ -108.51379, 39.98902 ], [ -108.5162, 39.98758 ], [ -108.51906, 39.98723 ], [ -108.52128, 39.98511 ], [ -108.52388, 39.98328 ] ] ], [ [ [ -108.51162, 39.97619 ], [ -108.51168, 39.97511 ], [ -108.51079, 39.97526 ], [ -108.50896, 39.97626 ], [ -108.50461, 39.97714 ], [ -108.49899, 39.98028 ], [ -108.49837, 39.98104 ], [ -108.49872, 39.98163 ], [ -108.49929, 39.98202 ], [ -108.50128, 39.98239 ], [ -108.50333, 39.98218 ], [ -108.50401, 39.9818 ], [ -108.50307, 39.9812 ], [ -108.50319, 39.98094 ], [ -108.50477, 39.97946 ], [ -108.50616, 39.97881 ], [ -108.50821, 39.97861 ], [ -108.51063, 39.97723 ], [ -108.51162, 39.97619 ] ] ], [ [ [ -108.51897, 39.96146 ], [ -108.51975, 39.96069 ], [ -108.5191, 39.95987 ], [ -108.51902, 39.95798 ], [ -108.5183, 39.95768 ], [ -108.51665, 39.95778 ], [ -108.5165, 39.95836 ], [ -108.51714, 39.95912 ], [ -108.51715, 39.95968 ], [ -108.51398, 39.96063 ], [ -108.51362, 39.96048 ], [ -108.51484, 39.95746 ], [ -108.51493, 39.9565 ], [ -108.51437, 39.95618 ], [ -108.51191, 39.95832 ], [ -108.5118, 39.95959 ], [ -108.51103, 39.96093 ], [ -108.50762, 39.9624 ], [ -108.5048, 39.963 ], [ -108.50441, 39.96216 ], [ -108.5047, 39.96099 ], [ -108.50437, 39.95907 ], [ -108.50353, 39.95809 ], [ -108.50303, 39.95858 ], [ -108.50282, 39.95979 ], [ -108.5018, 39.96015 ], [ -108.50193, 39.96467 ], [ -108.4979, 39.96596 ], [ -108.48668, 39.97099 ], [ -108.48642, 39.97045 ], [ -108.48674, 39.96991 ], [ -108.48559, 39.96996 ], [ -108.48497, 39.97028 ], [ -108.48424, 39.97136 ], [ -108.48301, 39.97148 ], [ -108.48162, 39.97212 ], [ -108.48109, 39.97287 ], [ -108.47928, 39.974 ], [ -108.47759, 39.97435 ], [ -108.47688, 39.97411 ], [ -108.47524, 39.97616 ], [ -108.47214, 39.97704 ], [ -108.47194, 39.97731 ], [ -108.47278, 39.97786 ], [ -108.47347, 39.97892 ], [ -108.47508, 39.97858 ], [ -108.4792, 39.97684 ], [ -108.48039, 39.97603 ], [ -108.48339, 39.97504 ], [ -108.48624, 39.97469 ], [ -108.48824, 39.97323 ], [ -108.48991, 39.97325 ], [ -108.49063, 39.97211 ], [ -108.49244, 39.97148 ], [ -108.49369, 39.97149 ], [ -108.49419, 39.97049 ], [ -108.50049, 39.96885 ], [ -108.5025, 39.96796 ], [ -108.50382, 39.96688 ], [ -108.50629, 39.96625 ], [ -108.50999, 39.9645 ], [ -108.51321, 39.96386 ], [ -108.51392, 39.96316 ], [ -108.51704, 39.96234 ], [ -108.51897, 39.96146 ] ] ] ] } },
{ "type": "Feature", "properties": { "c": "fire", "n": "Spring Creek", "d": "2009 · 1,372 acres" }, "geometry": { "type": "Polygon", "coordinates": [ [ [ -108.59916, 40.01296 ], [ -108.59901, 40.01212 ], [ -108.59718, 40.00927 ], [ -108.59742, 40.00827 ], [ -108.59696, 40.00695 ], [ -108.59666, 40.00652 ], [ -108.59544, 40.00647 ], [ -108.59528, 40.00603 ], [ -108.59573, 40.00513 ], [ -108.59534, 40.00379 ], [ -108.5943, 40.00258 ], [ -108.59489, 40.00081 ], [ -108.59395, 40.00016 ], [ -108.59409, 39.99969 ], [ -108.59342, 39.9989 ], [ -108.59372, 39.99847 ], [ -108.59538, 39.99802 ], [ -108.59553, 39.99754 ], [ -108.595, 39.99668 ], [ -108.59356, 39.99585 ], [ -108.59348, 39.99495 ], [ -108.59297, 39.99466 ], [ -108.5913, 39.99505 ], [ -108.59086, 39.99596 ], [ -108.59027, 39.99607 ], [ -108.58911, 39.99722 ], [ -108.58614, 39.99883 ], [ -108.58621, 40.00008 ], [ -108.58801, 40.00042 ], [ -108.58845, 40.00077 ], [ -108.58822, 40.00119 ], [ -108.58648, 40.00074 ], [ -108.58542, 40.00119 ], [ -108.58378, 40.00261 ], [ -108.58322, 40.00284 ], [ -108.58265, 40.00247 ], [ -108.5816, 40.00312 ], [ -108.58078, 40.00537 ], [ -108.58292, 40.00845 ], [ -108.58309, 40.00989 ], [ -108.5825, 40.0108 ], [ -108.5809, 40.01052 ], [ -108.58001, 40.00911 ], [ -108.57862, 40.00811 ], [ -108.57803, 40.00822 ], [ -108.5771, 40.00769 ], [ -108.57472, 40.00707 ], [ -108.57326, 40.00607 ], [ -108.57289, 40.0048 ], [ -108.57419, 40.00318 ], [ -108.57449, 40.00229 ], [ -108.57395, 40.00052 ], [ -108.57262, 39.99945 ], [ -108.57143, 39.99957 ], [ -108.56999, 40.00042 ], [ -108.57059, 40.00211 ], [ -108.57037, 40.00253 ], [ -108.56793, 40.00244 ], [ -108.56522, 40.00051 ], [ -108.56482, 40.00072 ], [ -108.56367, 40.00018 ], [ -108.56262, 40.00068 ], [ -108.56239, 40.0011 ], [ -108.56181, 40.00122 ], [ -108.56094, 40.00056 ], [ -108.5599, 40.00113 ], [ -108.55969, 40.00206 ], [ -108.55999, 40.00249 ], [ -108.56106, 40.00215 ], [ -108.5646, 40.0042 ], [ -108.56636, 40.00414 ], [ -108.56682, 40.00455 ], [ -108.56742, 40.00426 ], [ -108.56798, 40.00443 ], [ -108.56784, 40.00536 ], [ -108.56674, 40.00644 ], [ -108.56781, 40.00948 ], [ -108.56913, 40.01055 ], [ -108.57076, 40.01118 ], [ -108.57292, 40.01123 ], [ -108.57292, 40.01188 ], [ -108.57353, 40.01274 ], [ -108.57703, 40.01501 ], [ -108.57829, 40.01529 ], [ -108.57837, 40.01574 ], [ -108.57755, 40.01708 ], [ -108.57763, 40.01798 ], [ -108.58049, 40.01935 ], [ -108.58168, 40.01906 ], [ -108.58255, 40.0184 ], [ -108.58306, 40.01869 ], [ -108.58321, 40.01914 ], [ -108.58225, 40.01969 ], [ -108.58149, 40.02068 ], [ -108.58429, 40.02052 ], [ -108.58375, 40.02131 ], [ -108.58257, 40.02149 ], [ -108.58191, 40.02195 ], [ -108.58488, 40.02303 ], [ -108.58365, 40.02418 ], [ -108.58307, 40.02435 ], [ -108.58353, 40.02568 ], [ -108.58496, 40.02731 ], [ -108.58797, 40.02895 ], [ -108.59249, 40.02752 ], [ -108.59552, 40.0275 ], [ -108.59726, 40.02796 ], [ -108.59785, 40.02784 ], [ -108.59806, 40.0269 ], [ -108.59991, 40.02706 ], [ -108.60127, 40.02561 ], [ -108.60253, 40.0256 ], [ -108.60283, 40.02517 ], [ -108.60275, 40.02426 ], [ -108.60153, 40.02427 ], [ -108.59927, 40.02359 ], [ -108.59853, 40.0244 ], [ -108.59695, 40.02359 ], [ -108.59672, 40.02315 ], [ -108.59702, 40.02272 ], [ -108.59809, 40.02233 ], [ -108.59845, 40.02138 ], [ -108.59676, 40.0208 ], [ -108.59544, 40.01979 ], [ -108.59567, 40.01891 ], [ -108.59835, 40.01613 ], [ -108.59865, 40.01524 ], [ -108.59812, 40.01392 ], [ -108.59856, 40.01302 ], [ -108.59916, 40.01296 ] ] ] } },
{ "type": "Feature", "properties": { "c": "fire", "n": "Pine Ridge", "d": "2012 · 13,879 acres" }, "geometry": { "type": "Polygon", "coordinates": [ [ [ -108.26766, 39.2403 ], [ -108.26649, 39.24047 ], [ -108.26142, 39.23909 ], [ -108.25997, 39.23912 ], [ -108.25894, 39.23968 ], [ -108.25833, 39.24048 ], [ -108.25813, 39.24283 ], [ -108.25896, 39.24459 ], [ -108.25971, 39.24903 ], [ -108.26018, 39.25045 ], [ -108.26204, 39.25355 ], [ -108.26242, 39.2558 ], [ -108.26221, 39.25764 ], [ -108.261, 39.26062 ], [ -108.25955, 39.26225 ], [ -108.25643, 39.26462 ], [ -108.25617, 39.26704 ], [ -108.25657, 39.2694 ], [ -108.25564, 39.27199 ], [ -108.25594, 39.27403 ], [ -108.25706, 39.27621 ], [ -108.25792, 39.27687 ], [ -108.25972, 39.276 ], [ -108.26465, 39.27637 ], [ -108.26583, 39.27803 ], [ -108.26813, 39.27877 ], [ -108.27029, 39.28056 ], [ -108.26985, 39.28196 ], [ -108.27408, 39.28249 ], [ -108.27512, 39.2831 ], [ -108.27799, 39.28395 ], [ -108.27989, 39.28406 ], [ -108.28231, 39.28364 ], [ -108.28594, 39.28524 ], [ -108.28884, 39.28579 ], [ -108.29008, 39.28572 ], [ -108.29284, 39.2845 ], [ -108.29442, 39.28428 ], [ -108.29652, 39.28447 ], [ -108.29931, 39.28545 ], [ -108.30053, 39.28556 ], [ -108.30226, 39.28516 ], [ -108.30275, 39.28408 ], [ -108.30225, 39.28247 ], [ -108.30301, 39.2808 ], [ -108.30349, 39.28052 ], [ -108.30404, 39.28069 ], [ -108.30513, 39.28179 ], [ -108.30667, 39.28158 ], [ -108.30858, 39.28224 ], [ -108.3107, 39.28238 ], [ -108.31496, 39.28058 ], [ -108.31525, 39.27964 ], [ -108.31676, 39.2788 ], [ -108.31737, 39.27886 ], [ -108.31853, 39.27994 ], [ -108.32032, 39.28033 ], [ -108.32099, 39.28118 ], [ -108.32274, 39.28135 ], [ -108.32368, 39.28074 ], [ -108.32444, 39.27947 ], [ -108.32796, 39.27769 ], [ -108.32855, 39.27769 ], [ -108.32964, 39.27832 ], [ -108.3327, 39.27739 ], [ -108.33405, 39.27828 ], [ -108.33539, 39.27857 ], [ -108.33621, 39.2791 ], [ -108.3428, 39.27907 ], [ -108.34745, 39.27866 ], [ -108.35055, 39.27927 ], [ -108.35229, 39.27925 ], [ -108.35532, 39.27868 ], [ -108.35835, 39.27929 ], [ -108.36016, 39.27934 ], [ -108.36084, 39.27853 ], [ -108.36047, 39.27766 ], [ -108.35982, 39.27761 ], [ -108.3586, 39.27812 ], [ -108.35789, 39.27751 ], [ -108.35789, 39.27705 ], [ -108.35928, 39.27623 ], [ -108.35983, 39.27415 ], [ -108.35932, 39.27359 ], [ -108.35803, 39.27349 ], [ -108.35688, 39.27378 ], [ -108.35458, 39.27521 ], [ -108.35297, 39.27674 ], [ -108.35192, 39.27719 ], [ -108.35071, 39.27714 ], [ -108.35021, 39.27684 ], [ -108.34948, 39.2756 ], [ -108.3497, 39.27518 ], [ -108.35477, 39.27285 ], [ -108.35624, 39.27139 ], [ -108.3564, 39.27228 ], [ -108.35696, 39.27251 ], [ -108.35904, 39.27151 ], [ -108.36058, 39.27221 ], [ -108.36118, 39.27221 ], [ -108.3628, 39.27119 ], [ -108.36427, 39.27144 ], [ -108.36592, 39.27099 ], [ -108.36697, 39.26953 ], [ -108.36622, 39.26753 ], [ -108.36659, 39.26618 ], [ -108.36785, 39.2648 ], [ -108.3688, 39.26425 ], [ -108.37013, 39.26457 ], [ -108.37121, 39.26429 ], [ -108.37106, 39.26339 ], [ -108.37032, 39.26261 ], [ -108.36964, 39.25908 ], [ -108.37049, 39.25875 ], [ -108.37154, 39.25877 ], [ -108.37192, 39.25839 ], [ -108.37136, 39.25685 ], [ -108.37164, 39.25591 ], [ -108.37308, 39.2549 ], [ -108.3735, 39.25406 ], [ -108.3747, 39.25373 ], [ -108.3765, 39.25194 ], [ -108.38145, 39.25018 ], [ -108.38256, 39.24796 ], [ -108.3844, 39.24646 ], [ -108.38973, 39.24519 ], [ -108.39015, 39.24455 ], [ -108.38913, 39.23953 ], [ -108.38698, 39.23752 ], [ -108.38359, 39.23649 ], [ -108.38183, 39.23625 ], [ -108.3805, 39.23666 ], [ -108.37879, 39.23876 ], [ -108.37826, 39.23993 ], [ -108.37498, 39.2426 ], [ -108.37382, 39.24283 ], [ -108.37293, 39.24246 ], [ -108.37257, 39.24181 ], [ -108.37209, 39.24189 ], [ -108.37011, 39.2452 ], [ -108.3692, 39.24518 ], [ -108.36884, 39.24482 ], [ -108.36907, 39.24384 ], [ -108.36784, 39.24337 ], [ -108.36802, 39.2422 ], [ -108.36707, 39.24145 ], [ -108.36684, 39.24034 ], [ -108.36638, 39.23991 ], [ -108.36524, 39.23998 ], [ -108.36383, 39.24092 ], [ -108.36327, 39.24069 ], [ -108.36286, 39.23833 ], [ -108.36104, 39.23663 ], [ -108.35895, 39.23603 ], [ -108.3559, 39.23617 ], [ -108.35115, 39.23378 ], [ -108.35107, 39.23333 ], [ -108.3524, 39.23234 ], [ -108.35254, 39.23096 ], [ -108.35209, 39.23009 ], [ -108.35159, 39.2298 ], [ -108.35118, 39.23003 ], [ -108.35104, 39.23117 ], [ -108.35027, 39.23139 ], [ -108.34782, 39.22966 ], [ -108.34607, 39.22772 ], [ -108.34484, 39.2271 ], [ -108.34329, 39.22697 ], [ -108.34319, 39.22663 ], [ -108.34413, 39.22603 ], [ -108.34588, 39.22574 ], [ -108.34626, 39.22536 ], [ -108.34596, 39.22493 ], [ -108.34475, 39.22482 ], [ -108.34304, 39.22533 ], [ -108.34034, 39.22678 ], [ -108.33824, 39.22575 ], [ -108.33606, 39.22609 ], [ -108.33549, 39.22586 ], [ -108.33549, 39.22494 ], [ -108.33443, 39.22448 ], [ -108.33384, 39.22454 ], [ -108.3337, 39.22501 ], [ -108.33314, 39.22523 ], [ -108.32969, 39.22432 ], [ -108.32695, 39.2243 ], [ -108.32371, 39.22526 ], [ -108.32288, 39.22654 ], [ -108.32204, 39.22718 ], [ -108.32192, 39.22967 ], [ -108.32114, 39.22991 ], [ -108.32057, 39.22969 ], [ -108.32042, 39.22924 ], [ -108.32125, 39.22796 ], [ -108.3211, 39.22706 ], [ -108.31679, 39.22418 ], [ -108.31671, 39.22373 ], [ -108.31836, 39.22242 ], [ -108.31724, 39.22202 ], [ -108.31379, 39.22328 ], [ -108.31311, 39.22454 ], [ -108.31194, 39.22426 ], [ -108.31113, 39.22303 ], [ -108.31013, 39.2229 ], [ -108.30934, 39.22355 ], [ -108.30995, 39.22469 ], [ -108.30942, 39.22531 ], [ -108.3079, 39.22483 ], [ -108.30687, 39.22488 ], [ -108.30642, 39.22446 ], [ -108.30513, 39.22476 ], [ -108.3037, 39.22559 ], [ -108.30254, 39.22536 ], [ -108.29979, 39.22329 ], [ -108.29805, 39.22273 ], [ -108.29709, 39.22328 ], [ -108.2968, 39.22462 ], [ -108.29527, 39.22529 ], [ -108.29347, 39.22484 ], [ -108.29168, 39.22359 ], [ -108.2905, 39.22325 ], [ -108.28931, 39.22331 ], [ -108.28634, 39.22429 ], [ -108.28523, 39.22394 ], [ -108.2835, 39.22434 ], [ -108.27876, 39.22287 ], [ -108.27756, 39.22287 ], [ -108.2769, 39.22356 ], [ -108.27632, 39.22351 ], [ -108.2756, 39.22259 ], [ -108.27465, 39.22248 ], [ -108.27275, 39.22318 ], [ -108.27101, 39.22335 ], [ -108.2692, 39.22347 ], [ -108.26809, 39.22307 ], [ -108.26751, 39.22318 ], [ -108.26703, 39.22346 ], [ -108.26717, 39.22434 ], [ -108.26939, 39.225 ], [ -108.27121, 39.22516 ], [ -108.27221, 39.22575 ], [ -108.27229, 39.2262 ], [ -108.27081, 39.22841 ], [ -108.27398, 39.23061 ], [ -108.27467, 39.23309 ], [ -108.27468, 39.23492 ], [ -108.27423, 39.23577 ], [ -108.2727, 39.23734 ], [ -108.26766, 39.2403 ] ] ] } },
{ "type": "Feature", "properties": { "c": "fire", "n": "Scandard", "d": "2000 · 3,620 acres" }, "geometry": { "type": "Polygon", "coordinates": [ [ [ -108.20354, 39.78351 ], [ -108.20479, 39.7838 ], [ -108.20924, 39.78327 ], [ -108.20996, 39.78332 ], [ -108.21048, 39.78374 ], [ -108.21195, 39.78558 ], [ -108.21207, 39.78668 ], [ -108.2115, 39.78712 ], [ -108.21149, 39.78808 ], [ -108.21227, 39.79183 ], [ -108.21225, 39.79351 ], [ -108.21269, 39.79365 ], [ -108.21411, 39.79372 ], [ -108.21509, 39.79243 ], [ -108.21609, 39.79182 ], [ -108.21625, 39.79081 ], [ -108.21787, 39.79016 ], [ -108.21718, 39.78879 ], [ -108.21813, 39.788 ], [ -108.21948, 39.78769 ], [ -108.22088, 39.78789 ], [ -108.22186, 39.78867 ], [ -108.22453, 39.78859 ], [ -108.2235, 39.78483 ], [ -108.22399, 39.78316 ], [ -108.22572, 39.78271 ], [ -108.22624, 39.78233 ], [ -108.22661, 39.78128 ], [ -108.22793, 39.78143 ], [ -108.2291, 39.77972 ], [ -108.22994, 39.77951 ], [ -108.23014, 39.77916 ], [ -108.22933, 39.77784 ], [ -108.22972, 39.77736 ], [ -108.22978, 39.77627 ], [ -108.22952, 39.77575 ], [ -108.22886, 39.77553 ], [ -108.22927, 39.77394 ], [ -108.23044, 39.77256 ], [ -108.23295, 39.77227 ], [ -108.23371, 39.77274 ], [ -108.23314, 39.77379 ], [ -108.23256, 39.77698 ], [ -108.23129, 39.77875 ], [ -108.23185, 39.77949 ], [ -108.23074, 39.78289 ], [ -108.2309, 39.78387 ], [ -108.23188, 39.78387 ], [ -108.23345, 39.77963 ], [ -108.23516, 39.77662 ], [ -108.23476, 39.77591 ], [ -108.23497, 39.77491 ], [ -108.23792, 39.77045 ], [ -108.2399, 39.76843 ], [ -108.24184, 39.76725 ], [ -108.24434, 39.75928 ], [ -108.2461, 39.7582 ], [ -108.24638, 39.75768 ], [ -108.24616, 39.75716 ], [ -108.24472, 39.75694 ], [ -108.24352, 39.75631 ], [ -108.24096, 39.75426 ], [ -108.24112, 39.75146 ], [ -108.24005, 39.75055 ], [ -108.23729, 39.74878 ], [ -108.23659, 39.74885 ], [ -108.23622, 39.74933 ], [ -108.2355, 39.74927 ], [ -108.22916, 39.74568 ], [ -108.22879, 39.74432 ], [ -108.23053, 39.74094 ], [ -108.2306, 39.73897 ], [ -108.22661, 39.73666 ], [ -108.2261, 39.73598 ], [ -108.22579, 39.73438 ], [ -108.22536, 39.73404 ], [ -108.22261, 39.73252 ], [ -108.22088, 39.73191 ], [ -108.21772, 39.73424 ], [ -108.21682, 39.73731 ], [ -108.21721, 39.7392 ], [ -108.21677, 39.73963 ], [ -108.21558, 39.73967 ], [ -108.2148, 39.74026 ], [ -108.21479, 39.74243 ], [ -108.2132, 39.74363 ], [ -108.2134, 39.74526 ], [ -108.21235, 39.7467 ], [ -108.21299, 39.74768 ], [ -108.21303, 39.74926 ], [ -108.21179, 39.74901 ], [ -108.20966, 39.74916 ], [ -108.20856, 39.74989 ], [ -108.20846, 39.75164 ], [ -108.20711, 39.75236 ], [ -108.2072, 39.75289 ], [ -108.20607, 39.75427 ], [ -108.2058, 39.75484 ], [ -108.20604, 39.75629 ], [ -108.2047, 39.75748 ], [ -108.20479, 39.75856 ], [ -108.20586, 39.75923 ], [ -108.20597, 39.7603 ], [ -108.20502, 39.76112 ], [ -108.20364, 39.76143 ], [ -108.20339, 39.76195 ], [ -108.20397, 39.76295 ], [ -108.20295, 39.7644 ], [ -108.20279, 39.76645 ], [ -108.20243, 39.76693 ], [ -108.20116, 39.76737 ], [ -108.1999, 39.76671 ], [ -108.19942, 39.76691 ], [ -108.19939, 39.76852 ], [ -108.20013, 39.76945 ], [ -108.19994, 39.77053 ], [ -108.20039, 39.77142 ], [ -108.19981, 39.77258 ], [ -108.19979, 39.77365 ], [ -108.19873, 39.77399 ], [ -108.19753, 39.77666 ], [ -108.19501, 39.77646 ], [ -108.19497, 39.77727 ], [ -108.19635, 39.77809 ], [ -108.19736, 39.77823 ], [ -108.19811, 39.78084 ], [ -108.19865, 39.7812 ], [ -108.20087, 39.78119 ], [ -108.20258, 39.78162 ], [ -108.20302, 39.78204 ], [ -108.20354, 39.78351 ] ] ] } },
{ "type": "Feature", "properties": { "c": "fire", "n": "Sugarloaf", "d": "2018 · 1,212 acres" }, "geometry": { "type": "Polygon", "coordinates": [ [ [ -105.99234, 39.80126 ], [ -105.9901, 39.79983 ], [ -105.98811, 39.79978 ], [ -105.98703, 39.79917 ], [ -105.98442, 39.79868 ], [ -105.98408, 39.79828 ], [ -105.98064, 39.79845 ], [ -105.9798, 39.799 ], [ -105.98014, 39.7994 ], [ -105.97848, 39.80066 ], [ -105.97632, 39.80088 ], [ -105.97565, 39.80163 ], [ -105.97556, 39.80303 ], [ -105.97804, 39.80513 ], [ -105.97823, 39.80753 ], [ -105.97765, 39.80741 ], [ -105.97724, 39.806 ], [ -105.97611, 39.80497 ], [ -105.97566, 39.80527 ], [ -105.97558, 39.80624 ], [ -105.9752, 39.80659 ], [ -105.97334, 39.80636 ], [ -105.9711, 39.80708 ], [ -105.97021, 39.80827 ], [ -105.96923, 39.80889 ], [ -105.96858, 39.80878 ], [ -105.96831, 39.80832 ], [ -105.96767, 39.80831 ], [ -105.96752, 39.80977 ], [ -105.96638, 39.81024 ], [ -105.96563, 39.81094 ], [ -105.96576, 39.81189 ], [ -105.9661, 39.81229 ], [ -105.96673, 39.81224 ], [ -105.9668, 39.81277 ], [ -105.96452, 39.8136 ], [ -105.96492, 39.81399 ], [ -105.96834, 39.81516 ], [ -105.96868, 39.81557 ], [ -105.97171, 39.81602 ], [ -105.97329, 39.8167 ], [ -105.97579, 39.81639 ], [ -105.97803, 39.81723 ], [ -105.9783, 39.81764 ], [ -105.98012, 39.81803 ], [ -105.98093, 39.81876 ], [ -105.98064, 39.81927 ], [ -105.978, 39.82055 ], [ -105.97777, 39.821 ], [ -105.97596, 39.82216 ], [ -105.97402, 39.82194 ], [ -105.9699, 39.82334 ], [ -105.96975, 39.82426 ], [ -105.97149, 39.82562 ], [ -105.97339, 39.82557 ], [ -105.97744, 39.82418 ], [ -105.97826, 39.82347 ], [ -105.97888, 39.82337 ], [ -105.97947, 39.82354 ], [ -105.97932, 39.82446 ], [ -105.97806, 39.82456 ], [ -105.97762, 39.82545 ], [ -105.97782, 39.8264 ], [ -105.97884, 39.82765 ], [ -105.98004, 39.82761 ], [ -105.98049, 39.82677 ], [ -105.98253, 39.82672 ], [ -105.98365, 39.82615 ], [ -105.98612, 39.82306 ], [ -105.98578, 39.82266 ], [ -105.98402, 39.82216 ], [ -105.98261, 39.8212 ], [ -105.98016, 39.82188 ], [ -105.97976, 39.82153 ], [ -105.9799, 39.82104 ], [ -105.98229, 39.82042 ], [ -105.98321, 39.82094 ], [ -105.98559, 39.82128 ], [ -105.98734, 39.82066 ], [ -105.98902, 39.81849 ], [ -105.99105, 39.81737 ], [ -105.9923, 39.81716 ], [ -105.99393, 39.81516 ], [ -105.9986, 39.8127 ], [ -105.99847, 39.81073 ], [ -105.99913, 39.80939 ], [ -105.99696, 39.80849 ], [ -105.99621, 39.80668 ], [ -105.99615, 39.80524 ], [ -105.99514, 39.80355 ], [ -105.9917, 39.80222 ], [ -105.99143, 39.80182 ], [ -105.99234, 39.80126 ] ] ] } },
{ "type": "Feature", "properties": { "c": "fire", "n": "Hunt", "d": "2019 · 3,216 acres" }, "geometry": { "type": "Polygon", "coordinates": [ [ [ -108.27265, 39.7679 ], [ -108.27691, 39.7677 ], [ -108.27816, 39.76828 ], [ -108.27868, 39.769 ], [ -108.28222, 39.77035 ], [ -108.28312, 39.77166 ], [ -108.28423, 39.77124 ], [ -108.28464, 39.76974 ], [ -108.28554, 39.7684 ], [ -108.2869, 39.76933 ], [ -108.28718, 39.77036 ], [ -108.28806, 39.77045 ], [ -108.28829, 39.77184 ], [ -108.28727, 39.77319 ], [ -108.28715, 39.775 ], [ -108.28674, 39.77546 ], [ -108.28563, 39.77995 ], [ -108.28574, 39.78099 ], [ -108.28509, 39.7828 ], [ -108.28429, 39.78366 ], [ -108.28431, 39.78471 ], [ -108.28366, 39.78535 ], [ -108.28399, 39.78677 ], [ -108.28466, 39.78648 ], [ -108.28471, 39.78567 ], [ -108.28535, 39.78506 ], [ -108.28551, 39.78423 ], [ -108.28631, 39.78371 ], [ -108.28639, 39.78279 ], [ -108.28696, 39.78219 ], [ -108.28745, 39.77929 ], [ -108.28733, 39.77787 ], [ -108.28851, 39.77582 ], [ -108.28862, 39.77446 ], [ -108.28892, 39.77414 ], [ -108.28975, 39.77435 ], [ -108.28994, 39.77417 ], [ -108.2895, 39.77307 ], [ -108.29011, 39.76973 ], [ -108.29302, 39.76921 ], [ -108.29564, 39.7699 ], [ -108.29636, 39.77078 ], [ -108.2961, 39.77242 ], [ -108.29789, 39.77321 ], [ -108.29696, 39.77398 ], [ -108.29703, 39.7747 ], [ -108.29841, 39.77505 ], [ -108.29866, 39.776 ], [ -108.29762, 39.77765 ], [ -108.29742, 39.77958 ], [ -108.29303, 39.78454 ], [ -108.29205, 39.78679 ], [ -108.29149, 39.78996 ], [ -108.29057, 39.79183 ], [ -108.28742, 39.79366 ], [ -108.28496, 39.79658 ], [ -108.28467, 39.79725 ], [ -108.28482, 39.79843 ], [ -108.28411, 39.79939 ], [ -108.28397, 39.80153 ], [ -108.28279, 39.80258 ], [ -108.28275, 39.80384 ], [ -108.28234, 39.80444 ], [ -108.28265, 39.80544 ], [ -108.28049, 39.80849 ], [ -108.28043, 39.80989 ], [ -108.27974, 39.8114 ], [ -108.2778, 39.81336 ], [ -108.27787, 39.81463 ], [ -108.27677, 39.81629 ], [ -108.27599, 39.81837 ], [ -108.27607, 39.82152 ], [ -108.27199, 39.82213 ], [ -108.27131, 39.8216 ], [ -108.27058, 39.81733 ], [ -108.27174, 39.81653 ], [ -108.27365, 39.81626 ], [ -108.27367, 39.8147 ], [ -108.27454, 39.81449 ], [ -108.27468, 39.81394 ], [ -108.27436, 39.81206 ], [ -108.27466, 39.81174 ], [ -108.27603, 39.81148 ], [ -108.27606, 39.81024 ], [ -108.27522, 39.8097 ], [ -108.2751, 39.80859 ], [ -108.27541, 39.80796 ], [ -108.27746, 39.80752 ], [ -108.27848, 39.80554 ], [ -108.27875, 39.80316 ], [ -108.27847, 39.80138 ], [ -108.27904, 39.79953 ], [ -108.27942, 39.79565 ], [ -108.2826, 39.79248 ], [ -108.28288, 39.79187 ], [ -108.28259, 39.79122 ], [ -108.28183, 39.791 ], [ -108.28079, 39.79115 ], [ -108.27963, 39.7927 ], [ -108.27929, 39.79388 ], [ -108.27711, 39.79544 ], [ -108.27662, 39.79954 ], [ -108.27365, 39.80356 ], [ -108.27325, 39.8052 ], [ -108.27258, 39.80615 ], [ -108.27142, 39.81019 ], [ -108.27159, 39.81158 ], [ -108.27116, 39.81212 ], [ -108.27123, 39.81294 ], [ -108.26937, 39.81567 ], [ -108.26936, 39.81624 ], [ -108.26781, 39.81774 ], [ -108.26877, 39.82228 ], [ -108.26948, 39.82293 ], [ -108.27583, 39.82373 ], [ -108.27781, 39.82353 ], [ -108.27818, 39.82319 ], [ -108.27802, 39.81815 ], [ -108.2799, 39.81564 ], [ -108.28159, 39.81179 ], [ -108.28256, 39.81049 ], [ -108.28252, 39.80856 ], [ -108.28401, 39.80687 ], [ -108.28469, 39.80526 ], [ -108.28462, 39.80345 ], [ -108.28531, 39.80253 ], [ -108.28621, 39.7996 ], [ -108.28694, 39.79888 ], [ -108.28742, 39.79739 ], [ -108.28856, 39.79604 ], [ -108.29057, 39.79584 ], [ -108.29257, 39.79618 ], [ -108.29421, 39.79457 ], [ -108.29414, 39.79038 ], [ -108.29519, 39.78872 ], [ -108.2948, 39.7879 ], [ -108.29653, 39.78753 ], [ -108.29832, 39.78642 ], [ -108.30101, 39.78171 ], [ -108.30091, 39.78042 ], [ -108.30148, 39.7796 ], [ -108.30166, 39.77803 ], [ -108.301, 39.77328 ], [ -108.30151, 39.77212 ], [ -108.3013, 39.77138 ], [ -108.3002, 39.77036 ], [ -108.30007, 39.76695 ], [ -108.30098, 39.76671 ], [ -108.30257, 39.764 ], [ -108.30377, 39.76348 ], [ -108.30492, 39.76227 ], [ -108.31, 39.76072 ], [ -108.31021, 39.75874 ], [ -108.31073, 39.75802 ], [ -108.31163, 39.75776 ], [ -108.3133, 39.75576 ], [ -108.31381, 39.75574 ], [ -108.31426, 39.75642 ], [ -108.31598, 39.75643 ], [ -108.31727, 39.75365 ], [ -108.31718, 39.75288 ], [ -108.31587, 39.75113 ], [ -108.31646, 39.74968 ], [ -108.3146, 39.74871 ], [ -108.31379, 39.74788 ], [ -108.31289, 39.74772 ], [ -108.31219, 39.74684 ], [ -108.31194, 39.746 ], [ -108.31236, 39.74551 ], [ -108.31192, 39.74305 ], [ -108.31075, 39.74263 ], [ -108.3101, 39.74134 ], [ -108.31017, 39.74006 ], [ -108.30884, 39.73825 ], [ -108.30775, 39.73862 ], [ -108.30763, 39.73926 ], [ -108.30732, 39.73933 ], [ -108.30701, 39.73888 ], [ -108.3058, 39.73838 ], [ -108.30502, 39.73703 ], [ -108.30368, 39.73717 ], [ -108.30312, 39.73617 ], [ -108.30291, 39.73466 ], [ -108.30458, 39.7343 ], [ -108.30547, 39.73328 ], [ -108.30432, 39.7323 ], [ -108.30376, 39.72915 ], [ -108.30326, 39.72857 ], [ -108.30362, 39.72733 ], [ -108.30324, 39.72522 ], [ -108.30257, 39.72508 ], [ -108.30115, 39.72602 ], [ -108.29993, 39.72612 ], [ -108.29787, 39.72346 ], [ -108.29476, 39.7219 ], [ -108.29404, 39.72187 ], [ -108.29161, 39.72473 ], [ -108.29028, 39.72554 ], [ -108.29044, 39.72642 ], [ -108.29113, 39.72685 ], [ -108.29311, 39.7267 ], [ -108.29362, 39.72695 ], [ -108.29438, 39.72861 ], [ -108.29518, 39.72865 ], [ -108.29548, 39.72893 ], [ -108.29612, 39.73052 ], [ -108.29543, 39.73067 ], [ -108.29416, 39.72952 ], [ -108.29239, 39.72932 ], [ -108.29222, 39.73066 ], [ -108.29151, 39.73158 ], [ -108.29163, 39.7319 ], [ -108.29264, 39.73195 ], [ -108.29287, 39.73409 ], [ -108.2941, 39.73697 ], [ -108.29313, 39.73767 ], [ -108.29281, 39.73927 ], [ -108.29353, 39.74061 ], [ -108.29436, 39.74103 ], [ -108.2945, 39.74148 ], [ -108.29431, 39.74197 ], [ -108.29357, 39.74228 ], [ -108.29356, 39.7429 ], [ -108.29317, 39.74327 ], [ -108.29319, 39.74484 ], [ -108.29243, 39.74554 ], [ -108.29164, 39.74459 ], [ -108.28994, 39.74608 ], [ -108.28648, 39.74649 ], [ -108.2856, 39.74695 ], [ -108.2846, 39.74653 ], [ -108.28397, 39.74586 ], [ -108.28175, 39.74488 ], [ -108.28095, 39.74486 ], [ -108.28132, 39.74757 ], [ -108.28024, 39.74816 ], [ -108.27999, 39.74915 ], [ -108.28349, 39.75053 ], [ -108.28643, 39.75072 ], [ -108.28742, 39.75109 ], [ -108.28815, 39.75345 ], [ -108.28779, 39.75394 ], [ -108.28802, 39.75524 ], [ -108.28767, 39.75555 ], [ -108.28647, 39.75471 ], [ -108.28507, 39.75449 ], [ -108.28463, 39.754 ], [ -108.28154, 39.7544 ], [ -108.28128, 39.75477 ], [ -108.28161, 39.75665 ], [ -108.28254, 39.75768 ], [ -108.28149, 39.75799 ], [ -108.28022, 39.75736 ], [ -108.27948, 39.75789 ], [ -108.27961, 39.75957 ], [ -108.28022, 39.76025 ], [ -108.28049, 39.762 ], [ -108.28187, 39.76421 ], [ -108.28199, 39.7653 ], [ -108.28022, 39.76371 ], [ -108.27845, 39.76264 ], [ -108.27805, 39.76202 ], [ -108.27669, 39.76155 ], [ -108.27592, 39.76087 ], [ -108.27568, 39.75859 ], [ -108.27366, 39.75871 ], [ -108.27111, 39.75651 ], [ -108.26992, 39.75676 ], [ -108.26938, 39.75812 ], [ -108.26958, 39.75958 ], [ -108.26902, 39.76046 ], [ -108.26919, 39.7617 ], [ -108.26867, 39.76265 ], [ -108.26876, 39.76339 ], [ -108.26984, 39.7647 ], [ -108.27191, 39.76486 ], [ -108.27207, 39.76541 ], [ -108.27119, 39.76602 ], [ -108.27124, 39.76713 ], [ -108.27265, 39.7679 ] ] ] } },
{ "type": "Feature", "properties": { "c": "fire", "n": "Williams Fork", "d": "2020 · 14,677 acres" }, "geometry": { "type": "Polygon", "coordinates": [ [ [ -106.01533, 39.78784 ], [ -106.01585, 39.78745 ], [ -106.01571, 39.78605 ], [ -106.01443, 39.78539 ], [ -106.01415, 39.78623 ], [ -106.01341, 39.7864 ], [ -106.01372, 39.78518 ], [ -106.01308, 39.78398 ], [ -106.01045, 39.78287 ], [ -106.00773, 39.78231 ], [ -106.00658, 39.78227 ], [ -106.00562, 39.78271 ], [ -106.00433, 39.78208 ], [ -106.00211, 39.78212 ], [ -106.00076, 39.78241 ], [ -105.99952, 39.78388 ], [ -105.99926, 39.78326 ], [ -105.99972, 39.78227 ], [ -105.99821, 39.7818 ], [ -105.9976, 39.7813 ], [ -105.99604, 39.78138 ], [ -105.99408, 39.78067 ], [ -105.99294, 39.78071 ], [ -105.99171, 39.78008 ], [ -105.99188, 39.77873 ], [ -105.99069, 39.77897 ], [ -105.99023, 39.77948 ], [ -105.98985, 39.77842 ], [ -105.989, 39.77841 ], [ -105.98845, 39.77911 ], [ -105.98792, 39.77925 ], [ -105.98574, 39.7791 ], [ -105.98561, 39.77861 ], [ -105.9846, 39.77787 ], [ -105.9847, 39.77854 ], [ -105.98437, 39.7786 ], [ -105.98361, 39.77762 ], [ -105.98278, 39.77752 ], [ -105.98248, 39.77778 ], [ -105.98142, 39.77768 ], [ -105.98153, 39.77883 ], [ -105.98273, 39.77888 ], [ -105.98139, 39.77953 ], [ -105.98082, 39.77892 ], [ -105.9795, 39.77867 ], [ -105.97987, 39.77818 ], [ -105.97774, 39.77609 ], [ -105.97579, 39.77598 ], [ -105.97543, 39.77641 ], [ -105.97565, 39.7772 ], [ -105.974, 39.77631 ], [ -105.97344, 39.77643 ], [ -105.97292, 39.77712 ], [ -105.97229, 39.77609 ], [ -105.97154, 39.77582 ], [ -105.97087, 39.77758 ], [ -105.97029, 39.77532 ], [ -105.96947, 39.77548 ], [ -105.96844, 39.77679 ], [ -105.96846, 39.77777 ], [ -105.96733, 39.77721 ], [ -105.96673, 39.77615 ], [ -105.95706, 39.77756 ], [ -105.95173, 39.78209 ], [ -105.94839, 39.78358 ], [ -105.94749, 39.78279 ], [ -105.94579, 39.7822 ], [ -105.94495, 39.78222 ], [ -105.94403, 39.78124 ], [ -105.94106, 39.78111 ], [ -105.94093, 39.78149 ], [ -105.93991, 39.78189 ], [ -105.93829, 39.78197 ], [ -105.9312, 39.77989 ], [ -105.92791, 39.77997 ], [ -105.92371, 39.7788 ], [ -105.92075, 39.77871 ], [ -105.91551, 39.77649 ], [ -105.91511, 39.77488 ], [ -105.9113, 39.77431 ], [ -105.91148, 39.77343 ], [ -105.91228, 39.77273 ], [ -105.91298, 39.773 ], [ -105.91446, 39.77283 ], [ -105.91471, 39.77245 ], [ -105.91434, 39.77147 ], [ -105.91357, 39.77117 ], [ -105.91346, 39.77081 ], [ -105.91262, 39.77084 ], [ -105.9107, 39.76957 ], [ -105.90951, 39.76962 ], [ -105.90903, 39.7688 ], [ -105.90811, 39.76819 ], [ -105.90444, 39.76647 ], [ -105.90231, 39.76586 ], [ -105.90004, 39.76422 ], [ -105.89998, 39.76336 ], [ -105.89395, 39.76329 ], [ -105.89304, 39.76409 ], [ -105.89326, 39.7648 ], [ -105.89542, 39.7665 ], [ -105.89567, 39.76963 ], [ -105.89604, 39.7701 ], [ -105.89666, 39.77023 ], [ -105.8981, 39.7698 ], [ -105.89949, 39.77069 ], [ -105.89987, 39.77175 ], [ -105.90094, 39.77295 ], [ -105.90296, 39.77315 ], [ -105.90482, 39.77405 ], [ -105.90684, 39.77426 ], [ -105.90769, 39.77474 ], [ -105.90867, 39.77575 ], [ -105.90997, 39.77643 ], [ -105.90798, 39.77818 ], [ -105.90869, 39.77894 ], [ -105.90866, 39.77958 ], [ -105.91196, 39.78 ], [ -105.91231, 39.7803 ], [ -105.91238, 39.78084 ], [ -105.91197, 39.78133 ], [ -105.91028, 39.78173 ], [ -105.90808, 39.78282 ], [ -105.90904, 39.78407 ], [ -105.91016, 39.7848 ], [ -105.91023, 39.7862 ], [ -105.90936, 39.78687 ], [ -105.90631, 39.78743 ], [ -105.90519, 39.78669 ], [ -105.90422, 39.78664 ], [ -105.90384, 39.78698 ], [ -105.90431, 39.78772 ], [ -105.90043, 39.79104 ], [ -105.8998, 39.79214 ], [ -105.89997, 39.79249 ], [ -105.90124, 39.79257 ], [ -105.9028, 39.79336 ], [ -105.90358, 39.79247 ], [ -105.90574, 39.79335 ], [ -105.90781, 39.7926 ], [ -105.90906, 39.79168 ], [ -105.9096, 39.79209 ], [ -105.91067, 39.792 ], [ -105.91135, 39.79077 ], [ -105.91228, 39.7901 ], [ -105.91532, 39.78945 ], [ -105.91598, 39.78862 ], [ -105.91714, 39.78871 ], [ -105.91808, 39.78768 ], [ -105.91806, 39.78663 ], [ -105.9192, 39.78709 ], [ -105.92019, 39.78637 ], [ -105.91991, 39.78571 ], [ -105.92024, 39.78546 ], [ -105.92179, 39.78711 ], [ -105.92223, 39.78812 ], [ -105.92387, 39.78822 ], [ -105.92512, 39.78894 ], [ -105.92473, 39.78966 ], [ -105.92502, 39.79 ], [ -105.92606, 39.79014 ], [ -105.92564, 39.78927 ], [ -105.92598, 39.78865 ], [ -105.92681, 39.78854 ], [ -105.92894, 39.7896 ], [ -105.93002, 39.79174 ], [ -105.9308, 39.79177 ], [ -105.93054, 39.79075 ], [ -105.93082, 39.79059 ], [ -105.93296, 39.79215 ], [ -105.93465, 39.79261 ], [ -105.93525, 39.79174 ], [ -105.9352, 39.79051 ], [ -105.93609, 39.79085 ], [ -105.93691, 39.7907 ], [ -105.93767, 39.79091 ], [ -105.93835, 39.79063 ], [ -105.93839, 39.79008 ], [ -105.93909, 39.7908 ], [ -105.93988, 39.79078 ], [ -105.9404, 39.78983 ], [ -105.94078, 39.78993 ], [ -105.94135, 39.78925 ], [ -105.94116, 39.78831 ], [ -105.94153, 39.78796 ], [ -105.94574, 39.78794 ], [ -105.94631, 39.78945 ], [ -105.94743, 39.78972 ], [ -105.94775, 39.7881 ], [ -105.94807, 39.78821 ], [ -105.94839, 39.78928 ], [ -105.94916, 39.78963 ], [ -105.95115, 39.78829 ], [ -105.95363, 39.78882 ], [ -105.95514, 39.78756 ], [ -105.95524, 39.787 ], [ -105.9548, 39.7864 ], [ -105.9566, 39.78598 ], [ -105.95721, 39.78516 ], [ -105.9579, 39.78533 ], [ -105.95868, 39.78618 ], [ -105.96007, 39.78625 ], [ -105.9602, 39.78547 ], [ -105.95941, 39.78494 ], [ -105.95918, 39.78414 ], [ -105.96042, 39.78313 ], [ -105.96107, 39.78303 ], [ -105.963, 39.78351 ], [ -105.96312, 39.78569 ], [ -105.96536, 39.78661 ], [ -105.96559, 39.78828 ], [ -105.96675, 39.78841 ], [ -105.96758, 39.78962 ], [ -105.96836, 39.79006 ], [ -105.96923, 39.78976 ], [ -105.96927, 39.78876 ], [ -105.96875, 39.78766 ], [ -105.96894, 39.78687 ], [ -105.96938, 39.78656 ], [ -105.9702, 39.78682 ], [ -105.97009, 39.7886 ], [ -105.97065, 39.78961 ], [ -105.97178, 39.78869 ], [ -105.97254, 39.78722 ], [ -105.97446, 39.78761 ], [ -105.97551, 39.78821 ], [ -105.97627, 39.7898 ], [ -105.98222, 39.78932 ], [ -105.98269, 39.78919 ], [ -105.98345, 39.78817 ], [ -105.98557, 39.78828 ], [ -105.98596, 39.78852 ], [ -105.98597, 39.78898 ], [ -105.98403, 39.79104 ], [ -105.98062, 39.79164 ], [ -105.97933, 39.79233 ], [ -105.97943, 39.7926 ], [ -105.98089, 39.79271 ], [ -105.98194, 39.79335 ], [ -105.98461, 39.79305 ], [ -105.98536, 39.7924 ], [ -105.98843, 39.79238 ], [ -105.98917, 39.79469 ], [ -105.98877, 39.79659 ], [ -105.99041, 39.7971 ], [ -105.99183, 39.79694 ], [ -105.99189, 39.79561 ], [ -105.99147, 39.79474 ], [ -105.99196, 39.79442 ], [ -105.99234, 39.79453 ], [ -105.99243, 39.79521 ], [ -105.99327, 39.79559 ], [ -105.99349, 39.79717 ], [ -105.99601, 39.79756 ], [ -105.99702, 39.79871 ], [ -105.99793, 39.80138 ], [ -105.9975, 39.80219 ], [ -105.99583, 39.80232 ], [ -105.99669, 39.80416 ], [ -106.00049, 39.80591 ], [ -106.00307, 39.80758 ], [ -106.00778, 39.80638 ], [ -106.01071, 39.80756 ], [ -106.01116, 39.80734 ], [ -106.01099, 39.80612 ], [ -106.01145, 39.80681 ], [ -106.01275, 39.80753 ], [ -106.01289, 39.80852 ], [ -106.01224, 39.80985 ], [ -106.01146, 39.81073 ], [ -106.00892, 39.8124 ], [ -106.00804, 39.81215 ], [ -106.00707, 39.81077 ], [ -106.00433, 39.81098 ], [ -106.00366, 39.81049 ], [ -106.0009, 39.81016 ], [ -106.00026, 39.81158 ], [ -105.99917, 39.8129 ], [ -105.99813, 39.81358 ], [ -105.99419, 39.8143 ], [ -105.99468, 39.81477 ], [ -105.99546, 39.81479 ], [ -105.99598, 39.81548 ], [ -105.99512, 39.8171 ], [ -105.99398, 39.81797 ], [ -105.99406, 39.81851 ], [ -105.9919, 39.81986 ], [ -105.99262, 39.8199 ], [ -105.99329, 39.82121 ], [ -105.99365, 39.82123 ], [ -105.99364, 39.82073 ], [ -105.99651, 39.81881 ], [ -105.99738, 39.81943 ], [ -105.99821, 39.82155 ], [ -105.99875, 39.82151 ], [ -105.99953, 39.82194 ], [ -106.00124, 39.82167 ], [ -106.00242, 39.82062 ], [ -106.00295, 39.81967 ], [ -106.00263, 39.81782 ], [ -106.00433, 39.81746 ], [ -106.00504, 39.81612 ], [ -106.00581, 39.81684 ], [ -106.00607, 39.82005 ], [ -106.00336, 39.82264 ], [ -106.00364, 39.82504 ], [ -106.003, 39.8265 ], [ -106.00236, 39.82623 ], [ -106.00063, 39.82632 ], [ -105.99887, 39.82715 ], [ -106.00071, 39.82782 ], [ -106.00224, 39.82879 ], [ -106.0032, 39.8305 ], [ -106.00326, 39.83186 ], [ -106.00368, 39.83223 ], [ -106.00415, 39.83174 ], [ -106.00548, 39.83259 ], [ -106.0072, 39.83286 ], [ -106.00923, 39.83448 ], [ -106.00967, 39.83586 ], [ -106.01068, 39.8371 ], [ -106.01046, 39.8394 ], [ -106.00898, 39.84084 ], [ -106.00701, 39.84054 ], [ -106.00601, 39.84071 ], [ -106.00565, 39.84206 ], [ -106.00599, 39.84276 ], [ -106.00792, 39.84407 ], [ -106.00842, 39.84416 ], [ -106.00889, 39.84367 ], [ -106.00927, 39.84378 ], [ -106.0096, 39.84484 ], [ -106.01076, 39.84585 ], [ -106.01054, 39.84687 ], [ -106.01008, 39.84699 ], [ -106.00858, 39.8462 ], [ -106.00534, 39.84546 ], [ -106.00353, 39.84455 ], [ -106.00234, 39.84506 ], [ -106.00276, 39.8438 ], [ -106.00077, 39.84245 ], [ -105.99969, 39.8429 ], [ -105.99608, 39.84337 ], [ -105.99438, 39.84246 ], [ -105.99244, 39.84275 ], [ -105.99314, 39.84561 ], [ -105.9908, 39.84872 ], [ -105.99078, 39.85027 ], [ -105.99185, 39.85319 ], [ -105.99383, 39.85404 ], [ -105.99454, 39.8548 ], [ -105.99405, 39.85516 ], [ -105.99267, 39.85518 ], [ -105.99259, 39.85591 ], [ -105.99146, 39.85605 ], [ -105.99121, 39.85639 ], [ -105.99027, 39.8566 ], [ -105.98964, 39.85811 ], [ -105.98616, 39.85866 ], [ -105.98381, 39.8578 ], [ -105.98286, 39.85655 ], [ -105.98093, 39.85525 ], [ -105.98135, 39.85613 ], [ -105.98229, 39.85678 ], [ -105.98202, 39.8579 ], [ -105.98238, 39.85919 ], [ -105.98042, 39.85985 ], [ -105.98022, 39.86055 ], [ -105.98145, 39.86113 ], [ -105.98168, 39.86194 ], [ -105.98206, 39.86209 ], [ -105.98337, 39.86194 ], [ -105.98391, 39.86107 ], [ -105.98653, 39.86173 ], [ -105.98688, 39.86293 ], [ -105.98546, 39.86268 ], [ -105.98393, 39.86294 ], [ -105.98165, 39.86522 ], [ -105.97817, 39.86746 ], [ -105.97697, 39.86746 ], [ -105.97661, 39.86667 ], [ -105.97752, 39.86623 ], [ -105.97696, 39.86569 ], [ -105.97605, 39.86562 ], [ -105.97558, 39.86529 ], [ -105.97356, 39.8655 ], [ -105.9733, 39.8658 ], [ -105.97342, 39.86665 ], [ -105.97495, 39.86767 ], [ -105.97443, 39.86958 ], [ -105.97574, 39.87162 ], [ -105.97609, 39.87287 ], [ -105.97699, 39.8733 ], [ -105.97861, 39.8728 ], [ -105.9806, 39.87278 ], [ -105.98578, 39.87146 ], [ -105.98639, 39.87113 ], [ -105.98676, 39.87028 ], [ -105.98619, 39.86969 ], [ -105.98593, 39.86866 ], [ -105.98965, 39.86723 ], [ -105.99111, 39.86825 ], [ -105.99146, 39.86986 ], [ -105.99207, 39.87077 ], [ -105.9916, 39.87172 ], [ -105.99093, 39.87209 ], [ -105.98839, 39.87202 ], [ -105.98869, 39.87245 ], [ -105.99202, 39.87429 ], [ -105.99298, 39.87426 ], [ -105.99447, 39.87373 ], [ -105.99788, 39.87354 ], [ -106.0006, 39.87273 ], [ -106.00264, 39.87098 ], [ -106.00598, 39.86984 ], [ -106.00859, 39.87 ], [ -106.01115, 39.87066 ], [ -106.01104, 39.87112 ], [ -106.01018, 39.87142 ], [ -106.0102, 39.87242 ], [ -106.01211, 39.87405 ], [ -106.01377, 39.87387 ], [ -106.01475, 39.87265 ], [ -106.0153, 39.87315 ], [ -106.01533, 39.8742 ], [ -106.01568, 39.87458 ], [ -106.01682, 39.87413 ], [ -106.01664, 39.87496 ], [ -106.01607, 39.87524 ], [ -106.01465, 39.87544 ], [ -106.014, 39.87595 ], [ -106.01292, 39.87594 ], [ -106.01174, 39.87654 ], [ -106.01132, 39.87698 ], [ -106.01203, 39.87779 ], [ -106.01185, 39.87822 ], [ -106.00897, 39.87877 ], [ -106.00671, 39.88022 ], [ -106.00204, 39.88087 ], [ -106.00049, 39.87972 ], [ -105.99983, 39.87973 ], [ -105.99802, 39.88101 ], [ -105.99611, 39.88376 ], [ -105.99348, 39.88479 ], [ -105.99289, 39.88315 ], [ -105.99223, 39.8827 ], [ -105.99004, 39.88215 ], [ -105.98636, 39.88212 ], [ -105.98587, 39.88166 ], [ -105.98593, 39.8812 ], [ -105.98713, 39.88028 ], [ -105.98787, 39.87826 ], [ -105.98657, 39.87759 ], [ -105.98555, 39.87763 ], [ -105.985, 39.87845 ], [ -105.98503, 39.87908 ], [ -105.98439, 39.87964 ], [ -105.9846, 39.88076 ], [ -105.984, 39.88117 ], [ -105.98451, 39.88181 ], [ -105.98394, 39.8825 ], [ -105.98405, 39.88368 ], [ -105.98466, 39.88422 ], [ -105.98628, 39.88372 ], [ -105.9869, 39.88427 ], [ -105.98707, 39.88549 ], [ -105.98981, 39.88613 ], [ -105.98914, 39.88737 ], [ -105.98818, 39.88827 ], [ -105.98713, 39.88853 ], [ -105.98244, 39.88599 ], [ -105.98017, 39.88617 ], [ -105.97942, 39.88728 ], [ -105.98082, 39.89036 ], [ -105.98248, 39.89191 ], [ -105.9907, 39.89641 ], [ -105.99457, 39.89779 ], [ -106.00092, 39.89924 ], [ -106.00261, 39.90098 ], [ -106.00366, 39.90285 ], [ -106.00456, 39.90324 ], [ -106.00566, 39.90251 ], [ -106.0069, 39.90273 ], [ -106.00796, 39.90169 ], [ -106.00825, 39.90075 ], [ -106.00773, 39.8992 ], [ -106.00815, 39.89834 ], [ -106.00769, 39.89633 ], [ -106.00859, 39.89503 ], [ -106.01012, 39.89386 ], [ -106.0101, 39.89244 ], [ -106.00776, 39.89208 ], [ -106.00718, 39.8914 ], [ -106.00636, 39.8911 ], [ -106.00559, 39.89125 ], [ -106.00496, 39.8919 ], [ -106.00328, 39.89235 ], [ -106.0021, 39.8934 ], [ -105.99951, 39.89215 ], [ -105.99818, 39.89212 ], [ -105.99725, 39.89151 ], [ -105.99587, 39.89112 ], [ -105.99517, 39.88999 ], [ -105.99402, 39.88908 ], [ -105.99378, 39.88737 ], [ -105.99271, 39.88617 ], [ -105.99438, 39.88559 ], [ -105.9969, 39.88552 ], [ -105.99747, 39.88575 ], [ -105.99818, 39.88692 ], [ -105.99949, 39.88768 ], [ -106.00015, 39.88768 ], [ -106.00055, 39.88751 ], [ -106.00064, 39.88686 ], [ -105.99993, 39.88605 ], [ -106.00283, 39.88573 ], [ -106.00278, 39.8845 ], [ -106.00461, 39.88509 ], [ -106.00671, 39.88497 ], [ -106.00803, 39.8845 ], [ -106.00893, 39.88492 ], [ -106.01314, 39.88445 ], [ -106.01443, 39.88458 ], [ -106.01487, 39.88513 ], [ -106.01661, 39.88509 ], [ -106.01737, 39.88448 ], [ -106.01618, 39.88293 ], [ -106.01646, 39.88273 ], [ -106.01829, 39.8829 ], [ -106.01854, 39.88338 ], [ -106.01789, 39.88393 ], [ -106.01806, 39.88474 ], [ -106.01928, 39.88483 ], [ -106.02006, 39.88435 ], [ -106.02245, 39.88421 ], [ -106.02248, 39.8827 ], [ -106.026, 39.88032 ], [ -106.02899, 39.87935 ], [ -106.02966, 39.87951 ], [ -106.0304, 39.88022 ], [ -106.03123, 39.88235 ], [ -106.03099, 39.88312 ], [ -106.02914, 39.8845 ], [ -106.03003, 39.88498 ], [ -106.03121, 39.88481 ], [ -106.03199, 39.88412 ], [ -106.03253, 39.88264 ], [ -106.03176, 39.87968 ], [ -106.03417, 39.878 ], [ -106.03374, 39.8768 ], [ -106.03529, 39.87667 ], [ -106.03493, 39.87547 ], [ -106.03603, 39.8742 ], [ -106.03563, 39.87177 ], [ -106.03727, 39.86932 ], [ -106.03841, 39.86825 ], [ -106.04033, 39.86728 ], [ -106.0419, 39.86687 ], [ -106.04401, 39.86678 ], [ -106.04755, 39.86564 ], [ -106.04976, 39.86554 ], [ -106.05196, 39.8664 ], [ -106.0524, 39.86789 ], [ -106.05134, 39.86953 ], [ -106.05043, 39.86991 ], [ -106.04942, 39.86926 ], [ -106.05049, 39.86842 ], [ -106.05035, 39.86749 ], [ -106.04783, 39.86746 ], [ -106.04437, 39.8687 ], [ -106.0437, 39.86933 ], [ -106.04497, 39.86946 ], [ -106.04235, 39.87007 ], [ -106.04163, 39.87058 ], [ -106.04239, 39.87082 ], [ -106.04121, 39.87123 ], [ -106.04296, 39.87233 ], [ -106.04333, 39.87106 ], [ -106.04628, 39.87089 ], [ -106.04793, 39.86979 ], [ -106.04858, 39.87042 ], [ -106.04847, 39.87169 ], [ -106.04955, 39.87201 ], [ -106.04966, 39.87331 ], [ -106.05069, 39.87362 ], [ -106.05333, 39.87302 ], [ -106.05716, 39.87077 ], [ -106.05926, 39.87224 ], [ -106.06458, 39.87249 ], [ -106.06814, 39.87404 ], [ -106.07091, 39.87434 ], [ -106.07184, 39.87386 ], [ -106.07407, 39.87154 ], [ -106.07777, 39.87053 ], [ -106.07923, 39.8698 ], [ -106.07989, 39.86851 ], [ -106.07927, 39.86625 ], [ -106.07732, 39.86333 ], [ -106.07768, 39.86148 ], [ -106.07632, 39.86014 ], [ -106.07534, 39.8577 ], [ -106.07312, 39.85638 ], [ -106.07254, 39.85535 ], [ -106.07166, 39.85522 ], [ -106.07115, 39.85483 ], [ -106.071, 39.85183 ], [ -106.07035, 39.85052 ], [ -106.06894, 39.84989 ], [ -106.06669, 39.8499 ], [ -106.06619, 39.85014 ], [ -106.06579, 39.85143 ], [ -106.06452, 39.85236 ], [ -106.06366, 39.85247 ], [ -106.06284, 39.85168 ], [ -106.06189, 39.84982 ], [ -106.06153, 39.84706 ], [ -106.05917, 39.84509 ], [ -106.05866, 39.84276 ], [ -106.05723, 39.84091 ], [ -106.05705, 39.83924 ], [ -106.05775, 39.83729 ], [ -106.05733, 39.83687 ], [ -106.05709, 39.83515 ], [ -106.05548, 39.83314 ], [ -106.0545, 39.83345 ], [ -106.05373, 39.8331 ], [ -106.05295, 39.83316 ], [ -106.05241, 39.83357 ], [ -106.05109, 39.83235 ], [ -106.05061, 39.83235 ], [ -106.0505, 39.83281 ], [ -106.04886, 39.83404 ], [ -106.04792, 39.8342 ], [ -106.04593, 39.83373 ], [ -106.04119, 39.83429 ], [ -106.03992, 39.83512 ], [ -106.03976, 39.83568 ], [ -106.03905, 39.83578 ], [ -106.04002, 39.8337 ], [ -106.0394, 39.83229 ], [ -106.04022, 39.83081 ], [ -106.04, 39.82755 ], [ -106.04095, 39.82788 ], [ -106.04304, 39.82771 ], [ -106.04284, 39.82846 ], [ -106.04332, 39.82929 ], [ -106.04501, 39.82979 ], [ -106.04527, 39.8325 ], [ -106.0462, 39.83311 ], [ -106.0473, 39.83321 ], [ -106.04775, 39.83299 ], [ -106.04662, 39.8318 ], [ -106.04654, 39.83081 ], [ -106.0477, 39.82916 ], [ -106.04812, 39.82917 ], [ -106.04835, 39.82957 ], [ -106.04829, 39.83171 ], [ -106.04877, 39.83213 ], [ -106.04924, 39.83205 ], [ -106.04972, 39.82982 ], [ -106.05015, 39.82992 ], [ -106.05082, 39.83083 ], [ -106.05157, 39.83063 ], [ -106.05073, 39.82673 ], [ -106.04758, 39.82233 ], [ -106.0493, 39.82087 ], [ -106.04919, 39.82047 ], [ -106.04849, 39.8198 ], [ -106.04693, 39.81938 ], [ -106.04587, 39.81787 ], [ -106.04494, 39.81721 ], [ -106.04346, 39.81441 ], [ -106.04071, 39.81286 ], [ -106.03776, 39.81241 ], [ -106.03582, 39.80928 ], [ -106.03218, 39.80739 ], [ -106.0307, 39.80586 ], [ -106.02925, 39.80498 ], [ -106.02863, 39.80393 ], [ -106.02675, 39.80253 ], [ -106.02606, 39.80154 ], [ -106.02569, 39.80275 ], [ -106.02438, 39.80195 ], [ -106.02328, 39.80017 ], [ -106.02442, 39.80053 ], [ -106.02535, 39.79986 ], [ -106.02534, 39.79936 ], [ -106.02353, 39.79764 ], [ -106.02322, 39.79666 ], [ -106.02198, 39.79603 ], [ -106.02163, 39.79519 ], [ -106.0189, 39.79336 ], [ -106.01626, 39.79211 ], [ -106.01671, 39.79016 ], [ -106.01541, 39.78904 ], [ -106.01479, 39.78944 ], [ -106.01403, 39.78947 ], [ -106.01368, 39.78728 ], [ -106.01439, 39.78722 ], [ -106.01453, 39.78758 ], [ -106.01533, 39.78784 ] ] ] } },
{ "type": "Feature", "properties": { "c": "fire", "n": "Fawn Creek", "d": "2020 · 3,401 acres" }, "geometry": { "type": "Polygon", "coordinates": [ [ [ -108.38636, 39.80922 ], [ -108.38734, 39.8084 ], [ -108.38756, 39.80707 ], [ -108.38814, 39.80657 ], [ -108.38971, 39.80618 ], [ -108.39064, 39.80703 ], [ -108.39194, 39.80707 ], [ -108.39273, 39.80594 ], [ -108.3956, 39.80476 ], [ -108.39755, 39.80269 ], [ -108.39943, 39.80184 ], [ -108.40004, 39.80105 ], [ -108.40157, 39.80063 ], [ -108.40298, 39.79927 ], [ -108.40314, 39.79725 ], [ -108.40393, 39.79555 ], [ -108.40665, 39.79316 ], [ -108.40696, 39.79233 ], [ -108.40966, 39.78905 ], [ -108.4128, 39.78629 ], [ -108.41391, 39.78427 ], [ -108.41475, 39.78129 ], [ -108.41668, 39.77798 ], [ -108.41701, 39.77632 ], [ -108.41665, 39.7739 ], [ -108.4183, 39.77152 ], [ -108.41998, 39.76583 ], [ -108.42056, 39.76247 ], [ -108.42193, 39.7607 ], [ -108.42201, 39.75948 ], [ -108.42167, 39.75886 ], [ -108.41931, 39.75943 ], [ -108.41853, 39.76034 ], [ -108.41682, 39.7602 ], [ -108.41596, 39.76051 ], [ -108.41614, 39.76159 ], [ -108.41415, 39.76255 ], [ -108.41339, 39.76347 ], [ -108.41414, 39.76663 ], [ -108.41322, 39.76684 ], [ -108.4121, 39.76669 ], [ -108.41181, 39.76519 ], [ -108.411, 39.76494 ], [ -108.41012, 39.76506 ], [ -108.40967, 39.76565 ], [ -108.40929, 39.76748 ], [ -108.40849, 39.76838 ], [ -108.40683, 39.76893 ], [ -108.4047, 39.76863 ], [ -108.40371, 39.76899 ], [ -108.40364, 39.76959 ], [ -108.4044, 39.76981 ], [ -108.40478, 39.77039 ], [ -108.40463, 39.77091 ], [ -108.40391, 39.77128 ], [ -108.40286, 39.77112 ], [ -108.40041, 39.769 ], [ -108.39738, 39.76706 ], [ -108.39651, 39.76539 ], [ -108.39501, 39.76459 ], [ -108.39111, 39.76412 ], [ -108.38936, 39.76512 ], [ -108.38723, 39.76525 ], [ -108.38613, 39.76562 ], [ -108.38502, 39.76687 ], [ -108.38441, 39.7685 ], [ -108.38534, 39.76945 ], [ -108.38525, 39.77052 ], [ -108.3846, 39.77078 ], [ -108.38189, 39.77061 ], [ -108.38078, 39.77084 ], [ -108.3798, 39.77328 ], [ -108.37981, 39.7745 ], [ -108.38093, 39.77488 ], [ -108.38008, 39.77696 ], [ -108.37896, 39.77805 ], [ -108.37878, 39.77907 ], [ -108.37818, 39.77985 ], [ -108.37731, 39.78048 ], [ -108.37563, 39.78099 ], [ -108.37455, 39.78203 ], [ -108.3745, 39.78298 ], [ -108.37609, 39.78357 ], [ -108.37591, 39.78447 ], [ -108.37497, 39.78515 ], [ -108.37349, 39.78505 ], [ -108.37271, 39.78539 ], [ -108.37262, 39.78659 ], [ -108.37136, 39.78725 ], [ -108.37049, 39.78824 ], [ -108.37021, 39.78885 ], [ -108.37084, 39.7888 ], [ -108.37081, 39.78903 ], [ -108.37007, 39.79025 ], [ -108.36928, 39.79053 ], [ -108.3683, 39.79025 ], [ -108.36779, 39.79042 ], [ -108.36772, 39.79137 ], [ -108.36822, 39.79187 ], [ -108.37032, 39.79178 ], [ -108.3709, 39.79208 ], [ -108.37039, 39.79272 ], [ -108.36808, 39.7931 ], [ -108.3677, 39.79375 ], [ -108.36824, 39.7946 ], [ -108.36952, 39.79468 ], [ -108.37011, 39.79505 ], [ -108.37066, 39.79618 ], [ -108.36946, 39.79657 ], [ -108.36712, 39.79596 ], [ -108.3656, 39.79623 ], [ -108.36464, 39.79741 ], [ -108.36473, 39.79875 ], [ -108.36373, 39.79975 ], [ -108.36398, 39.8005 ], [ -108.36496, 39.80103 ], [ -108.36503, 39.80168 ], [ -108.3646, 39.80186 ], [ -108.3632, 39.8016 ], [ -108.36196, 39.80208 ], [ -108.36173, 39.80277 ], [ -108.3622, 39.80304 ], [ -108.36214, 39.80354 ], [ -108.36089, 39.80522 ], [ -108.36007, 39.80579 ], [ -108.35846, 39.80615 ], [ -108.35554, 39.80595 ], [ -108.35485, 39.8062 ], [ -108.35465, 39.80858 ], [ -108.35327, 39.81179 ], [ -108.35098, 39.81428 ], [ -108.35088, 39.81504 ], [ -108.35141, 39.81574 ], [ -108.3511, 39.81706 ], [ -108.35166, 39.81759 ], [ -108.35272, 39.8178 ], [ -108.35388, 39.81752 ], [ -108.35469, 39.81665 ], [ -108.35534, 39.81647 ], [ -108.3562, 39.8165 ], [ -108.35736, 39.81702 ], [ -108.35872, 39.81697 ], [ -108.35961, 39.81626 ], [ -108.36133, 39.8159 ], [ -108.36111, 39.81452 ], [ -108.36211, 39.81375 ], [ -108.36246, 39.8124 ], [ -108.36465, 39.81161 ], [ -108.36545, 39.811 ], [ -108.36731, 39.81055 ], [ -108.36847, 39.81071 ], [ -108.36924, 39.81145 ], [ -108.36928, 39.8129 ], [ -108.37017, 39.81298 ], [ -108.37169, 39.8125 ], [ -108.37355, 39.81043 ], [ -108.37643, 39.80895 ], [ -108.37928, 39.80474 ], [ -108.38039, 39.8039 ], [ -108.38072, 39.80232 ], [ -108.38182, 39.80029 ], [ -108.38304, 39.79892 ], [ -108.38381, 39.79634 ], [ -108.38506, 39.79562 ], [ -108.38683, 39.7954 ], [ -108.38865, 39.79476 ], [ -108.38964, 39.79418 ], [ -108.39038, 39.79326 ], [ -108.39106, 39.79202 ], [ -108.39113, 39.79095 ], [ -108.39226, 39.78985 ], [ -108.39359, 39.78749 ], [ -108.39347, 39.7854 ], [ -108.39377, 39.78456 ], [ -108.3946, 39.7837 ], [ -108.39661, 39.7825 ], [ -108.39646, 39.78175 ], [ -108.39544, 39.78135 ], [ -108.39556, 39.78041 ], [ -108.39704, 39.77937 ], [ -108.39744, 39.77819 ], [ -108.39807, 39.77791 ], [ -108.39893, 39.77821 ], [ -108.40022, 39.77959 ], [ -108.4009, 39.77962 ], [ -108.40121, 39.77903 ], [ -108.40064, 39.7777 ], [ -108.40094, 39.77684 ], [ -108.40186, 39.77634 ], [ -108.40273, 39.77632 ], [ -108.40335, 39.77677 ], [ -108.40423, 39.77658 ], [ -108.40595, 39.7736 ], [ -108.40644, 39.77409 ], [ -108.40834, 39.77485 ], [ -108.40845, 39.77592 ], [ -108.40532, 39.77806 ], [ -108.40386, 39.78009 ], [ -108.40181, 39.78182 ], [ -108.40101, 39.78335 ], [ -108.40114, 39.78395 ], [ -108.40174, 39.78409 ], [ -108.40284, 39.784 ], [ -108.40373, 39.78351 ], [ -108.40466, 39.78363 ], [ -108.40531, 39.7845 ], [ -108.4053, 39.78531 ], [ -108.40454, 39.78596 ], [ -108.40236, 39.78648 ], [ -108.40044, 39.78756 ], [ -108.39933, 39.78897 ], [ -108.39797, 39.78955 ], [ -108.39806, 39.79014 ], [ -108.39928, 39.79114 ], [ -108.39929, 39.79242 ], [ -108.39853, 39.79304 ], [ -108.39697, 39.7936 ], [ -108.39572, 39.79518 ], [ -108.39321, 39.79643 ], [ -108.39132, 39.79797 ], [ -108.39086, 39.79943 ], [ -108.38995, 39.80026 ], [ -108.39063, 39.80279 ], [ -108.39047, 39.80411 ], [ -108.38831, 39.80463 ], [ -108.38736, 39.80552 ], [ -108.38585, 39.80604 ], [ -108.38503, 39.80701 ], [ -108.38501, 39.80759 ], [ -108.38636, 39.80922 ] ] ] } },
{ "type": "Feature", "properties": { "c": "fire", "n": "Greasewood Wfu", "d": "2004 · 6,970 acres" }, "geometry": { "type": "Polygon", "coordinates": [ [ [ -108.14981, 39.97725 ], [ -108.14842, 39.97834 ], [ -108.14781, 39.97935 ], [ -108.14689, 39.97979 ], [ -108.14636, 39.98049 ], [ -108.14647, 39.98111 ], [ -108.14869, 39.98177 ], [ -108.15464, 39.98524 ], [ -108.15534, 39.9866 ], [ -108.15487, 39.98938 ], [ -108.15895, 39.99042 ], [ -108.16003, 39.99217 ], [ -108.15997, 39.99266 ], [ -108.15852, 39.99414 ], [ -108.15701, 39.99453 ], [ -108.15663, 39.99599 ], [ -108.15465, 39.99642 ], [ -108.15367, 39.99864 ], [ -108.15209, 39.99916 ], [ -108.1517, 39.99972 ], [ -108.152, 40.0012 ], [ -108.15175, 40.00159 ], [ -108.15031, 40.00253 ], [ -108.15012, 40.00314 ], [ -108.14748, 40.00384 ], [ -108.14547, 40.00541 ], [ -108.14472, 40.00751 ], [ -108.14406, 40.00733 ], [ -108.14326, 40.00634 ], [ -108.14167, 40.00721 ], [ -108.14122, 40.00916 ], [ -108.14312, 40.01016 ], [ -108.14272, 40.01151 ], [ -108.14178, 40.01339 ], [ -108.13973, 40.01525 ], [ -108.14057, 40.01553 ], [ -108.13941, 40.01802 ], [ -108.13706, 40.01992 ], [ -108.13774, 40.02021 ], [ -108.13946, 40.02016 ], [ -108.13991, 40.02095 ], [ -108.14231, 40.02095 ], [ -108.14297, 40.02018 ], [ -108.14319, 40.01924 ], [ -108.14468, 40.0191 ], [ -108.14498, 40.01821 ], [ -108.14477, 40.01743 ], [ -108.14632, 40.01631 ], [ -108.14608, 40.01536 ], [ -108.14725, 40.01596 ], [ -108.14842, 40.01536 ], [ -108.14872, 40.01712 ], [ -108.1482, 40.01776 ], [ -108.14926, 40.02028 ], [ -108.14856, 40.02082 ], [ -108.14618, 40.02165 ], [ -108.14587, 40.02263 ], [ -108.14418, 40.02101 ], [ -108.143, 40.02243 ], [ -108.14045, 40.02411 ], [ -108.13782, 40.02532 ], [ -108.139, 40.0258 ], [ -108.14059, 40.02588 ], [ -108.14536, 40.02887 ], [ -108.14632, 40.0308 ], [ -108.14783, 40.03137 ], [ -108.14927, 40.03147 ], [ -108.15015, 40.03293 ], [ -108.15, 40.0339 ], [ -108.15109, 40.0357 ], [ -108.1528, 40.03624 ], [ -108.15292, 40.03718 ], [ -108.15468, 40.03624 ], [ -108.15632, 40.03723 ], [ -108.1572, 40.03721 ], [ -108.15746, 40.03762 ], [ -108.15672, 40.03959 ], [ -108.15721, 40.04205 ], [ -108.15795, 40.04238 ], [ -108.15922, 40.0418 ], [ -108.15946, 40.04131 ], [ -108.16037, 40.0411 ], [ -108.15955, 40.04273 ], [ -108.16083, 40.04654 ], [ -108.16125, 40.049 ], [ -108.16166, 40.04955 ], [ -108.16224, 40.04926 ], [ -108.16281, 40.0517 ], [ -108.16457, 40.05367 ], [ -108.16613, 40.05269 ], [ -108.16576, 40.05141 ], [ -108.16629, 40.04898 ], [ -108.16836, 40.04819 ], [ -108.16649, 40.04646 ], [ -108.16559, 40.04488 ], [ -108.16689, 40.04416 ], [ -108.1672, 40.04508 ], [ -108.16802, 40.04524 ], [ -108.16982, 40.04376 ], [ -108.17066, 40.04225 ], [ -108.1692, 40.04108 ], [ -108.16839, 40.04092 ], [ -108.16854, 40.03995 ], [ -108.16884, 40.03897 ], [ -108.17194, 40.03677 ], [ -108.17014, 40.03456 ], [ -108.16862, 40.03399 ], [ -108.16835, 40.03331 ], [ -108.16902, 40.03264 ], [ -108.16914, 40.03144 ], [ -108.16837, 40.03068 ], [ -108.16745, 40.02804 ], [ -108.16817, 40.02693 ], [ -108.16804, 40.02652 ], [ -108.17009, 40.02428 ], [ -108.17018, 40.02372 ], [ -108.17013, 40.02158 ], [ -108.16939, 40.02094 ], [ -108.16902, 40.01967 ], [ -108.16845, 40.01913 ], [ -108.17093, 40.01425 ], [ -108.17006, 40.01374 ], [ -108.169, 40.01217 ], [ -108.16944, 40.01106 ], [ -108.16845, 40.0108 ], [ -108.17056, 40.00464 ], [ -108.17308, 40.00189 ], [ -108.17613, 39.99945 ], [ -108.17999, 39.99991 ], [ -108.18136, 40.00145 ], [ -108.18378, 40.00085 ], [ -108.18534, 40.00165 ], [ -108.18679, 40.00461 ], [ -108.19075, 40.00196 ], [ -108.19268, 40.00215 ], [ -108.19302, 40.00086 ], [ -108.19383, 40.00026 ], [ -108.19355, 39.99955 ], [ -108.19258, 39.99918 ], [ -108.19316, 39.9977 ], [ -108.19612, 39.99775 ], [ -108.19627, 39.9982 ], [ -108.19457, 40.00105 ], [ -108.19449, 40.0019 ], [ -108.19497, 40.00179 ], [ -108.19721, 40.00288 ], [ -108.19644, 40.00411 ], [ -108.19699, 40.00517 ], [ -108.19782, 40.00509 ], [ -108.19953, 40.0023 ], [ -108.19735, 40.00001 ], [ -108.19891, 39.99807 ], [ -108.19876, 39.99535 ], [ -108.19805, 39.99303 ], [ -108.19436, 39.99173 ], [ -108.19275, 39.99248 ], [ -108.19226, 39.99146 ], [ -108.19474, 39.99026 ], [ -108.19745, 39.98952 ], [ -108.19748, 39.9888 ], [ -108.19395, 39.98843 ], [ -108.19326, 39.98624 ], [ -108.19169, 39.98627 ], [ -108.19105, 39.98526 ], [ -108.19085, 39.98409 ], [ -108.1899, 39.98312 ], [ -108.19185, 39.98098 ], [ -108.1939, 39.98031 ], [ -108.19628, 39.9814 ], [ -108.20042, 39.98173 ], [ -108.20206, 39.98157 ], [ -108.20213, 39.98111 ], [ -108.20179, 39.98046 ], [ -108.20089, 39.98003 ], [ -108.19935, 39.9785 ], [ -108.19601, 39.9774 ], [ -108.19655, 39.97687 ], [ -108.19548, 39.97614 ], [ -108.19348, 39.9755 ], [ -108.19259, 39.97678 ], [ -108.19183, 39.97602 ], [ -108.19155, 39.97438 ], [ -108.19416, 39.97306 ], [ -108.19346, 39.9717 ], [ -108.19109, 39.97074 ], [ -108.18828, 39.9672 ], [ -108.18488, 39.96575 ], [ -108.18579, 39.96459 ], [ -108.1857, 39.96317 ], [ -108.18441, 39.96115 ], [ -108.18465, 39.95791 ], [ -108.18427, 39.95664 ], [ -108.18686, 39.95424 ], [ -108.18768, 39.95178 ], [ -108.18858, 39.95073 ], [ -108.18819, 39.95018 ], [ -108.18643, 39.9502 ], [ -108.18521, 39.95113 ], [ -108.18506, 39.95204 ], [ -108.1831, 39.95437 ], [ -108.18057, 39.95343 ], [ -108.17757, 39.95336 ], [ -108.17656, 39.95203 ], [ -108.17687, 39.94927 ], [ -108.17636, 39.94717 ], [ -108.17397, 39.9461 ], [ -108.17164, 39.94442 ], [ -108.17121, 39.94375 ], [ -108.17143, 39.9423 ], [ -108.16819, 39.94083 ], [ -108.16644, 39.94076 ], [ -108.16337, 39.94213 ], [ -108.16272, 39.94386 ], [ -108.16077, 39.94631 ], [ -108.16126, 39.94733 ], [ -108.15925, 39.95122 ], [ -108.16286, 39.95216 ], [ -108.16194, 39.95257 ], [ -108.16298, 39.9574 ], [ -108.16217, 39.95915 ], [ -108.16115, 39.9596 ], [ -108.15963, 39.95904 ], [ -108.15915, 39.95992 ], [ -108.15766, 39.96042 ], [ -108.15549, 39.96063 ], [ -108.15498, 39.96318 ], [ -108.15565, 39.96431 ], [ -108.15479, 39.96855 ], [ -108.15266, 39.96964 ], [ -108.15231, 39.97249 ], [ -108.15055, 39.97325 ], [ -108.15035, 39.97577 ], [ -108.14981, 39.97725 ] ] ] } },
{ "type": "Feature", "properties": { "c": "fire", "n": "Thirteen", "d": "1988 · 1,337 acres" }, "geometry": { "type": "Polygon", "coordinates": [ [ [ -108.29347, 39.99508 ], [ -108.29324, 39.99465 ], [ -108.29136, 39.9934 ], [ -108.29084, 39.99254 ], [ -108.29083, 39.99163 ], [ -108.29033, 39.99133 ], [ -108.28855, 39.99156 ], [ -108.28803, 39.99076 ], [ -108.28451, 39.99007 ], [ -108.2835, 39.98949 ], [ -108.27991, 39.98973 ], [ -108.27916, 39.98797 ], [ -108.27766, 39.9872 ], [ -108.27399, 39.98699 ], [ -108.27343, 39.98722 ], [ -108.27298, 39.98812 ], [ -108.27291, 39.9895 ], [ -108.27215, 39.99077 ], [ -108.27333, 39.99191 ], [ -108.27356, 39.99281 ], [ -108.27584, 39.99378 ], [ -108.2776, 39.99344 ], [ -108.28049, 39.99441 ], [ -108.28249, 39.9937 ], [ -108.28269, 39.99488 ], [ -108.28184, 39.99611 ], [ -108.28017, 39.9965 ], [ -108.27924, 39.99728 ], [ -108.27819, 39.99904 ], [ -108.27577, 39.9995 ], [ -108.27482, 40.00017 ], [ -108.27483, 40.002 ], [ -108.27425, 40.00343 ], [ -108.27253, 40.00399 ], [ -108.27223, 40.00442 ], [ -108.27238, 40.00578 ], [ -108.27177, 40.00664 ], [ -108.26974, 40.00758 ], [ -108.26804, 40.00958 ], [ -108.26679, 40.01284 ], [ -108.26665, 40.01514 ], [ -108.26569, 40.0157 ], [ -108.26531, 40.01659 ], [ -108.26773, 40.01658 ], [ -108.26949, 40.01624 ], [ -108.27005, 40.01641 ], [ -108.26929, 40.01774 ], [ -108.26705, 40.02008 ], [ -108.26426, 40.02195 ], [ -108.26105, 40.02569 ], [ -108.26049, 40.02598 ], [ -108.25944, 40.02557 ], [ -108.25766, 40.0258 ], [ -108.25692, 40.02678 ], [ -108.25636, 40.02661 ], [ -108.25453, 40.02479 ], [ -108.25391, 40.02468 ], [ -108.2536, 40.02511 ], [ -108.25406, 40.02643 ], [ -108.25563, 40.02851 ], [ -108.25784, 40.02949 ], [ -108.25832, 40.02922 ], [ -108.25839, 40.02738 ], [ -108.25957, 40.02767 ], [ -108.26166, 40.02661 ], [ -108.26365, 40.02412 ], [ -108.26501, 40.02319 ], [ -108.26619, 40.02347 ], [ -108.26757, 40.02443 ], [ -108.27051, 40.02391 ], [ -108.27228, 40.02145 ], [ -108.27284, 40.02162 ], [ -108.27521, 40.02133 ], [ -108.27759, 40.01979 ], [ -108.28048, 40.01899 ], [ -108.28077, 40.01759 ], [ -108.28195, 40.01741 ], [ -108.28225, 40.01653 ], [ -108.28333, 40.01528 ], [ -108.28443, 40.01551 ], [ -108.28509, 40.01631 ], [ -108.28566, 40.01608 ], [ -108.28611, 40.01518 ], [ -108.28595, 40.01382 ], [ -108.28712, 40.01268 ], [ -108.28727, 40.01135 ], [ -108.28787, 40.01043 ], [ -108.28992, 40.0092 ], [ -108.29037, 40.00784 ], [ -108.29014, 40.00695 ], [ -108.29198, 40.00574 ], [ -108.2915, 40.00168 ], [ -108.2909, 40.00036 ], [ -108.29267, 39.99836 ], [ -108.29347, 39.99508 ] ] ] } },
{ "type": "Feature", "properties": { "c": "fire", "n": "Oil Springs", "d": "2021 · 12,598 acres" }, "geometry": { "type": "Polygon", "coordinates": [ [ [ -108.89098, 39.72173 ], [ -108.89045, 39.72146 ], [ -108.8887, 39.7216 ], [ -108.88759, 39.72308 ], [ -108.88649, 39.72331 ], [ -108.88637, 39.72291 ], [ -108.88716, 39.72217 ], [ -108.88713, 39.72153 ], [ -108.88538, 39.72008 ], [ -108.88332, 39.7191 ], [ -108.88032, 39.71904 ], [ -108.88043, 39.71813 ], [ -108.88308, 39.71647 ], [ -108.88312, 39.7159 ], [ -108.88043, 39.7158 ], [ -108.87869, 39.7151 ], [ -108.87802, 39.71534 ], [ -108.87687, 39.71766 ], [ -108.8773, 39.71839 ], [ -108.87827, 39.71848 ], [ -108.87905, 39.71905 ], [ -108.87943, 39.72082 ], [ -108.87816, 39.72184 ], [ -108.87579, 39.72248 ], [ -108.87527, 39.72192 ], [ -108.87586, 39.72101 ], [ -108.87579, 39.7203 ], [ -108.87387, 39.71905 ], [ -108.87362, 39.71708 ], [ -108.87248, 39.71706 ], [ -108.86932, 39.71779 ], [ -108.86732, 39.71899 ], [ -108.86572, 39.71903 ], [ -108.86523, 39.71878 ], [ -108.86492, 39.71764 ], [ -108.86268, 39.71715 ], [ -108.86135, 39.71624 ], [ -108.8595, 39.71382 ], [ -108.8577, 39.71377 ], [ -108.85491, 39.71231 ], [ -108.85292, 39.71206 ], [ -108.85133, 39.71219 ], [ -108.84954, 39.71095 ], [ -108.84692, 39.71048 ], [ -108.84404, 39.70909 ], [ -108.84316, 39.70931 ], [ -108.84246, 39.71038 ], [ -108.84268, 39.71121 ], [ -108.84434, 39.71178 ], [ -108.84458, 39.71227 ], [ -108.84431, 39.71258 ], [ -108.84333, 39.71257 ], [ -108.84179, 39.71153 ], [ -108.83823, 39.71136 ], [ -108.83659, 39.71245 ], [ -108.83636, 39.7137 ], [ -108.83548, 39.71381 ], [ -108.83495, 39.71273 ], [ -108.83422, 39.7126 ], [ -108.8334, 39.71177 ], [ -108.83141, 39.70898 ], [ -108.8289, 39.70795 ], [ -108.82809, 39.70652 ], [ -108.82721, 39.70586 ], [ -108.82652, 39.70562 ], [ -108.82502, 39.70568 ], [ -108.82504, 39.70518 ], [ -108.8258, 39.70446 ], [ -108.82578, 39.70358 ], [ -108.82494, 39.70269 ], [ -108.82447, 39.70106 ], [ -108.82298, 39.70045 ], [ -108.82283, 39.69997 ], [ -108.82356, 39.69857 ], [ -108.82384, 39.69602 ], [ -108.82524, 39.69536 ], [ -108.82532, 39.69461 ], [ -108.82383, 39.69266 ], [ -108.82274, 39.69267 ], [ -108.82202, 39.69222 ], [ -108.82122, 39.68972 ], [ -108.81832, 39.68721 ], [ -108.81699, 39.6869 ], [ -108.81641, 39.68729 ], [ -108.81811, 39.68999 ], [ -108.81775, 39.69065 ], [ -108.81641, 39.68988 ], [ -108.8155, 39.69031 ], [ -108.81545, 39.69114 ], [ -108.81633, 39.69231 ], [ -108.81634, 39.69312 ], [ -108.81211, 39.69564 ], [ -108.81102, 39.69592 ], [ -108.81025, 39.69582 ], [ -108.80988, 39.69475 ], [ -108.80795, 39.6939 ], [ -108.80716, 39.69299 ], [ -108.80724, 39.69208 ], [ -108.80828, 39.69097 ], [ -108.80937, 39.68853 ], [ -108.80921, 39.68786 ], [ -108.80845, 39.68736 ], [ -108.80694, 39.68702 ], [ -108.80335, 39.68693 ], [ -108.8026, 39.68727 ], [ -108.8021, 39.68856 ], [ -108.80089, 39.68811 ], [ -108.79975, 39.68808 ], [ -108.79677, 39.68964 ], [ -108.7968, 39.69014 ], [ -108.79765, 39.69064 ], [ -108.80163, 39.69101 ], [ -108.79896, 39.69287 ], [ -108.79947, 39.69624 ], [ -108.79818, 39.69766 ], [ -108.79781, 39.69964 ], [ -108.79802, 39.70066 ], [ -108.79924, 39.70166 ], [ -108.79864, 39.70403 ], [ -108.80001, 39.70556 ], [ -108.79883, 39.70703 ], [ -108.79877, 39.70875 ], [ -108.79766, 39.71105 ], [ -108.79769, 39.71228 ], [ -108.7981, 39.71281 ], [ -108.80022, 39.71247 ], [ -108.80087, 39.71298 ], [ -108.80058, 39.7136 ], [ -108.79941, 39.71405 ], [ -108.79917, 39.71453 ], [ -108.80066, 39.71793 ], [ -108.80001, 39.71888 ], [ -108.79816, 39.72027 ], [ -108.79794, 39.72148 ], [ -108.79854, 39.72181 ], [ -108.79944, 39.7216 ], [ -108.80151, 39.71974 ], [ -108.80228, 39.71973 ], [ -108.8025, 39.72018 ], [ -108.80137, 39.72229 ], [ -108.80068, 39.72258 ], [ -108.79859, 39.72259 ], [ -108.79816, 39.72368 ], [ -108.79916, 39.72506 ], [ -108.80232, 39.72392 ], [ -108.80326, 39.72411 ], [ -108.8036, 39.7246 ], [ -108.80316, 39.72565 ], [ -108.80169, 39.72688 ], [ -108.80122, 39.72768 ], [ -108.80145, 39.72993 ], [ -108.8007, 39.73135 ], [ -108.80081, 39.73232 ], [ -108.80459, 39.73117 ], [ -108.80602, 39.73011 ], [ -108.80726, 39.72965 ], [ -108.80784, 39.7274 ], [ -108.80965, 39.72323 ], [ -108.81061, 39.72267 ], [ -108.81242, 39.72314 ], [ -108.8134, 39.72273 ], [ -108.8132, 39.72178 ], [ -108.81157, 39.72071 ], [ -108.81136, 39.72012 ], [ -108.81218, 39.71912 ], [ -108.81364, 39.71894 ], [ -108.81557, 39.71984 ], [ -108.81828, 39.72037 ], [ -108.81975, 39.72106 ], [ -108.8195, 39.72206 ], [ -108.81747, 39.72431 ], [ -108.81831, 39.72457 ], [ -108.81871, 39.72532 ], [ -108.81765, 39.72662 ], [ -108.81748, 39.72761 ], [ -108.81805, 39.72837 ], [ -108.82037, 39.72934 ], [ -108.82123, 39.73011 ], [ -108.82067, 39.73078 ], [ -108.8189, 39.73042 ], [ -108.81808, 39.73074 ], [ -108.81888, 39.73313 ], [ -108.81807, 39.73509 ], [ -108.81832, 39.73634 ], [ -108.81868, 39.73671 ], [ -108.8195, 39.73571 ], [ -108.82011, 39.73238 ], [ -108.821, 39.73199 ], [ -108.82224, 39.73191 ], [ -108.82365, 39.73288 ], [ -108.82484, 39.73536 ], [ -108.825, 39.73661 ], [ -108.82627, 39.73731 ], [ -108.82648, 39.73799 ], [ -108.82613, 39.73867 ], [ -108.82531, 39.73917 ], [ -108.8242, 39.73844 ], [ -108.8223, 39.73912 ], [ -108.82114, 39.74045 ], [ -108.81711, 39.7401 ], [ -108.81538, 39.74026 ], [ -108.81518, 39.74054 ], [ -108.81502, 39.74352 ], [ -108.8128, 39.74701 ], [ -108.81206, 39.74951 ], [ -108.81268, 39.75056 ], [ -108.81423, 39.75153 ], [ -108.81573, 39.75212 ], [ -108.81747, 39.75226 ], [ -108.81744, 39.75274 ], [ -108.81628, 39.75328 ], [ -108.81599, 39.75474 ], [ -108.81781, 39.75985 ], [ -108.81714, 39.76044 ], [ -108.81513, 39.76082 ], [ -108.81294, 39.76046 ], [ -108.81115, 39.76106 ], [ -108.81079, 39.76154 ], [ -108.81104, 39.76302 ], [ -108.81047, 39.76464 ], [ -108.80677, 39.76921 ], [ -108.80503, 39.77044 ], [ -108.80183, 39.77152 ], [ -108.80072, 39.7726 ], [ -108.80096, 39.77302 ], [ -108.80201, 39.77334 ], [ -108.80579, 39.77315 ], [ -108.8108, 39.76996 ], [ -108.81222, 39.7702 ], [ -108.81413, 39.76933 ], [ -108.81491, 39.76927 ], [ -108.81619, 39.76953 ], [ -108.817, 39.77004 ], [ -108.8173, 39.77098 ], [ -108.81598, 39.7719 ], [ -108.81511, 39.77301 ], [ -108.81112, 39.77503 ], [ -108.81145, 39.77665 ], [ -108.81317, 39.77899 ], [ -108.81255, 39.77928 ], [ -108.81162, 39.77863 ], [ -108.81092, 39.77884 ], [ -108.81098, 39.77952 ], [ -108.81191, 39.78019 ], [ -108.81207, 39.78088 ], [ -108.80991, 39.78276 ], [ -108.81045, 39.78321 ], [ -108.81207, 39.78306 ], [ -108.81305, 39.78352 ], [ -108.81385, 39.7847 ], [ -108.81387, 39.78595 ], [ -108.81324, 39.78683 ], [ -108.81206, 39.7872 ], [ -108.81108, 39.7872 ], [ -108.80939, 39.78653 ], [ -108.80812, 39.78684 ], [ -108.80807, 39.78766 ], [ -108.80901, 39.78869 ], [ -108.80959, 39.79002 ], [ -108.80937, 39.79232 ], [ -108.80787, 39.79363 ], [ -108.80529, 39.79448 ], [ -108.80371, 39.79706 ], [ -108.80096, 39.79933 ], [ -108.79981, 39.80098 ], [ -108.79599, 39.80333 ], [ -108.79586, 39.80444 ], [ -108.79667, 39.80592 ], [ -108.79645, 39.80731 ], [ -108.79577, 39.80821 ], [ -108.79463, 39.80892 ], [ -108.79198, 39.80895 ], [ -108.79109, 39.80936 ], [ -108.791, 39.80999 ], [ -108.79191, 39.81143 ], [ -108.79564, 39.81261 ], [ -108.7961, 39.81372 ], [ -108.79667, 39.81411 ], [ -108.79827, 39.81387 ], [ -108.79903, 39.81319 ], [ -108.80017, 39.81094 ], [ -108.80149, 39.80968 ], [ -108.80391, 39.80892 ], [ -108.80624, 39.80938 ], [ -108.80736, 39.80921 ], [ -108.80964, 39.80546 ], [ -108.81092, 39.80493 ], [ -108.81325, 39.80487 ], [ -108.81395, 39.80461 ], [ -108.81496, 39.80328 ], [ -108.81753, 39.80193 ], [ -108.8182, 39.79977 ], [ -108.82019, 39.7982 ], [ -108.82235, 39.79713 ], [ -108.82318, 39.79589 ], [ -108.82408, 39.79558 ], [ -108.82553, 39.79584 ], [ -108.82617, 39.79556 ], [ -108.82536, 39.79363 ], [ -108.82539, 39.79244 ], [ -108.82637, 39.79119 ], [ -108.82927, 39.78931 ], [ -108.83055, 39.78445 ], [ -108.83165, 39.78387 ], [ -108.83315, 39.78493 ], [ -108.83453, 39.78474 ], [ -108.83484, 39.78208 ], [ -108.83625, 39.78147 ], [ -108.83538, 39.77884 ], [ -108.83596, 39.77844 ], [ -108.83665, 39.77887 ], [ -108.83728, 39.77865 ], [ -108.83715, 39.77809 ], [ -108.83634, 39.77767 ], [ -108.83631, 39.7771 ], [ -108.8374, 39.77664 ], [ -108.83858, 39.77527 ], [ -108.84045, 39.77538 ], [ -108.84117, 39.77476 ], [ -108.84036, 39.77273 ], [ -108.84066, 39.77167 ], [ -108.84005, 39.76938 ], [ -108.83895, 39.76806 ], [ -108.83744, 39.76745 ], [ -108.83719, 39.7662 ], [ -108.83804, 39.76571 ], [ -108.84029, 39.76595 ], [ -108.84165, 39.76575 ], [ -108.84304, 39.76409 ], [ -108.84387, 39.76447 ], [ -108.84465, 39.76444 ], [ -108.84518, 39.76363 ], [ -108.84519, 39.76166 ], [ -108.84562, 39.76094 ], [ -108.84633, 39.76091 ], [ -108.84691, 39.76125 ], [ -108.84673, 39.76253 ], [ -108.84729, 39.76438 ], [ -108.84698, 39.76612 ], [ -108.84742, 39.76667 ], [ -108.84805, 39.76676 ], [ -108.84884, 39.76612 ], [ -108.84865, 39.76398 ], [ -108.84949, 39.76315 ], [ -108.84961, 39.7619 ], [ -108.85007, 39.7612 ], [ -108.85266, 39.76077 ], [ -108.85733, 39.75841 ], [ -108.86007, 39.75791 ], [ -108.8607, 39.75747 ], [ -108.86069, 39.75655 ], [ -108.86129, 39.7559 ], [ -108.86701, 39.75556 ], [ -108.87034, 39.75645 ], [ -108.87174, 39.75654 ], [ -108.87237, 39.75702 ], [ -108.87297, 39.75705 ], [ -108.87381, 39.75643 ], [ -108.87435, 39.75431 ], [ -108.87593, 39.75391 ], [ -108.8772, 39.75421 ], [ -108.88077, 39.75613 ], [ -108.882, 39.75607 ], [ -108.88403, 39.7553 ], [ -108.88576, 39.75611 ], [ -108.88743, 39.75598 ], [ -108.8901, 39.75712 ], [ -108.89291, 39.75899 ], [ -108.89419, 39.7593 ], [ -108.89591, 39.7592 ], [ -108.89688, 39.76001 ], [ -108.89749, 39.76167 ], [ -108.89878, 39.76226 ], [ -108.89977, 39.76329 ], [ -108.90263, 39.76472 ], [ -108.90414, 39.76475 ], [ -108.90413, 39.76425 ], [ -108.90301, 39.76375 ], [ -108.90271, 39.76328 ], [ -108.90396, 39.76273 ], [ -108.90397, 39.76203 ], [ -108.90308, 39.762 ], [ -108.90243, 39.76261 ], [ -108.9019, 39.76245 ], [ -108.89974, 39.76119 ], [ -108.89902, 39.75966 ], [ -108.89945, 39.75905 ], [ -108.90081, 39.75828 ], [ -108.90188, 39.7567 ], [ -108.90266, 39.75674 ], [ -108.90318, 39.75743 ], [ -108.90407, 39.7572 ], [ -108.90477, 39.75532 ], [ -108.90472, 39.75437 ], [ -108.90345, 39.75284 ], [ -108.90056, 39.75265 ], [ -108.89658, 39.75079 ], [ -108.89656, 39.75037 ], [ -108.89722, 39.7498 ], [ -108.89715, 39.74913 ], [ -108.89553, 39.74807 ], [ -108.89523, 39.7473 ], [ -108.89624, 39.7457 ], [ -108.89562, 39.74304 ], [ -108.8963, 39.74191 ], [ -108.89627, 39.74121 ], [ -108.8942, 39.73874 ], [ -108.8933, 39.73679 ], [ -108.89209, 39.73521 ], [ -108.89241, 39.73273 ], [ -108.8921, 39.7314 ], [ -108.89131, 39.73012 ], [ -108.89201, 39.72798 ], [ -108.89139, 39.72667 ], [ -108.89098, 39.72173 ] ] ] } },
{ "type": "Feature", "properties": { "c": "fire", "n": "Wild Rose", "d": "2013 · 1,154 acres" }, "geometry": { "type": "Polygon", "coordinates": [ [ [ -108.85685, 39.7788 ], [ -108.85793, 39.77852 ], [ -108.85909, 39.77868 ], [ -108.8594, 39.77911 ], [ -108.85889, 39.78092 ], [ -108.85972, 39.78136 ], [ -108.86143, 39.78036 ], [ -108.86328, 39.78014 ], [ -108.86541, 39.77606 ], [ -108.86628, 39.77583 ], [ -108.86807, 39.77616 ], [ -108.86855, 39.77588 ], [ -108.87395, 39.76937 ], [ -108.87475, 39.76669 ], [ -108.87449, 39.76311 ], [ -108.87372, 39.76136 ], [ -108.87386, 39.7584 ], [ -108.87268, 39.75644 ], [ -108.87011, 39.7548 ], [ -108.86669, 39.7546 ], [ -108.86043, 39.75507 ], [ -108.8593, 39.75547 ], [ -108.85752, 39.75691 ], [ -108.85325, 39.75876 ], [ -108.85084, 39.7603 ], [ -108.85055, 39.76088 ], [ -108.85182, 39.76213 ], [ -108.85176, 39.76306 ], [ -108.8494, 39.76341 ], [ -108.84904, 39.76431 ], [ -108.84966, 39.76526 ], [ -108.84957, 39.76566 ], [ -108.84828, 39.76556 ], [ -108.84712, 39.76585 ], [ -108.84677, 39.76766 ], [ -108.84755, 39.76904 ], [ -108.84867, 39.76944 ], [ -108.85156, 39.76868 ], [ -108.85257, 39.76926 ], [ -108.85285, 39.77084 ], [ -108.85264, 39.77177 ], [ -108.85326, 39.77354 ], [ -108.85194, 39.77625 ], [ -108.85228, 39.77741 ], [ -108.85337, 39.77796 ], [ -108.85466, 39.7799 ], [ -108.85566, 39.77978 ], [ -108.85685, 39.7788 ] ] ] } },
{ "type": "Feature", "properties": { "c": "fire", "n": "Jelly", "d": "2001 · 2,044 acres" }, "geometry": { "type": "Polygon", "coordinates": [ [ [ -108.46622, 40.06766 ], [ -108.46674, 40.06659 ], [ -108.46712, 40.06653 ], [ -108.46773, 40.06654 ], [ -108.46862, 40.06741 ], [ -108.4694, 40.06767 ], [ -108.46965, 40.06742 ], [ -108.46902, 40.06573 ], [ -108.47025, 40.06536 ], [ -108.47273, 40.06526 ], [ -108.47255, 40.0646 ], [ -108.47288, 40.064 ], [ -108.47462, 40.06411 ], [ -108.47485, 40.06361 ], [ -108.47592, 40.06289 ], [ -108.47678, 40.06314 ], [ -108.47796, 40.06299 ], [ -108.48075, 40.06022 ], [ -108.48047, 40.05752 ], [ -108.48092, 40.05621 ], [ -108.48213, 40.05524 ], [ -108.4821, 40.05445 ], [ -108.48111, 40.05415 ], [ -108.47909, 40.05441 ], [ -108.47509, 40.05635 ], [ -108.4747, 40.0559 ], [ -108.47501, 40.05507 ], [ -108.47468, 40.05464 ], [ -108.47326, 40.05423 ], [ -108.47412, 40.05304 ], [ -108.4757, 40.052 ], [ -108.47419, 40.05058 ], [ -108.47396, 40.04862 ], [ -108.47825, 40.04893 ], [ -108.47952, 40.04882 ], [ -108.48019, 40.04836 ], [ -108.47964, 40.0471 ], [ -108.47618, 40.04723 ], [ -108.47612, 40.04527 ], [ -108.47538, 40.04488 ], [ -108.47452, 40.04509 ], [ -108.47391, 40.04655 ], [ -108.47289, 40.0465 ], [ -108.47252, 40.04614 ], [ -108.47163, 40.04618 ], [ -108.47034, 40.04794 ], [ -108.46673, 40.05099 ], [ -108.46465, 40.05077 ], [ -108.46254, 40.05098 ], [ -108.46199, 40.05043 ], [ -108.46221, 40.04972 ], [ -108.46186, 40.04781 ], [ -108.45887, 40.04629 ], [ -108.45805, 40.04656 ], [ -108.45634, 40.04817 ], [ -108.45459, 40.04843 ], [ -108.45232, 40.04954 ], [ -108.45126, 40.0507 ], [ -108.45222, 40.05182 ], [ -108.45179, 40.05209 ], [ -108.45054, 40.05128 ], [ -108.44999, 40.05126 ], [ -108.44732, 40.05252 ], [ -108.44642, 40.0525 ], [ -108.4459, 40.05194 ], [ -108.44598, 40.0506 ], [ -108.44705, 40.04952 ], [ -108.44719, 40.04885 ], [ -108.44693, 40.04786 ], [ -108.44566, 40.04698 ], [ -108.44365, 40.04622 ], [ -108.43831, 40.04662 ], [ -108.43766, 40.04709 ], [ -108.43772, 40.04776 ], [ -108.43677, 40.04891 ], [ -108.43395, 40.05081 ], [ -108.43184, 40.05151 ], [ -108.42952, 40.05473 ], [ -108.4298, 40.05538 ], [ -108.43142, 40.056 ], [ -108.43333, 40.05742 ], [ -108.43391, 40.05721 ], [ -108.43362, 40.05467 ], [ -108.43253, 40.05462 ], [ -108.43185, 40.05509 ], [ -108.43129, 40.05491 ], [ -108.43129, 40.05424 ], [ -108.43208, 40.05302 ], [ -108.43348, 40.05222 ], [ -108.43437, 40.05234 ], [ -108.43745, 40.05394 ], [ -108.43835, 40.05394 ], [ -108.43892, 40.05449 ], [ -108.44026, 40.05499 ], [ -108.44199, 40.05474 ], [ -108.44375, 40.05499 ], [ -108.44416, 40.05465 ], [ -108.44461, 40.05482 ], [ -108.44545, 40.05672 ], [ -108.44495, 40.05804 ], [ -108.44549, 40.06002 ], [ -108.44655, 40.06112 ], [ -108.44933, 40.06224 ], [ -108.45026, 40.06227 ], [ -108.45029, 40.06294 ], [ -108.44582, 40.06721 ], [ -108.44515, 40.06675 ], [ -108.44427, 40.06684 ], [ -108.44274, 40.06754 ], [ -108.44249, 40.0682 ], [ -108.44299, 40.06912 ], [ -108.4417, 40.0704 ], [ -108.4412, 40.07057 ], [ -108.4404, 40.07002 ], [ -108.43942, 40.0704 ], [ -108.43808, 40.07169 ], [ -108.43741, 40.07298 ], [ -108.43658, 40.07272 ], [ -108.43595, 40.07202 ], [ -108.43525, 40.07195 ], [ -108.43408, 40.07348 ], [ -108.43353, 40.07319 ], [ -108.4331, 40.07241 ], [ -108.43203, 40.07315 ], [ -108.43033, 40.07222 ], [ -108.43067, 40.07078 ], [ -108.42981, 40.07071 ], [ -108.42894, 40.07134 ], [ -108.42757, 40.07102 ], [ -108.42679, 40.07042 ], [ -108.42794, 40.06948 ], [ -108.43002, 40.06875 ], [ -108.42996, 40.0683 ], [ -108.42941, 40.06808 ], [ -108.42592, 40.06879 ], [ -108.42433, 40.07043 ], [ -108.42346, 40.07028 ], [ -108.42191, 40.06942 ], [ -108.42198, 40.06867 ], [ -108.42151, 40.06834 ], [ -108.42034, 40.06849 ], [ -108.41922, 40.06751 ], [ -108.41841, 40.06511 ], [ -108.41679, 40.06451 ], [ -108.41414, 40.06442 ], [ -108.41412, 40.0651 ], [ -108.41582, 40.0655 ], [ -108.41838, 40.06977 ], [ -108.42639, 40.07371 ], [ -108.42707, 40.07392 ], [ -108.42934, 40.07376 ], [ -108.42944, 40.07436 ], [ -108.42868, 40.07514 ], [ -108.42907, 40.07548 ], [ -108.42994, 40.07551 ], [ -108.43061, 40.07448 ], [ -108.43145, 40.07499 ], [ -108.43314, 40.07516 ], [ -108.43347, 40.07559 ], [ -108.43542, 40.07601 ], [ -108.43692, 40.07527 ], [ -108.43885, 40.07514 ], [ -108.43963, 40.07572 ], [ -108.43931, 40.07615 ], [ -108.43958, 40.07659 ], [ -108.44102, 40.07647 ], [ -108.44162, 40.07687 ], [ -108.4438, 40.07632 ], [ -108.44605, 40.07637 ], [ -108.4461, 40.07571 ], [ -108.44743, 40.07463 ], [ -108.44854, 40.07458 ], [ -108.44892, 40.07549 ], [ -108.44987, 40.07548 ], [ -108.45027, 40.07437 ], [ -108.45119, 40.07446 ], [ -108.45194, 40.07369 ], [ -108.4543, 40.07257 ], [ -108.45687, 40.07204 ], [ -108.45774, 40.07114 ], [ -108.46056, 40.06992 ], [ -108.46159, 40.07004 ], [ -108.46208, 40.06947 ], [ -108.46372, 40.07002 ], [ -108.46489, 40.06982 ], [ -108.46529, 40.06892 ], [ -108.46446, 40.06866 ], [ -108.46355, 40.06905 ], [ -108.46326, 40.06884 ], [ -108.46362, 40.06834 ], [ -108.46622, 40.06766 ] ] ] } },
{ "type": "Feature", "properties": { "c": "fire", "n": "Switchback", "d": "2000 · 1,656 acres" }, "geometry": { "type": "Polygon", "coordinates": [ [ [ -108.64957, 40.0836 ], [ -108.64987, 40.08317 ], [ -108.64963, 40.08228 ], [ -108.64895, 40.08098 ], [ -108.64771, 40.07996 ], [ -108.64477, 40.07923 ], [ -108.64034, 40.07905 ], [ -108.63917, 40.07928 ], [ -108.63867, 40.07899 ], [ -108.63873, 40.07807 ], [ -108.637, 40.07555 ], [ -108.63675, 40.07375 ], [ -108.63585, 40.07252 ], [ -108.63699, 40.07081 ], [ -108.63629, 40.06813 ], [ -108.63425, 40.0652 ], [ -108.63459, 40.06196 ], [ -108.63359, 40.05977 ], [ -108.63333, 40.0566 ], [ -108.63297, 40.05623 ], [ -108.62992, 40.05614 ], [ -108.62991, 40.05568 ], [ -108.63075, 40.05486 ], [ -108.63052, 40.05396 ], [ -108.63091, 40.05358 ], [ -108.63097, 40.05266 ], [ -108.62882, 40.05036 ], [ -108.62577, 40.05067 ], [ -108.62553, 40.04978 ], [ -108.62639, 40.04906 ], [ -108.62616, 40.04863 ], [ -108.62497, 40.04829 ], [ -108.62325, 40.04972 ], [ -108.62281, 40.05063 ], [ -108.62147, 40.04905 ], [ -108.62089, 40.04882 ], [ -108.61972, 40.04905 ], [ -108.61977, 40.05059 ], [ -108.6209, 40.0527 ], [ -108.62114, 40.05405 ], [ -108.62006, 40.05439 ], [ -108.61982, 40.05602 ], [ -108.61894, 40.05662 ], [ -108.61838, 40.05645 ], [ -108.61771, 40.05566 ], [ -108.61314, 40.05423 ], [ -108.61148, 40.05343 ], [ -108.60851, 40.05332 ], [ -108.60716, 40.05552 ], [ -108.60856, 40.06087 ], [ -108.61082, 40.06253 ], [ -108.61189, 40.06471 ], [ -108.61317, 40.06641 ], [ -108.61456, 40.06741 ], [ -108.6151, 40.06873 ], [ -108.61774, 40.07081 ], [ -108.61892, 40.07103 ], [ -108.62139, 40.07089 ], [ -108.62288, 40.0716 ], [ -108.6212, 40.07366 ], [ -108.62107, 40.0755 ], [ -108.62296, 40.07674 ], [ -108.62561, 40.07928 ], [ -108.62607, 40.0802 ], [ -108.62722, 40.08071 ], [ -108.62845, 40.08076 ], [ -108.62889, 40.08112 ], [ -108.62943, 40.08289 ], [ -108.63088, 40.08378 ], [ -108.63176, 40.08494 ], [ -108.63341, 40.08569 ], [ -108.63401, 40.08649 ], [ -108.63578, 40.08665 ], [ -108.63629, 40.08695 ], [ -108.63719, 40.08817 ], [ -108.63838, 40.08805 ], [ -108.64115, 40.08914 ], [ -108.64295, 40.08902 ], [ -108.64351, 40.08919 ], [ -108.64455, 40.09034 ], [ -108.64633, 40.09056 ], [ -108.64749, 40.09028 ], [ -108.64858, 40.08914 ], [ -108.64639, 40.08833 ], [ -108.6449, 40.08676 ], [ -108.64376, 40.08636 ], [ -108.6434, 40.086 ], [ -108.64354, 40.08507 ], [ -108.64449, 40.08446 ], [ -108.64692, 40.0849 ], [ -108.64957, 40.0836 ] ] ] } },
{ "type": "Feature", "properties": { "c": "fire", "n": "Greasewood Complex", "d": "2001 · 1,350 acres" }, "geometry": { "type": "Polygon", "coordinates": [ [ [ -108.44059, 40.10295 ], [ -108.43845, 40.10376 ], [ -108.43804, 40.1051 ], [ -108.43642, 40.10676 ], [ -108.43555, 40.1069 ], [ -108.43443, 40.10627 ], [ -108.43373, 40.10643 ], [ -108.43416, 40.10741 ], [ -108.4354, 40.10798 ], [ -108.43556, 40.10865 ], [ -108.43431, 40.10962 ], [ -108.43097, 40.11367 ], [ -108.42977, 40.11469 ], [ -108.42955, 40.11536 ], [ -108.42982, 40.11669 ], [ -108.4304, 40.11723 ], [ -108.43126, 40.11703 ], [ -108.43176, 40.11647 ], [ -108.43176, 40.11579 ], [ -108.43533, 40.11183 ], [ -108.43604, 40.11142 ], [ -108.43778, 40.10896 ], [ -108.44242, 40.10444 ], [ -108.44367, 40.10347 ], [ -108.44511, 40.1029 ], [ -108.44538, 40.10318 ], [ -108.44571, 40.10298 ], [ -108.44611, 40.10354 ], [ -108.44788, 40.10359 ], [ -108.44814, 40.10294 ], [ -108.44785, 40.1026 ], [ -108.44655, 40.10242 ], [ -108.44591, 40.10195 ], [ -108.44632, 40.10149 ], [ -108.44832, 40.10098 ], [ -108.44985, 40.09927 ], [ -108.45056, 40.09904 ], [ -108.4518, 40.0997 ], [ -108.45415, 40.09966 ], [ -108.45426, 40.09916 ], [ -108.4529, 40.09874 ], [ -108.45332, 40.09814 ], [ -108.45546, 40.09688 ], [ -108.45728, 40.09772 ], [ -108.45847, 40.09758 ], [ -108.45834, 40.0969 ], [ -108.4575, 40.0964 ], [ -108.46072, 40.09554 ], [ -108.46193, 40.09455 ], [ -108.46432, 40.09473 ], [ -108.46488, 40.09324 ], [ -108.46619, 40.09295 ], [ -108.46772, 40.09304 ], [ -108.46801, 40.09169 ], [ -108.46891, 40.09174 ], [ -108.46954, 40.09213 ], [ -108.47043, 40.09209 ], [ -108.47106, 40.09161 ], [ -108.47114, 40.08962 ], [ -108.47385, 40.08675 ], [ -108.4745, 40.08541 ], [ -108.47378, 40.085 ], [ -108.47188, 40.08513 ], [ -108.47052, 40.08605 ], [ -108.46849, 40.08825 ], [ -108.46762, 40.08842 ], [ -108.46676, 40.0882 ], [ -108.46548, 40.08726 ], [ -108.46436, 40.08536 ], [ -108.46376, 40.0826 ], [ -108.46234, 40.08238 ], [ -108.46195, 40.08163 ], [ -108.46243, 40.08118 ], [ -108.46259, 40.08004 ], [ -108.46362, 40.07869 ], [ -108.46481, 40.07543 ], [ -108.46545, 40.07494 ], [ -108.46603, 40.07367 ], [ -108.46564, 40.07217 ], [ -108.46312, 40.07229 ], [ -108.46228, 40.0726 ], [ -108.46066, 40.07423 ], [ -108.45952, 40.07606 ], [ -108.45861, 40.07601 ], [ -108.45784, 40.07477 ], [ -108.45426, 40.07515 ], [ -108.45409, 40.07649 ], [ -108.45364, 40.07708 ], [ -108.45168, 40.07801 ], [ -108.45186, 40.07875 ], [ -108.45422, 40.08158 ], [ -108.45395, 40.0829 ], [ -108.45281, 40.08393 ], [ -108.44868, 40.08499 ], [ -108.44373, 40.08348 ], [ -108.44219, 40.08365 ], [ -108.44183, 40.0844 ], [ -108.4415, 40.08445 ], [ -108.43892, 40.08397 ], [ -108.43799, 40.08425 ], [ -108.43741, 40.08624 ], [ -108.43676, 40.08664 ], [ -108.43441, 40.08639 ], [ -108.43374, 40.08666 ], [ -108.43694, 40.09063 ], [ -108.43831, 40.09346 ], [ -108.44173, 40.09579 ], [ -108.4421, 40.09641 ], [ -108.44263, 40.09773 ], [ -108.44303, 40.10071 ], [ -108.44192, 40.10206 ], [ -108.44059, 40.10295 ] ] ] } },
{ "type": "Feature", "properties": { "c": "fire", "n": "Taylor", "d": "2000 · 2,123 acres" }, "geometry": { "type": "Polygon", "coordinates": [ [ [ -108.70616, 40.11348 ], [ -108.70569, 40.11169 ], [ -108.70477, 40.10996 ], [ -108.70426, 40.10966 ], [ -108.7037, 40.10949 ], [ -108.70254, 40.10978 ], [ -108.7, 40.10832 ], [ -108.69896, 40.10883 ], [ -108.69531, 40.1088 ], [ -108.69223, 40.10642 ], [ -108.69111, 40.10608 ], [ -108.68995, 40.10637 ], [ -108.68951, 40.10601 ], [ -108.68942, 40.10511 ], [ -108.68628, 40.1028 ], [ -108.68506, 40.10275 ], [ -108.68168, 40.10503 ], [ -108.68106, 40.10498 ], [ -108.68038, 40.10374 ], [ -108.67876, 40.1023 ], [ -108.67752, 40.10214 ], [ -108.67647, 40.10264 ], [ -108.67461, 40.10238 ], [ -108.67407, 40.10106 ], [ -108.66988, 40.10051 ], [ -108.67025, 40.09961 ], [ -108.66987, 40.09879 ], [ -108.66684, 40.09796 ], [ -108.6658, 40.09846 ], [ -108.66463, 40.09955 ], [ -108.6598, 40.0997 ], [ -108.65966, 40.10017 ], [ -108.6607, 40.10132 ], [ -108.66191, 40.10132 ], [ -108.66472, 40.10052 ], [ -108.66631, 40.10133 ], [ -108.66608, 40.10175 ], [ -108.66144, 40.10422 ], [ -108.65901, 40.10378 ], [ -108.65607, 40.10431 ], [ -108.65483, 40.10546 ], [ -108.65348, 40.10766 ], [ -108.6532, 40.10906 ], [ -108.65603, 40.11089 ], [ -108.65658, 40.11358 ], [ -108.6561, 40.11683 ], [ -108.65301, 40.12166 ], [ -108.65339, 40.12253 ], [ -108.6528, 40.12391 ], [ -108.6535, 40.12612 ], [ -108.65462, 40.12561 ], [ -108.65555, 40.12615 ], [ -108.65586, 40.12657 ], [ -108.6555, 40.12798 ], [ -108.65581, 40.12932 ], [ -108.65698, 40.12949 ], [ -108.6575, 40.12858 ], [ -108.65742, 40.12767 ], [ -108.65899, 40.12843 ], [ -108.65937, 40.12931 ], [ -108.65995, 40.12913 ], [ -108.66056, 40.12827 ], [ -108.66164, 40.12456 ], [ -108.66325, 40.12382 ], [ -108.66448, 40.12387 ], [ -108.66417, 40.12985 ], [ -108.66551, 40.13137 ], [ -108.66747, 40.12792 ], [ -108.66955, 40.12599 ], [ -108.67288, 40.12079 ], [ -108.67579, 40.1201 ], [ -108.6772, 40.1191 ], [ -108.67968, 40.11896 ], [ -108.68116, 40.1179 ], [ -108.68353, 40.1176 ], [ -108.68405, 40.11669 ], [ -108.68382, 40.11643 ], [ -108.68523, 40.11645 ], [ -108.68835, 40.11568 ], [ -108.69041, 40.11873 ], [ -108.69037, 40.12194 ], [ -108.69, 40.12283 ], [ -108.69039, 40.12371 ], [ -108.69158, 40.12405 ], [ -108.69463, 40.12368 ], [ -108.69835, 40.12416 ], [ -108.69893, 40.12399 ], [ -108.69916, 40.12356 ], [ -108.69563, 40.12249 ], [ -108.69512, 40.1222 ], [ -108.69535, 40.12178 ], [ -108.69766, 40.12114 ], [ -108.69957, 40.11866 ], [ -108.70016, 40.11729 ], [ -108.70101, 40.11651 ], [ -108.70152, 40.11681 ], [ -108.701, 40.11857 ], [ -108.70167, 40.11936 ], [ -108.70284, 40.11913 ], [ -108.70616, 40.11348 ] ] ] } },
{ "type": "Feature", "properties": { "c": "fire", "n": "Fletcher2", "d": "1994 · 1,832 acres" }, "geometry": { "type": "Polygon", "coordinates": [ [ [ -108.64289, 40.13813 ], [ -108.64283, 40.13614 ], [ -108.64347, 40.13563 ], [ -108.64521, 40.1353 ], [ -108.64726, 40.13306 ], [ -108.64871, 40.13056 ], [ -108.65047, 40.12864 ], [ -108.6503, 40.12592 ], [ -108.65095, 40.12465 ], [ -108.65202, 40.12364 ], [ -108.65195, 40.12331 ], [ -108.6506, 40.12265 ], [ -108.65037, 40.12134 ], [ -108.65074, 40.1207 ], [ -108.65137, 40.12032 ], [ -108.65297, 40.11803 ], [ -108.65475, 40.11627 ], [ -108.6569, 40.11541 ], [ -108.65784, 40.11326 ], [ -108.65774, 40.11244 ], [ -108.65715, 40.11198 ], [ -108.65602, 40.11215 ], [ -108.65569, 40.11277 ], [ -108.65286, 40.11507 ], [ -108.65187, 40.11649 ], [ -108.65068, 40.11171 ], [ -108.64992, 40.11049 ], [ -108.64892, 40.10991 ], [ -108.64871, 40.10921 ], [ -108.64916, 40.1083 ], [ -108.64966, 40.10816 ], [ -108.64973, 40.10714 ], [ -108.64839, 40.1069 ], [ -108.64801, 40.10556 ], [ -108.64716, 40.10537 ], [ -108.64625, 40.10539 ], [ -108.64576, 40.10596 ], [ -108.64668, 40.10789 ], [ -108.64638, 40.10886 ], [ -108.64578, 40.10938 ], [ -108.64582, 40.11009 ], [ -108.64603, 40.11079 ], [ -108.64799, 40.11245 ], [ -108.64827, 40.114 ], [ -108.64895, 40.11481 ], [ -108.64884, 40.11551 ], [ -108.64825, 40.11601 ], [ -108.64736, 40.1159 ], [ -108.64669, 40.11545 ], [ -108.64517, 40.11377 ], [ -108.64476, 40.11244 ], [ -108.64267, 40.11244 ], [ -108.63984, 40.11168 ], [ -108.63608, 40.11206 ], [ -108.63629, 40.11276 ], [ -108.63711, 40.11335 ], [ -108.63788, 40.11687 ], [ -108.63887, 40.11801 ], [ -108.63873, 40.11868 ], [ -108.63773, 40.1199 ], [ -108.63613, 40.11975 ], [ -108.63604, 40.12229 ], [ -108.63495, 40.12474 ], [ -108.6353, 40.12532 ], [ -108.63565, 40.12856 ], [ -108.63432, 40.12916 ], [ -108.63222, 40.13076 ], [ -108.63169, 40.13084 ], [ -108.63066, 40.12997 ], [ -108.62653, 40.12838 ], [ -108.62468, 40.12876 ], [ -108.62164, 40.13025 ], [ -108.62127, 40.13159 ], [ -108.61983, 40.13331 ], [ -108.61928, 40.13462 ], [ -108.61575, 40.13681 ], [ -108.61481, 40.1369 ], [ -108.61387, 40.13795 ], [ -108.61324, 40.13764 ], [ -108.61332, 40.1363 ], [ -108.61275, 40.13491 ], [ -108.61141, 40.13456 ], [ -108.61081, 40.13084 ], [ -108.60958, 40.12995 ], [ -108.60878, 40.12793 ], [ -108.60784, 40.12803 ], [ -108.60662, 40.129 ], [ -108.60287, 40.12944 ], [ -108.60191, 40.12941 ], [ -108.60099, 40.12897 ], [ -108.59691, 40.12938 ], [ -108.59586, 40.12917 ], [ -108.59398, 40.12935 ], [ -108.59357, 40.12999 ], [ -108.59356, 40.13137 ], [ -108.59425, 40.13182 ], [ -108.59437, 40.13253 ], [ -108.5999, 40.1348 ], [ -108.59941, 40.13543 ], [ -108.59931, 40.13682 ], [ -108.59839, 40.13705 ], [ -108.59825, 40.13772 ], [ -108.59992, 40.13932 ], [ -108.60052, 40.1407 ], [ -108.6016, 40.14191 ], [ -108.60229, 40.14236 ], [ -108.603, 40.14196 ], [ -108.60225, 40.14066 ], [ -108.60179, 40.13854 ], [ -108.60244, 40.1373 ], [ -108.60335, 40.13707 ], [ -108.60425, 40.13724 ], [ -108.60496, 40.13776 ], [ -108.60681, 40.1404 ], [ -108.60858, 40.14199 ], [ -108.61166, 40.14323 ], [ -108.61192, 40.14414 ], [ -108.61139, 40.14526 ], [ -108.61025, 40.1463 ], [ -108.61017, 40.1474 ], [ -108.60911, 40.14943 ], [ -108.60786, 40.15062 ], [ -108.60756, 40.15203 ], [ -108.60851, 40.15325 ], [ -108.60937, 40.15292 ], [ -108.61003, 40.15047 ], [ -108.61137, 40.14917 ], [ -108.61173, 40.14719 ], [ -108.61296, 40.14538 ], [ -108.61528, 40.14349 ], [ -108.61601, 40.14388 ], [ -108.61691, 40.14393 ], [ -108.6183, 40.14363 ], [ -108.62, 40.14261 ], [ -108.62244, 40.14074 ], [ -108.6241, 40.13872 ], [ -108.6239, 40.13763 ], [ -108.62518, 40.13697 ], [ -108.63058, 40.13867 ], [ -108.63447, 40.13833 ], [ -108.63631, 40.13985 ], [ -108.63665, 40.14126 ], [ -108.63764, 40.14248 ], [ -108.63781, 40.14333 ], [ -108.63748, 40.14432 ], [ -108.6382, 40.14554 ], [ -108.63908, 40.14538 ], [ -108.63958, 40.14481 ], [ -108.6401, 40.14287 ], [ -108.64144, 40.14178 ], [ -108.64151, 40.13975 ], [ -108.64289, 40.13813 ] ] ] } },
{ "type": "Feature", "properties": { "c": "fire", "n": "Pinto Mesa", "d": "1999 · 1,070 acres" }, "geometry": { "type": "MultiPolygon", "coordinates": [ [ [ [ -108.39798, 40.01579 ], [ -108.39564, 40.01848 ], [ -108.39469, 40.01909 ], [ -108.39063, 40.02058 ], [ -108.39002, 40.02138 ], [ -108.38928, 40.02414 ], [ -108.38981, 40.025 ], [ -108.38951, 40.02589 ], [ -108.39007, 40.02606 ], [ -108.39022, 40.02651 ], [ -108.38833, 40.02778 ], [ -108.38765, 40.0291 ], [ -108.38801, 40.02947 ], [ -108.38958, 40.028 ], [ -108.39076, 40.02828 ], [ -108.39164, 40.02945 ], [ -108.39043, 40.03072 ], [ -108.39028, 40.03119 ], [ -108.39065, 40.03155 ], [ -108.39245, 40.03149 ], [ -108.39321, 40.03015 ], [ -108.39484, 40.02954 ], [ -108.39551, 40.02684 ], [ -108.39749, 40.02561 ], [ -108.39806, 40.02539 ], [ -108.39912, 40.02585 ], [ -108.40115, 40.02491 ], [ -108.40355, 40.02479 ], [ -108.40457, 40.02411 ], [ -108.40587, 40.02244 ], [ -108.40645, 40.02227 ], [ -108.40818, 40.02267 ], [ -108.41031, 40.02097 ], [ -108.41214, 40.02108 ], [ -108.41328, 40.02062 ], [ -108.41474, 40.01905 ], [ -108.41473, 40.01808 ], [ -108.41585, 40.01494 ], [ -108.41422, 40.0143 ], [ -108.41392, 40.01387 ], [ -108.41376, 40.01297 ], [ -108.4154, 40.01235 ], [ -108.41494, 40.01102 ], [ -108.41392, 40.01038 ], [ -108.41376, 40.00948 ], [ -108.41332, 40.00913 ], [ -108.41214, 40.00884 ], [ -108.41084, 40.01097 ], [ -108.40815, 40.00987 ], [ -108.40755, 40.00987 ], [ -108.40678, 40.01069 ], [ -108.40617, 40.01069 ], [ -108.40505, 40.01035 ], [ -108.4049, 40.0099 ], [ -108.4025, 40.00917 ], [ -108.4025, 40.00871 ], [ -108.40524, 40.00661 ], [ -108.40537, 40.00477 ], [ -108.40468, 40.00255 ], [ -108.40491, 40.00213 ], [ -108.40549, 40.00196 ], [ -108.40541, 40.00151 ], [ -108.40274, 40.00006 ], [ -108.40214, 40.00012 ], [ -108.40116, 40.00187 ], [ -108.39891, 40.00244 ], [ -108.39975, 40.00419 ], [ -108.39812, 40.00486 ], [ -108.39789, 40.00528 ], [ -108.399, 40.00643 ], [ -108.39855, 40.00733 ], [ -108.3975, 40.00784 ], [ -108.39514, 40.00819 ], [ -108.39316, 40.00941 ], [ -108.39257, 40.0117 ], [ -108.3913, 40.01394 ], [ -108.39145, 40.01484 ], [ -108.39239, 40.01543 ], [ -108.3942, 40.01542 ], [ -108.39765, 40.01434 ], [ -108.4007, 40.01489 ], [ -108.40092, 40.01533 ], [ -108.39979, 40.01578 ], [ -108.39798, 40.01579 ] ] ], [ [ [ -108.42286, 40.00652 ], [ -108.42177, 40.00594 ], [ -108.42117, 40.00595 ], [ -108.4208, 40.00558 ], [ -108.42078, 40.00416 ], [ -108.41961, 40.00393 ], [ -108.41922, 40.00477 ], [ -108.41976, 40.00609 ], [ -108.41869, 40.00779 ], [ -108.41946, 40.01046 ], [ -108.41948, 40.01275 ], [ -108.42301, 40.01348 ], [ -108.42345, 40.01429 ], [ -108.42278, 40.01562 ], [ -108.42176, 40.01629 ], [ -108.421, 40.01757 ], [ -108.41975, 40.01781 ], [ -108.41937, 40.01864 ], [ -108.41973, 40.01901 ], [ -108.42413, 40.01949 ], [ -108.42672, 40.01826 ], [ -108.4271, 40.01696 ], [ -108.42787, 40.0162 ], [ -108.43122, 40.01495 ], [ -108.43005, 40.01392 ], [ -108.4265, 40.01439 ], [ -108.42336, 40.01202 ], [ -108.4241, 40.01063 ], [ -108.42417, 40.00971 ], [ -108.42334, 40.00842 ], [ -108.42239, 40.00777 ], [ -108.42286, 40.00652 ] ] ] ] } },
{ "type": "Feature", "properties": { "c": "fire", "n": "East Troublesome", "d": "2020 · 188,816 acres" }, "geometry": { "type": "MultiPolygon", "coordinates": [ [ [ [ -105.92088, 40.12292 ], [ -105.92105, 40.12383 ], [ -105.92143, 40.12357 ], [ -105.92565, 40.12405 ], [ -105.92851, 40.1234 ], [ -105.92651, 40.12166 ], [ -105.92474, 40.11938 ], [ -105.92371, 40.11932 ], [ -105.92179, 40.11989 ], [ -105.92175, 40.12048 ], [ -105.92296, 40.12089 ], [ -105.92301, 40.12129 ], [ -105.92088, 40.12292 ] ] ], [ [ [ -106.01633, 40.11075 ], [ -106.01904, 40.1105 ], [ -106.01858, 40.10988 ], [ -106.01754, 40.10978 ], [ -106.01633, 40.11075 ] ] ], [ [ [ -106.02598, 40.10678 ], [ -106.02747, 40.10596 ], [ -106.02622, 40.10575 ], [ -106.02598, 40.10678 ] ] ] ] } },
{ "type": "Feature", "properties": { "c": "fire", "n": "North Barcus", "d": "2002 · 4,045 acres" }, "geometry": { "type": "Polygon", "coordinates": [ [ [ -108.43884, 40.10461 ], [ -108.43964, 40.10443 ], [ -108.44001, 40.10371 ], [ -108.4423, 40.10203 ], [ -108.44272, 40.09924 ], [ -108.44229, 40.09722 ], [ -108.44035, 40.09588 ], [ -108.43871, 40.09347 ], [ -108.43873, 40.09165 ], [ -108.43721, 40.09086 ], [ -108.43544, 40.0905 ], [ -108.43486, 40.08994 ], [ -108.43456, 40.0882 ], [ -108.43593, 40.08519 ], [ -108.43582, 40.08096 ], [ -108.43389, 40.07869 ], [ -108.43318, 40.07838 ], [ -108.43192, 40.0762 ], [ -108.43091, 40.07638 ], [ -108.43071, 40.07755 ], [ -108.42993, 40.07812 ], [ -108.42904, 40.07804 ], [ -108.42829, 40.07568 ], [ -108.42769, 40.07516 ], [ -108.42551, 40.07424 ], [ -108.42185, 40.0743 ], [ -108.42162, 40.07501 ], [ -108.4213, 40.07494 ], [ -108.42122, 40.07424 ], [ -108.42051, 40.0735 ], [ -108.41836, 40.07257 ], [ -108.41672, 40.07374 ], [ -108.4122, 40.074 ], [ -108.41063, 40.0733 ], [ -108.40972, 40.07328 ], [ -108.40664, 40.07577 ], [ -108.40055, 40.0799 ], [ -108.40036, 40.08029 ], [ -108.40162, 40.08097 ], [ -108.40157, 40.08166 ], [ -108.40104, 40.08221 ], [ -108.39853, 40.08238 ], [ -108.39735, 40.08336 ], [ -108.39786, 40.084 ], [ -108.39913, 40.08428 ], [ -108.39991, 40.08551 ], [ -108.4007, 40.08596 ], [ -108.39962, 40.08939 ], [ -108.39872, 40.08941 ], [ -108.39784, 40.08839 ], [ -108.39684, 40.08841 ], [ -108.39627, 40.08888 ], [ -108.396, 40.08992 ], [ -108.39404, 40.09077 ], [ -108.39397, 40.09196 ], [ -108.38893, 40.09428 ], [ -108.38885, 40.09467 ], [ -108.38997, 40.09537 ], [ -108.3901, 40.09596 ], [ -108.38941, 40.09643 ], [ -108.38715, 40.09648 ], [ -108.38695, 40.0968 ], [ -108.38763, 40.09774 ], [ -108.38734, 40.09837 ], [ -108.3859, 40.09937 ], [ -108.38648, 40.10128 ], [ -108.38608, 40.10187 ], [ -108.38343, 40.10278 ], [ -108.3829, 40.10332 ], [ -108.38293, 40.10597 ], [ -108.38207, 40.10625 ], [ -108.38024, 40.10478 ], [ -108.37965, 40.10471 ], [ -108.37892, 40.10511 ], [ -108.37875, 40.10639 ], [ -108.37821, 40.10691 ], [ -108.37662, 40.10707 ], [ -108.37669, 40.10845 ], [ -108.37624, 40.10879 ], [ -108.37553, 40.10859 ], [ -108.37463, 40.10886 ], [ -108.37463, 40.10932 ], [ -108.37499, 40.11103 ], [ -108.37618, 40.11207 ], [ -108.37939, 40.11206 ], [ -108.38287, 40.11283 ], [ -108.38851, 40.11278 ], [ -108.39002, 40.11349 ], [ -108.39344, 40.11437 ], [ -108.39409, 40.11484 ], [ -108.39449, 40.11617 ], [ -108.39493, 40.11629 ], [ -108.39708, 40.1154 ], [ -108.39866, 40.11599 ], [ -108.39956, 40.11592 ], [ -108.40652, 40.11256 ], [ -108.40879, 40.11227 ], [ -108.4118, 40.11001 ], [ -108.41275, 40.10989 ], [ -108.41265, 40.11136 ], [ -108.41394, 40.11219 ], [ -108.41433, 40.11487 ], [ -108.41608, 40.11645 ], [ -108.41695, 40.1166 ], [ -108.41848, 40.11743 ], [ -108.42197, 40.11317 ], [ -108.4222, 40.11251 ], [ -108.42183, 40.11117 ], [ -108.42324, 40.10821 ], [ -108.42593, 40.10787 ], [ -108.42917, 40.10657 ], [ -108.43036, 40.1056 ], [ -108.43148, 40.10583 ], [ -108.4331, 40.1067 ], [ -108.43386, 40.10664 ], [ -108.43551, 40.10552 ], [ -108.43859, 40.10503 ], [ -108.43884, 40.10461 ] ] ] } },
{ "type": "Feature", "properties": { "c": "fire", "n": "Blair", "d": "2016 · 1,063 acres" }, "geometry": { "type": "Polygon", "coordinates": [ [ [ -108.32013, 40.11639 ], [ -108.32031, 40.11685 ], [ -108.31916, 40.11725 ], [ -108.31909, 40.11771 ], [ -108.32086, 40.1196 ], [ -108.32095, 40.12188 ], [ -108.32152, 40.12211 ], [ -108.32209, 40.12193 ], [ -108.32294, 40.12071 ], [ -108.32497, 40.12188 ], [ -108.32527, 40.12231 ], [ -108.32449, 40.12307 ], [ -108.32457, 40.12398 ], [ -108.32403, 40.12483 ], [ -108.32434, 40.12526 ], [ -108.3254, 40.12527 ], [ -108.327, 40.12311 ], [ -108.32736, 40.1217 ], [ -108.32858, 40.11958 ], [ -108.32828, 40.11915 ], [ -108.32711, 40.11893 ], [ -108.32673, 40.11805 ], [ -108.3245, 40.11655 ], [ -108.32519, 40.11574 ], [ -108.32511, 40.11438 ], [ -108.32398, 40.11398 ], [ -108.32375, 40.11308 ], [ -108.32211, 40.11239 ], [ -108.32203, 40.11148 ], [ -108.32144, 40.11068 ], [ -108.3215, 40.1093 ], [ -108.321, 40.10901 ], [ -108.31979, 40.10907 ], [ -108.31918, 40.10993 ], [ -108.31862, 40.10976 ], [ -108.31847, 40.1084 ], [ -108.3173, 40.10823 ], [ -108.31615, 40.10857 ], [ -108.31514, 40.10804 ], [ -108.31553, 40.10766 ], [ -108.3172, 40.10721 ], [ -108.31743, 40.10633 ], [ -108.31644, 40.10414 ], [ -108.31635, 40.10232 ], [ -108.31451, 40.10105 ], [ -108.31455, 40.09936 ], [ -108.31371, 40.0967 ], [ -108.31305, 40.0959 ], [ -108.31272, 40.09359 ], [ -108.31376, 40.09303 ], [ -108.31392, 40.09216 ], [ -108.31254, 40.09121 ], [ -108.3107, 40.0911 ], [ -108.30684, 40.08937 ], [ -108.30502, 40.08903 ], [ -108.30182, 40.08706 ], [ -108.30205, 40.08573 ], [ -108.30161, 40.08537 ], [ -108.30038, 40.08532 ], [ -108.29977, 40.08612 ], [ -108.29913, 40.08595 ], [ -108.29854, 40.08516 ], [ -108.29735, 40.08487 ], [ -108.29705, 40.0853 ], [ -108.29907, 40.08807 ], [ -108.29849, 40.08836 ], [ -108.2964, 40.09119 ], [ -108.29634, 40.09349 ], [ -108.29708, 40.09427 ], [ -108.29662, 40.09557 ], [ -108.29765, 40.09667 ], [ -108.29678, 40.09739 ], [ -108.29687, 40.09829 ], [ -108.29895, 40.10203 ], [ -108.30112, 40.10319 ], [ -108.30232, 40.10353 ], [ -108.30351, 40.10341 ], [ -108.30397, 40.10211 ], [ -108.30622, 40.10234 ], [ -108.3059, 40.10278 ], [ -108.30636, 40.1037 ], [ -108.30545, 40.10499 ], [ -108.30523, 40.10679 ], [ -108.30289, 40.1073 ], [ -108.30182, 40.10901 ], [ -108.30192, 40.10932 ], [ -108.30348, 40.10896 ], [ -108.30405, 40.10919 ], [ -108.3051, 40.11086 ], [ -108.30525, 40.11241 ], [ -108.30826, 40.11341 ], [ -108.30927, 40.11404 ], [ -108.31029, 40.11418 ], [ -108.31045, 40.11487 ], [ -108.31137, 40.11516 ], [ -108.31592, 40.1134 ], [ -108.31701, 40.11226 ], [ -108.31815, 40.11186 ], [ -108.31889, 40.11259 ], [ -108.31706, 40.11386 ], [ -108.31591, 40.11551 ], [ -108.31598, 40.11596 ], [ -108.31692, 40.11656 ], [ -108.31752, 40.1165 ], [ -108.32013, 40.11538 ], [ -108.32057, 40.11574 ], [ -108.32013, 40.11639 ] ] ] } }
]
}
