{
"type": "FeatureCollection",
"name": "springs",
"xy_coordinate_resolution": 1e-05,
"features": [
{ "type": "Feature", "properties": { "c": "cdss_pond", "n": "RIVER CANYON POND NO. 3", "d": "Decreed stock pond · WDID 7204131" }, "geometry": { "type": "Point", "coordinates": [ -108.71147, 39.12147 ] } },
{ "type": "Feature", "properties": { "c": "cdss_pond", "n": "RIVER CANYON POND NO. 2", "d": "Decreed stock pond · WDID 7204130" }, "geometry": { "type": "Point", "coordinates": [ -108.7123, 39.12183 ] } },
{ "type": "Feature", "properties": { "c": "cdss_pond", "n": "RIVER CANYON POND NO. 1", "d": "Decreed stock pond · WDID 7204129" }, "geometry": { "type": "Point", "coordinates": [ -108.71319, 39.12244 ] } },
{ "type": "Feature", "properties": { "c": "cdss_pond", "n": "RIVER RANCH POND NO 1", "d": "Decreed stock pond · WDID 7203726" }, "geometry": { "type": "Point", "coordinates": [ -108.68961, 39.13077 ] } },
{ "type": "Feature", "properties": { "c": "cdss_pond", "n": "ADOBE CREEK POND NO 1", "d": "Decreed stock pond · WDID 7203727" }, "geometry": { "type": "Point", "coordinates": [ -108.70228, 39.13561 ] } },
{ "type": "Feature", "properties": { "c": "cdss_spring", "n": "STAJDUHAR SPRING", "d": "Decreed spring · WDID 7205390" }, "geometry": { "type": "Point", "coordinates": [ -108.6616, 39.14799 ] } },
{ "type": "Feature", "properties": { "c": "cdss_spring", "n": "NELSON SPRING & WASTE D", "d": "Decreed spring · WDID 7201397" }, "geometry": { "type": "Point", "coordinates": [ -108.71675, 39.15114 ] } },
{ "type": "Feature", "properties": { "c": "cdss_pond", "n": "ADOBE CK. PUMP FOR SHELEY POND", "d": "Decreed stock pond · WDID 7201790" }, "geometry": { "type": "Point", "coordinates": [ -108.68044, 39.16171 ] } },
{ "type": "Feature", "properties": { "c": "cdss_pond", "n": "SHELEY POND", "d": "Decreed stock pond · WDID 7203734" }, "geometry": { "type": "Point", "coordinates": [ -108.68075, 39.1617 ] } },
{ "type": "Feature", "properties": { "c": "cdss_pond", "n": "WILLOW TANK", "d": "Decreed stock pond · WDID 7201675" }, "geometry": { "type": "Point", "coordinates": [ -108.72662, 39.16859 ] } },
{ "type": "Feature", "properties": { "c": "cdss_pond", "n": "FISH POND PUMP NO 1", "d": "Decreed stock pond · WDID 7201564" }, "geometry": { "type": "Point", "coordinates": [ -108.78117, 39.15789 ] } },
{ "type": "Feature", "properties": { "c": "cdss_pond", "n": "HORSETHIEF WLDLF POND #1", "d": "Decreed stock pond · WDID 7203533" }, "geometry": { "type": "Point", "coordinates": [ -108.78967, 39.1621 ] } },
{ "type": "Feature", "properties": { "c": "cdss_pond", "n": "HORSETHIEF WLDLF PD #13", "d": "Decreed stock pond · WDID 7203543" }, "geometry": { "type": "Point", "coordinates": [ -108.79463, 39.1652 ] } },
{ "type": "Feature", "properties": { "c": "cdss_pond", "n": "HORSETHIEF WLDLF POND #2", "d": "Decreed stock pond · WDID 7203534" }, "geometry": { "type": "Point", "coordinates": [ -108.79385, 39.1658 ] } },
{ "type": "Feature", "properties": { "c": "cdss_pond", "n": "HORSETHIEF WLDLF POND #4", "d": "Decreed stock pond · WDID 7203536" }, "geometry": { "type": "Point", "coordinates": [ -108.79753, 39.16621 ] } },
{ "type": "Feature", "properties": { "c": "cdss_pond", "n": "HORSETHIEF WLDLF POND #9", "d": "Decreed stock pond · WDID 7203540" }, "geometry": { "type": "Point", "coordinates": [ -108.81302, 39.1676 ] } },
{ "type": "Feature", "properties": { "c": "cdss_pond", "n": "HORSETHIEF WLDLF POND #3", "d": "Decreed stock pond · WDID 7203535" }, "geometry": { "type": "Point", "coordinates": [ -108.79675, 39.16844 ] } },
{ "type": "Feature", "properties": { "c": "cdss_pond", "n": "HOUSE POND", "d": "Decreed stock pond · WDID 7203553" }, "geometry": { "type": "Point", "coordinates": [ -108.82467, 39.16792 ] } },
{ "type": "Feature", "properties": { "c": "cdss_pond", "n": "COLUTE RESERVOIR", "d": "Decreed stock pond · WDID 7203769" }, "geometry": { "type": "Point", "coordinates": [ -109.03951, 39.14829 ] } },
{ "type": "Feature", "properties": { "c": "cdss_pond", "n": "RABBIT VALLEY NO 04 RES", "d": "Decreed stock pond · WDID 7203806" }, "geometry": { "type": "Point", "coordinates": [ -109.04701, 39.15025 ] } },
{ "type": "Feature", "properties": { "c": "cdss_spring", "n": "STALAGMITE SPRING", "d": "Decreed spring · WDID 7205522" }, "geometry": { "type": "Point", "coordinates": [ -108.87031, 39.16844 ] } },
{ "type": "Feature", "properties": { "c": "cdss_pond", "n": "HORSE THIEF TRAIL POND 2", "d": "Decreed stock pond · WDID 7204073" }, "geometry": { "type": "Point", "coordinates": [ -108.85347, 39.17153 ] } },
{ "type": "Feature", "properties": { "c": "cdss_pond", "n": "HORSE THIEF TRAIL POND 1", "d": "Decreed stock pond · WDID 7204072" }, "geometry": { "type": "Point", "coordinates": [ -108.85321, 39.17216 ] } },
{ "type": "Feature", "properties": { "c": "cdss_pond", "n": "RUBY CANYON POND NO 6", "d": "Decreed stock pond · WDID 7204143" }, "geometry": { "type": "Point", "coordinates": [ -108.93774, 39.17991 ] } },
{ "type": "Feature", "properties": { "c": "cdss_pond", "n": "RUBY CANYON POND NO 5", "d": "Decreed stock pond · WDID 7204142" }, "geometry": { "type": "Point", "coordinates": [ -108.93645, 39.18083 ] } },
{ "type": "Feature", "properties": { "c": "cdss_pond", "n": "RUBY CANYON POND NO 4", "d": "Decreed stock pond · WDID 7204141" }, "geometry": { "type": "Point", "coordinates": [ -108.93548, 39.18324 ] } },
{ "type": "Feature", "properties": { "c": "cdss_pond", "n": "RUBY CANYON POND NO 3", "d": "Decreed stock pond · WDID 7204140" }, "geometry": { "type": "Point", "coordinates": [ -108.93507, 39.18411 ] } },
{ "type": "Feature", "properties": { "c": "cdss_pond", "n": "SPENDRUP POND", "d": "Decreed stock pond · WDID 7203549" }, "geometry": { "type": "Point", "coordinates": [ -108.77638, 39.16996 ] } },
{ "type": "Feature", "properties": { "c": "cdss_pond", "n": "HORSETHIEF WLDLF PD #14", "d": "Decreed stock pond · WDID 7203544" }, "geometry": { "type": "Point", "coordinates": [ -108.80004, 39.17008 ] } },
{ "type": "Feature", "properties": { "c": "cdss_pond", "n": "HORSETHIEF WLDLF POND #5", "d": "Decreed stock pond · WDID 7203537" }, "geometry": { "type": "Point", "coordinates": [ -108.79956, 39.17034 ] } },
{ "type": "Feature", "properties": { "c": "cdss_pond", "n": "HORSETHIEF WLDLF POND #6", "d": "Decreed stock pond · WDID 7203538" }, "geometry": { "type": "Point", "coordinates": [ -108.80448, 39.17067 ] } },
{ "type": "Feature", "properties": { "c": "cdss_pond", "n": "HORSETHIEF WLDLF POND #8", "d": "Decreed stock pond · WDID 7203539" }, "geometry": { "type": "Point", "coordinates": [ -108.81014, 39.17132 ] } },
{ "type": "Feature", "properties": { "c": "cdss_pond", "n": "GOLDEN GATE RETENTION POND", "d": "Decreed stock pond · WDID 7204167" }, "geometry": { "type": "Point", "coordinates": [ -108.77861, 39.17692 ] } },
{ "type": "Feature", "properties": { "c": "cdss_spring", "n": "BITTLE SPRING NO 6", "d": "Decreed spring · WDID 7201018" }, "geometry": { "type": "Point", "coordinates": [ -108.8014, 39.1778 ] } },
{ "type": "Feature", "properties": { "c": "cdss_spring", "n": "BITTLE SPRING NO 5", "d": "Decreed spring · WDID 7201017" }, "geometry": { "type": "Point", "coordinates": [ -108.80148, 39.17819 ] } },
{ "type": "Feature", "properties": { "c": "cdss_spring", "n": "BITTLE SPRING NO 4", "d": "Decreed spring · WDID 7201016" }, "geometry": { "type": "Point", "coordinates": [ -108.80149, 39.17865 ] } },
{ "type": "Feature", "properties": { "c": "cdss_spring", "n": "PEPE SPRING NO 1", "d": "Decreed spring · WDID 7205091" }, "geometry": { "type": "Point", "coordinates": [ -108.75939, 39.18049 ] } },
{ "type": "Feature", "properties": { "c": "cdss_spring", "n": "BITTLE SPRING NO 3", "d": "Decreed spring · WDID 7201015" }, "geometry": { "type": "Point", "coordinates": [ -108.8012, 39.17985 ] } },
{ "type": "Feature", "properties": { "c": "cdss_spring", "n": "BITTLE SPRING NO 2", "d": "Decreed spring · WDID 7201014" }, "geometry": { "type": "Point", "coordinates": [ -108.80047, 39.18006 ] } },
{ "type": "Feature", "properties": { "c": "cdss_pond", "n": "TAVISTOCK DIVERSION NO 2", "d": "Decreed stock pond · WDID 7201795" }, "geometry": { "type": "Point", "coordinates": [ -108.78781, 39.18062 ] } },
{ "type": "Feature", "properties": { "c": "cdss_spring", "n": "BITTLE SPRING NO 1", "d": "Decreed spring · WDID 7201013" }, "geometry": { "type": "Point", "coordinates": [ -108.80018, 39.18058 ] } },
{ "type": "Feature", "properties": { "c": "cdss_pond", "n": "TAVISTOCK DIVERSION NO 1", "d": "Decreed stock pond · WDID 7201794" }, "geometry": { "type": "Point", "coordinates": [ -108.79721, 39.18227 ] } },
{ "type": "Feature", "properties": { "c": "cdss_spring", "n": "GAMMILL SPRING", "d": "Decreed spring · WDID 7201088" }, "geometry": { "type": "Point", "coordinates": [ -108.73134, 39.19136 ] } },
{ "type": "Feature", "properties": { "c": "cdss_pond", "n": "WILLY'S POND", "d": "Decreed stock pond · WDID 7204127" }, "geometry": { "type": "Point", "coordinates": [ -108.80268, 39.20153 ] } },
{ "type": "Feature", "properties": { "c": "cdss_pond", "n": "WILLY'S POND PUMP", "d": "Decreed stock pond · WDID 7201771" }, "geometry": { "type": "Point", "coordinates": [ -108.80257, 39.20169 ] } },
{ "type": "Feature", "properties": { "c": "cdss_pond", "n": "WOOD POND", "d": "Decreed stock pond · WDID 7203758" }, "geometry": { "type": "Point", "coordinates": [ -108.79992, 39.20239 ] } },
{ "type": "Feature", "properties": { "c": "cdss_pond", "n": "FROG POND", "d": "Decreed stock pond · WDID 7203742" }, "geometry": { "type": "Point", "coordinates": [ -108.80492, 39.20862 ] } },
{ "type": "Feature", "properties": { "c": "cdss_pond", "n": "TREAT RESERVOIR NO 3", "d": "Decreed stock pond · WDID 7203971" }, "geometry": { "type": "Point", "coordinates": [ -108.45879, 39.0532 ] } },
{ "type": "Feature", "properties": { "c": "cdss_pond", "n": "BLOUNT RESERVOIR", "d": "Decreed stock pond · WDID 7204057" }, "geometry": { "type": "Point", "coordinates": [ -108.45055, 39.05421 ] } },
{ "type": "Feature", "properties": { "c": "cdss_pond", "n": "TREAT RESERVOIR NO 1", "d": "Decreed stock pond · WDID 7204090" }, "geometry": { "type": "Point", "coordinates": [ -108.45487, 39.05429 ] } },
{ "type": "Feature", "properties": { "c": "cdss_pond", "n": "MACS POND", "d": "Decreed stock pond · WDID 7204013" }, "geometry": { "type": "Point", "coordinates": [ -108.44998, 39.05487 ] } },
{ "type": "Feature", "properties": { "c": "cdss_pond", "n": "MOTZ REG POND PUMP & PL", "d": "Decreed stock pond · WDID 7201323" }, "geometry": { "type": "Point", "coordinates": [ -108.44302, 39.05687 ] } },
{ "type": "Feature", "properties": { "c": "cdss_pond", "n": "LAGO MARIA ELENA RES", "d": "Decreed stock pond · WDID 7203523" }, "geometry": { "type": "Point", "coordinates": [ -108.44295, 39.05804 ] } },
{ "type": "Feature", "properties": { "c": "cdss_spring", "n": "BADGER SPRING", "d": "Decreed spring · WDID 7201551" }, "geometry": { "type": "Point", "coordinates": [ -108.43417, 39.06106 ] } },
{ "type": "Feature", "properties": { "c": "cdss_spring", "n": "GYPSY SPRING", "d": "Decreed spring · WDID 7201550" }, "geometry": { "type": "Point", "coordinates": [ -108.43417, 39.06106 ] } },
{ "type": "Feature", "properties": { "c": "cdss_spring", "n": "MOTZ SPRING NO 1", "d": "Decreed spring · WDID 7205097" }, "geometry": { "type": "Point", "coordinates": [ -108.4387, 39.06103 ] } },
{ "type": "Feature", "properties": { "c": "cdss_pond", "n": "SHIRLEN POND NO. 2", "d": "Decreed stock pond · WDID 7203519" }, "geometry": { "type": "Point", "coordinates": [ -108.43405, 39.06197 ] } },
{ "type": "Feature", "properties": { "c": "cdss_pond", "n": "LYNDSAY'S RESERVOIR", "d": "Decreed stock pond · WDID 7203728" }, "geometry": { "type": "Point", "coordinates": [ -108.43099, 39.0623 ] } },
{ "type": "Feature", "properties": { "c": "cdss_pond", "n": "SHIRLEN POND NO. 1", "d": "Decreed stock pond · WDID 7203518" }, "geometry": { "type": "Point", "coordinates": [ -108.43433, 39.06227 ] } },
{ "type": "Feature", "properties": { "c": "cdss_pond", "n": "LONG HAL POND", "d": "Decreed stock pond · WDID 7205393" }, "geometry": { "type": "Point", "coordinates": [ -108.41209, 39.07921 ] } },
{ "type": "Feature", "properties": { "c": "cdss_pond", "n": "MOLE-RICHARDSON RES NO 1", "d": "Decreed stock pond · WDID 7204079" }, "geometry": { "type": "Point", "coordinates": [ -108.40128, 39.08015 ] } },
{ "type": "Feature", "properties": { "c": "cdss_pond", "n": "MOM'S POND", "d": "Decreed stock pond · WDID 7205394" }, "geometry": { "type": "Point", "coordinates": [ -108.40895, 39.08126 ] } },
{ "type": "Feature", "properties": { "c": "cdss_pond", "n": "WET DOG POND", "d": "Decreed stock pond · WDID 7205395" }, "geometry": { "type": "Point", "coordinates": [ -108.40704, 39.08156 ] } },
{ "type": "Feature", "properties": { "c": "cdss_pond", "n": "DAY POND", "d": "Decreed stock pond · WDID 7205372" }, "geometry": { "type": "Point", "coordinates": [ -108.41257, 39.08202 ] } },
{ "type": "Feature", "properties": { "c": "cdss_spring", "n": "JOHNSON SPRING", "d": "Decreed spring · WDID 7205182" }, "geometry": { "type": "Point", "coordinates": [ -108.39648, 39.08649 ] } },
{ "type": "Feature", "properties": { "c": "cdss_pond", "n": "BOZLEY WASH DENTION BASIN", "d": "Decreed stock pond · WDID 7204187" }, "geometry": { "type": "Point", "coordinates": [ -108.42492, 39.10968 ] } },
{ "type": "Feature", "properties": { "c": "cdss_pond", "n": "CLIFTON RAW WATER POND NO. 2", "d": "Decreed stock pond · WDID 7204192" }, "geometry": { "type": "Point", "coordinates": [ -108.44057, 39.11001 ] } },
{ "type": "Feature", "properties": { "c": "cdss_pond", "n": "LEWIS WASH PROJ RES 04", "d": "Decreed stock pond · WDID 7203984" }, "geometry": { "type": "Point", "coordinates": [ -108.46206, 39.12972 ] } },
{ "type": "Feature", "properties": { "c": "cdss_pond", "n": "TEMPLE POND B", "d": "Decreed stock pond · WDID 7204110" }, "geometry": { "type": "Point", "coordinates": [ -108.39212, 39.08904 ] } },
{ "type": "Feature", "properties": { "c": "cdss_pond", "n": "TEMPLE POND A", "d": "Decreed stock pond · WDID 7204109" }, "geometry": { "type": "Point", "coordinates": [ -108.39038, 39.0902 ] } },
{ "type": "Feature", "properties": { "c": "cdss_spring", "n": "MCNEESE SPRING NO 2", "d": "Decreed spring · WDID 7201165" }, "geometry": { "type": "Point", "coordinates": [ -108.36874, 39.09574 ] } },
{ "type": "Feature", "properties": { "c": "cdss_pond", "n": "VALLEY VIEW RESERVOIR", "d": "Decreed stock pond · WDID 7203826" }, "geometry": { "type": "Point", "coordinates": [ -108.37613, 39.09558 ] } },
{ "type": "Feature", "properties": { "c": "cdss_spring", "n": "MCNEESE SPRING NO 1", "d": "Decreed spring · WDID 7201164" }, "geometry": { "type": "Point", "coordinates": [ -108.36775, 39.09623 ] } },
{ "type": "Feature", "properties": { "c": "cdss_pond", "n": "HUDSON POND NO 2", "d": "Decreed stock pond · WDID 7203760" }, "geometry": { "type": "Point", "coordinates": [ -108.32189, 39.11591 ] } },
{ "type": "Feature", "properties": { "c": "cdss_pond", "n": "HUDSON POND NO 3", "d": "Decreed stock pond · WDID 7204018" }, "geometry": { "type": "Point", "coordinates": [ -108.32538, 39.11747 ] } },
{ "type": "Feature", "properties": { "c": "cdss_pond", "n": "LEBERER RESERVOIR", "d": "Decreed stock pond · WDID 7204012" }, "geometry": { "type": "Point", "coordinates": [ -108.32126, 39.11866 ] } },
{ "type": "Feature", "properties": { "c": "cdss_spring", "n": "ZOOK SPRINGS DITCH", "d": "Decreed spring · WDID 7200954" }, "geometry": { "type": "Point", "coordinates": [ -108.32104, 39.13122 ] } },
{ "type": "Feature", "properties": { "c": "cdss_pond", "n": "CAMEO RESERVOIR", "d": "Decreed stock pond · WDID 7204061" }, "geometry": { "type": "Point", "coordinates": [ -108.30944, 39.16211 ] } },
{ "type": "Feature", "properties": { "c": "cdss_spring", "n": "SPRING CREEK SPRING", "d": "Decreed spring · WDID 7205473" }, "geometry": { "type": "Point", "coordinates": [ -108.39147, 39.16027 ] } },
{ "type": "Feature", "properties": { "c": "cdss_spring", "n": "GIDK SPRING", "d": "Decreed spring · WDID 7205339" }, "geometry": { "type": "Point", "coordinates": [ -108.39239, 39.17062 ] } },
{ "type": "Feature", "properties": { "c": "cdss_spring", "n": "ASBURY NO 4 SPRING", "d": "Decreed spring · WDID 7205286" }, "geometry": { "type": "Point", "coordinates": [ -108.3184, 39.18131 ] } },
{ "type": "Feature", "properties": { "c": "cdss_spring", "n": "ASBURY NO 3 SPRING", "d": "Decreed spring · WDID 7205285" }, "geometry": { "type": "Point", "coordinates": [ -108.33234, 39.18492 ] } },
{ "type": "Feature", "properties": { "c": "cdss_spring", "n": "ASBURY NO 2 SPRING", "d": "Decreed spring · WDID 7205284" }, "geometry": { "type": "Point", "coordinates": [ -108.3508, 39.18854 ] } },
{ "type": "Feature", "properties": { "c": "cdss_spring", "n": "FALLS SPRING", "d": "Decreed spring · WDID 7205497" }, "geometry": { "type": "Point", "coordinates": [ -108.3957, 39.18892 ] } },
{ "type": "Feature", "properties": { "c": "cdss_spring", "n": "DECKER SPRING", "d": "Decreed spring · WDID 7205476" }, "geometry": { "type": "Point", "coordinates": [ -108.38601, 39.19197 ] } },
{ "type": "Feature", "properties": { "c": "cdss_spring", "n": "ADOBE SPRING", "d": "Decreed spring · WDID 7205495" }, "geometry": { "type": "Point", "coordinates": [ -108.42133, 39.17061 ] } },
{ "type": "Feature", "properties": { "c": "cdss_spring", "n": "MONUMENT MESA SPRING", "d": "Decreed spring · WDID 7205340" }, "geometry": { "type": "Point", "coordinates": [ -108.42141, 39.17233 ] } },
{ "type": "Feature", "properties": { "c": "cdss_spring", "n": "SPRING CANYON SPRING", "d": "Decreed spring · WDID 7205317" }, "geometry": { "type": "Point", "coordinates": [ -108.42459, 39.18044 ] } },
{ "type": "Feature", "properties": { "c": "cdss_spring", "n": "CRAZY ED SPRING", "d": "Decreed spring · WDID 7205225" }, "geometry": { "type": "Point", "coordinates": [ -108.43849, 39.18766 ] } },
{ "type": "Feature", "properties": { "c": "cdss_spring", "n": "MONUMENT ROCK SPRING", "d": "Decreed spring · WDID 7205341" }, "geometry": { "type": "Point", "coordinates": [ -108.43405, 39.20001 ] } },
{ "type": "Feature", "properties": { "c": "cdss_spring", "n": "ASPEN SPRING", "d": "Decreed spring · WDID 7205477" }, "geometry": { "type": "Point", "coordinates": [ -108.43044, 39.20427 ] } },
{ "type": "Feature", "properties": { "c": "cdss_spring", "n": "COTTONWOOD SPRING", "d": "Decreed spring · WDID 7205474" }, "geometry": { "type": "Point", "coordinates": [ -108.40165, 39.20697 ] } },
{ "type": "Feature", "properties": { "c": "cdss_spring", "n": "CROSS SPRING", "d": "Decreed spring · WDID 7205499" }, "geometry": { "type": "Point", "coordinates": [ -108.45884, 39.20939 ] } },
{ "type": "Feature", "properties": { "c": "cdss_spring", "n": "TUTTI FRUITA SPRING", "d": "Decreed spring · WDID 7205221" }, "geometry": { "type": "Point", "coordinates": [ -108.45244, 39.21064 ] } },
{ "type": "Feature", "properties": { "c": "cdss_spring", "n": "BRILLO SPRING", "d": "Decreed spring · WDID 7205207" }, "geometry": { "type": "Point", "coordinates": [ -108.45244, 39.21064 ] } },
{ "type": "Feature", "properties": { "c": "cdss_spring", "n": "KORN CABIN", "d": "Decreed spring · WDID 7205302" }, "geometry": { "type": "Point", "coordinates": [ -108.45699, 39.21065 ] } },
{ "type": "Feature", "properties": { "c": "cdss_spring", "n": "BENCH CAMP SPRING", "d": "Decreed spring · WDID 7205470" }, "geometry": { "type": "Point", "coordinates": [ -108.43449, 39.21615 ] } },
{ "type": "Feature", "properties": { "c": "cdss_spring", "n": "ROUND MOUNTAIN SPRING", "d": "Decreed spring · WDID 7205472" }, "geometry": { "type": "Point", "coordinates": [ -108.4114, 39.2253 ] } },
{ "type": "Feature", "properties": { "c": "cdss_spring", "n": "RISK SPRING", "d": "Decreed spring · WDID 7205498" }, "geometry": { "type": "Point", "coordinates": [ -108.41693, 39.22558 ] } },
{ "type": "Feature", "properties": { "c": "cdss_spring", "n": "LOW GAP SPRING", "d": "Decreed spring · WDID 7205307" }, "geometry": { "type": "Point", "coordinates": [ -108.46126, 39.22852 ] } },
{ "type": "Feature", "properties": { "c": "cdss_spring", "n": "JACKASS SPRING", "d": "Decreed spring · WDID 7205301" }, "geometry": { "type": "Point", "coordinates": [ -108.4138, 39.24437 ] } },
{ "type": "Feature", "properties": { "c": "cdss_spring", "n": "JACKASS SPRING", "d": "Decreed spring · WDID 7205502" }, "geometry": { "type": "Point", "coordinates": [ -108.4138, 39.24437 ] } },
{ "type": "Feature", "properties": { "c": "cdss_spring", "n": "COSGROVE #2 SPRING", "d": "Decreed spring · WDID 7205475" }, "geometry": { "type": "Point", "coordinates": [ -108.45808, 39.24761 ] } },
{ "type": "Feature", "properties": { "c": "cdss_spring", "n": "BUFFALO WALLOW SPRING", "d": "Decreed spring · WDID 7205501" }, "geometry": { "type": "Point", "coordinates": [ -108.42714, 39.2495 ] } },
{ "type": "Feature", "properties": { "c": "cdss_spring", "n": "BUFFALO WALLOW SPRING", "d": "Decreed spring · WDID 7205289" }, "geometry": { "type": "Point", "coordinates": [ -108.42714, 39.2495 ] } },
{ "type": "Feature", "properties": { "c": "cdss_spring", "n": "BUNKWATER SPRING", "d": "Decreed spring · WDID 7205291" }, "geometry": { "type": "Point", "coordinates": [ -108.2952, 39.22503 ] } },
{ "type": "Feature", "properties": { "c": "cdss_spring", "n": "BUNKWATER RIDGE SPG DEV", "d": "Decreed spring · WDID 7205290" }, "geometry": { "type": "Point", "coordinates": [ -108.2952, 39.22503 ] } },
{ "type": "Feature", "properties": { "c": "cdss_pond", "n": "SULPHUR GULCH RESERVOIR", "d": "Decreed stock pond · WDID 7203738" }, "geometry": { "type": "Point", "coordinates": [ -108.26309, 39.27168 ] } },
{ "type": "Feature", "properties": { "c": "cdss_pond", "n": "FURR POND NO 14", "d": "Decreed stock pond · WDID 7003633" }, "geometry": { "type": "Point", "coordinates": [ -108.30671, 39.37104 ] } },
{ "type": "Feature", "properties": { "c": "cdss_pond", "n": "FURR POND NO 17", "d": "Decreed stock pond · WDID 7003636" }, "geometry": { "type": "Point", "coordinates": [ -108.30597, 39.37109 ] } },
{ "type": "Feature", "properties": { "c": "cdss_pond", "n": "FURR POND NO 19", "d": "Decreed stock pond · WDID 7003638" }, "geometry": { "type": "Point", "coordinates": [ -108.30406, 39.37116 ] } },
{ "type": "Feature", "properties": { "c": "cdss_pond", "n": "FURR PONDS AUG PLAN POD", "d": "Decreed stock pond · WDID 7009003" }, "geometry": { "type": "Point", "coordinates": [ -108.30585, 39.3712 ] } },
{ "type": "Feature", "properties": { "c": "cdss_pond", "n": "FURR POND NO 18", "d": "Decreed stock pond · WDID 7003637" }, "geometry": { "type": "Point", "coordinates": [ -108.30481, 39.37133 ] } },
{ "type": "Feature", "properties": { "c": "cdss_pond", "n": "FURR POND NO 16", "d": "Decreed stock pond · WDID 7003635" }, "geometry": { "type": "Point", "coordinates": [ -108.30579, 39.37133 ] } },
{ "type": "Feature", "properties": { "c": "cdss_spring", "n": "BLM COTTONWOOD NO 2 SPG", "d": "Decreed spring · WDID 7205288" }, "geometry": { "type": "Point", "coordinates": [ -108.35093, 39.21386 ] } },
{ "type": "Feature", "properties": { "c": "cdss_pond", "n": "DEER PARK RESERVOIR", "d": "Decreed stock pond · WDID 7203778" }, "geometry": { "type": "Point", "coordinates": [ -108.35042, 39.23945 ] } },
{ "type": "Feature", "properties": { "c": "cdss_pond", "n": "JACKSON HOLE RESERVOIR", "d": "Decreed stock pond · WDID 7203785" }, "geometry": { "type": "Point", "coordinates": [ -108.34167, 39.26499 ] } },
{ "type": "Feature", "properties": { "c": "cdss_pond", "n": "WINTER FLATS RESERVOIR", "d": "Decreed stock pond · WDID 7203829" }, "geometry": { "type": "Point", "coordinates": [ -108.39541, 39.27328 ] } },
{ "type": "Feature", "properties": { "c": "cdss_pond", "n": "HORSESHOE RESERVOIR", "d": "Decreed stock pond · WDID 7203784" }, "geometry": { "type": "Point", "coordinates": [ -108.34056, 39.2784 ] } },
{ "type": "Feature", "properties": { "c": "nhd_spring", "n": "", "d": "USGS topo spring (may be dry)" }, "geometry": { "type": "Point", "coordinates": [ -108.37858, 39.34592 ] } },
{ "type": "Feature", "properties": { "c": "cdss_spring", "n": "METZLER SPRING", "d": "Decreed spring · WDID 7005268" }, "geometry": { "type": "Point", "coordinates": [ -108.38278, 39.34683 ] } },
{ "type": "Feature", "properties": { "c": "cdss_spring", "n": "SPEAR SPRING", "d": "Decreed spring · WDID 7005276" }, "geometry": { "type": "Point", "coordinates": [ -108.33489, 39.35392 ] } },
{ "type": "Feature", "properties": { "c": "nhd_spring", "n": "", "d": "USGS topo spring (may be dry)" }, "geometry": { "type": "Point", "coordinates": [ -108.39829, 39.37565 ] } },
{ "type": "Feature", "properties": { "c": "cdss_spring", "n": "LITTLE WILLOW SPRING", "d": "Decreed spring · WDID 7005267" }, "geometry": { "type": "Point", "coordinates": [ -108.39836, 39.37588 ] } },
{ "type": "Feature", "properties": { "c": "cdss_pond", "n": "DUCK POND PARK PUMP", "d": "Decreed stock pond · WDID 4200723" }, "geometry": { "type": "Point", "coordinates": [ -108.55921, 39.0502 ] } },
{ "type": "Feature", "properties": { "c": "cdss_spring", "n": "WANDAS SPRING", "d": "Decreed spring · WDID 7205367" }, "geometry": { "type": "Point", "coordinates": [ -108.48508, 39.05021 ] } },
{ "type": "Feature", "properties": { "c": "cdss_pond", "n": "WANDAS WASH RESERVOIR", "d": "Decreed stock pond · WDID 7203944" }, "geometry": { "type": "Point", "coordinates": [ -108.48225, 39.05283 ] } },
{ "type": "Feature", "properties": { "c": "cdss_pond", "n": "LEWIS WASH PROJ RES 01", "d": "Decreed stock pond · WDID 7203981" }, "geometry": { "type": "Point", "coordinates": [ -108.47133, 39.12251 ] } },
{ "type": "Feature", "properties": { "c": "cdss_pond", "n": "LEWIS WASH PROJ RES 02", "d": "Decreed stock pond · WDID 7203982" }, "geometry": { "type": "Point", "coordinates": [ -108.47135, 39.12613 ] } },
{ "type": "Feature", "properties": { "c": "cdss_pond", "n": "LEWIS WASH PROJ RES 12", "d": "Decreed stock pond · WDID 7203992" }, "geometry": { "type": "Point", "coordinates": [ -108.48041, 39.12622 ] } },
{ "type": "Feature", "properties": { "c": "cdss_pond", "n": "LEWIS WASH PROJ RES 11", "d": "Decreed stock pond · WDID 7203991" }, "geometry": { "type": "Point", "coordinates": [ -108.48041, 39.12622 ] } },
{ "type": "Feature", "properties": { "c": "cdss_pond", "n": "LEWIS WASH PROJ RES 03", "d": "Decreed stock pond · WDID 7203983" }, "geometry": { "type": "Point", "coordinates": [ -108.47136, 39.12976 ] } },
{ "type": "Feature", "properties": { "c": "cdss_pond", "n": "LEWIS WASH PROJ RES 14", "d": "Decreed stock pond · WDID 7203994" }, "geometry": { "type": "Point", "coordinates": [ -108.4851, 39.12995 ] } },
{ "type": "Feature", "properties": { "c": "cdss_pond", "n": "LEWIS WASH PROJ RES 05", "d": "Decreed stock pond · WDID 7203985" }, "geometry": { "type": "Point", "coordinates": [ -108.47138, 39.13345 ] } },
{ "type": "Feature", "properties": { "c": "cdss_pond", "n": "HILLTOP REGULATING POND", "d": "Decreed stock pond · WDID 7203759" }, "geometry": { "type": "Point", "coordinates": [ -108.54988, 39.09578 ] } },
{ "type": "Feature", "properties": { "c": "cdss_pond", "n": "TARCHECK DRAW RESERVOIR", "d": "Decreed stock pond · WDID 7203969" }, "geometry": { "type": "Point", "coordinates": [ -108.54462, 39.09841 ] } },
{ "type": "Feature", "properties": { "c": "cdss_pond", "n": "HORIZON RESERVOIR", "d": "Decreed stock pond · WDID 7203958" }, "geometry": { "type": "Point", "coordinates": [ -108.536, 39.10438 ] } },
{ "type": "Feature", "properties": { "c": "cdss_pond", "n": "RANCHMANS DITCH DETENTION BASIN", "d": "Decreed stock pond · WDID 7204173" }, "geometry": { "type": "Point", "coordinates": [ -108.52444, 39.11341 ] } },
{ "type": "Feature", "properties": { "c": "cdss_pond", "n": "PARADISE HILLS LAKE NO 3", "d": "Decreed stock pond · WDID 7203945" }, "geometry": { "type": "Point", "coordinates": [ -108.55433, 39.12411 ] } },
{ "type": "Feature", "properties": { "c": "cdss_pond", "n": "LEACH CREEK DETENTION BASIN", "d": "Decreed stock pond · WDID 7204171" }, "geometry": { "type": "Point", "coordinates": [ -108.54174, 39.15898 ] } },
{ "type": "Feature", "properties": { "c": "cdss_pond", "n": "RAILROAD RESERVOIR", "d": "Decreed stock pond · WDID 7203814" }, "geometry": { "type": "Point", "coordinates": [ -108.53119, 39.16607 ] } },
{ "type": "Feature", "properties": { "c": "cdss_pond", "n": "DAM NO 1 RESERVOIR", "d": "Decreed stock pond · WDID 7203775" }, "geometry": { "type": "Point", "coordinates": [ -108.5257, 39.17365 ] } },
{ "type": "Feature", "properties": { "c": "cdss_pond", "n": "MT GARFIELD NO 2 RES", "d": "Decreed stock pond · WDID 7203792" }, "geometry": { "type": "Point", "coordinates": [ -108.55307, 39.19416 ] } },
{ "type": "Feature", "properties": { "c": "cdss_spring", "n": "WESTWOOD SPRING", "d": "Decreed spring · WDID 7205139" }, "geometry": { "type": "Point", "coordinates": [ -108.55932, 39.09713 ] } },
{ "type": "Feature", "properties": { "c": "cdss_pond", "n": "HORIZON GLEN POND NO 1", "d": "Decreed stock pond · WDID 7203832" }, "geometry": { "type": "Point", "coordinates": [ -108.55652, 39.10087 ] } },
{ "type": "Feature", "properties": { "c": "cdss_pond", "n": "JACOBSON RESERVOIR", "d": "Decreed stock pond · WDID 7203960" }, "geometry": { "type": "Point", "coordinates": [ -108.56957, 39.11188 ] } },
{ "type": "Feature", "properties": { "c": "cdss_pond", "n": "BRUCK POND", "d": "Decreed stock pond · WDID 7203740" }, "geometry": { "type": "Point", "coordinates": [ -108.5864, 39.11315 ] } },
{ "type": "Feature", "properties": { "c": "cdss_spring", "n": "CHAPMAN SPRING", "d": "Decreed spring · WDID 7201048" }, "geometry": { "type": "Point", "coordinates": [ -108.56894, 39.11829 ] } },
{ "type": "Feature", "properties": { "c": "cdss_pond", "n": "KING OASIS POND", "d": "Decreed stock pond · WDID 7203556" }, "geometry": { "type": "Point", "coordinates": [ -108.56899, 39.11946 ] } },
{ "type": "Feature", "properties": { "c": "cdss_pond", "n": "BRANDON POND FEEDER DITCH", "d": "Decreed stock pond · WDID 7201727" }, "geometry": { "type": "Point", "coordinates": [ -108.57422, 39.12561 ] } },
{ "type": "Feature", "properties": { "c": "cdss_pond", "n": "POMRENKE POND FILL DITCH", "d": "Decreed stock pond · WDID 7201623" }, "geometry": { "type": "Point", "coordinates": [ -108.57435, 39.12566 ] } },
{ "type": "Feature", "properties": { "c": "cdss_pond", "n": "POMRENKE POND", "d": "Decreed stock pond · WDID 7204051" }, "geometry": { "type": "Point", "coordinates": [ -108.5742, 39.12578 ] } },
{ "type": "Feature", "properties": { "c": "cdss_pond", "n": "NORTH PASTURE POND", "d": "Decreed stock pond · WDID 7203712" }, "geometry": { "type": "Point", "coordinates": [ -108.58034, 39.126 ] } },
{ "type": "Feature", "properties": { "c": "cdss_pond", "n": "BRANDON POND", "d": "Decreed stock pond · WDID 7203713" }, "geometry": { "type": "Point", "coordinates": [ -108.57512, 39.12618 ] } },
{ "type": "Feature", "properties": { "c": "cdss_spring", "n": "BERRY SPRING NO 1", "d": "Decreed spring · WDID 7201007" }, "geometry": { "type": "Point", "coordinates": [ -108.60583, 39.12611 ] } },
{ "type": "Feature", "properties": { "c": "cdss_spring", "n": "BERRY SPRING NO 2", "d": "Decreed spring · WDID 7201280" }, "geometry": { "type": "Point", "coordinates": [ -108.60583, 39.12611 ] } },
{ "type": "Feature", "properties": { "c": "cdss_pond", "n": "HILLARD POND NO 2", "d": "Decreed stock pond · WDID 7204198" }, "geometry": { "type": "Point", "coordinates": [ -108.59187, 39.13262 ] } },
{ "type": "Feature", "properties": { "c": "cdss_pond", "n": "HILLARD POND NO 1", "d": "Decreed stock pond · WDID 7204197" }, "geometry": { "type": "Point", "coordinates": [ -108.5913, 39.1333 ] } },
{ "type": "Feature", "properties": { "c": "cdss_pond", "n": "CASTER POND", "d": "Decreed stock pond · WDID 7203739" }, "geometry": { "type": "Point", "coordinates": [ -108.57449, 39.13573 ] } },
{ "type": "Feature", "properties": { "c": "cdss_pond", "n": "HARTZ RESERVOIR", "d": "Decreed stock pond · WDID 7203754" }, "geometry": { "type": "Point", "coordinates": [ -108.57319, 39.13819 ] } },
{ "type": "Feature", "properties": { "c": "cdss_spring", "n": "DOROTHY SPRING", "d": "Decreed spring · WDID 7205459" }, "geometry": { "type": "Point", "coordinates": [ -108.5863, 39.13807 ] } },
{ "type": "Feature", "properties": { "c": "cdss_pond", "n": "CROWNPOINT WET W. POND", "d": "Decreed stock pond · WDID 7203743" }, "geometry": { "type": "Point", "coordinates": [ -108.60652, 39.14123 ] } },
{ "type": "Feature", "properties": { "c": "cdss_pond", "n": "CROWNPOINT WET E. POND", "d": "Decreed stock pond · WDID 7203744" }, "geometry": { "type": "Point", "coordinates": [ -108.60543, 39.14151 ] } },
{ "type": "Feature", "properties": { "c": "cdss_pond", "n": "LEWIS WASH PROJ RES 06", "d": "Decreed stock pond · WDID 7203986" }, "geometry": { "type": "Point", "coordinates": [ -108.47138, 39.13345 ] } },
{ "type": "Feature", "properties": { "c": "cdss_pond", "n": "LEWIS WASH PROJ RES 13", "d": "Decreed stock pond · WDID 7203993" }, "geometry": { "type": "Point", "coordinates": [ -108.48515, 39.13352 ] } },
{ "type": "Feature", "properties": { "c": "cdss_pond", "n": "LEWIS WASH PROJ RES 07", "d": "Decreed stock pond · WDID 7203987" }, "geometry": { "type": "Point", "coordinates": [ -108.47136, 39.13712 ] } },
{ "type": "Feature", "properties": { "c": "cdss_pond", "n": "LEWIS WASH PROJ RES 08", "d": "Decreed stock pond · WDID 7203988" }, "geometry": { "type": "Point", "coordinates": [ -108.46666, 39.14078 ] } },
{ "type": "Feature", "properties": { "c": "cdss_pond", "n": "LEWIS WASH PROJ RES 09", "d": "Decreed stock pond · WDID 7203989" }, "geometry": { "type": "Point", "coordinates": [ -108.4666, 39.1444 ] } },
{ "type": "Feature", "properties": { "c": "cdss_pond", "n": "LEWIS WASH PROJ RES 18", "d": "Decreed stock pond · WDID 7203998" }, "geometry": { "type": "Point", "coordinates": [ -108.47125, 39.14437 ] } },
{ "type": "Feature", "properties": { "c": "cdss_pond", "n": "LEWIS WASH PROJ RES 19", "d": "Decreed stock pond · WDID 7203999" }, "geometry": { "type": "Point", "coordinates": [ -108.47593, 39.14433 ] } },
{ "type": "Feature", "properties": { "c": "cdss_pond", "n": "LEWIS WASH PROJ RES 10", "d": "Decreed stock pond · WDID 7203990" }, "geometry": { "type": "Point", "coordinates": [ -108.46655, 39.14795 ] } },
{ "type": "Feature", "properties": { "c": "cdss_pond", "n": "LEWIS WASH PROJ RES 17", "d": "Decreed stock pond · WDID 7203997" }, "geometry": { "type": "Point", "coordinates": [ -108.47592, 39.14793 ] } },
{ "type": "Feature", "properties": { "c": "cdss_pond", "n": "LEWIS WASH PROJ RES 16", "d": "Decreed stock pond · WDID 7203996" }, "geometry": { "type": "Point", "coordinates": [ -108.47592, 39.14793 ] } },
{ "type": "Feature", "properties": { "c": "cdss_pond", "n": "LEWIS WASH PROJ RES 15", "d": "Decreed stock pond · WDID 7203995" }, "geometry": { "type": "Point", "coordinates": [ -108.48529, 39.14797 ] } },
{ "type": "Feature", "properties": { "c": "cdss_pond", "n": "LEWIS WASH PROJ RES 20", "d": "Decreed stock pond · WDID 7204000" }, "geometry": { "type": "Point", "coordinates": [ -108.47117, 39.15152 ] } },
{ "type": "Feature", "properties": { "c": "cdss_pond", "n": "LEWIS WASH PROJ RES 21", "d": "Decreed stock pond · WDID 7204001" }, "geometry": { "type": "Point", "coordinates": [ -108.47115, 39.15515 ] } },
{ "type": "Feature", "properties": { "c": "cdss_pond", "n": "DAM NO 6 RESERVOIR", "d": "Decreed stock pond · WDID 7203776" }, "geometry": { "type": "Point", "coordinates": [ -108.50359, 39.15524 ] } },
{ "type": "Feature", "properties": { "c": "cdss_pond", "n": "MT GARFIELD NO 1 RES", "d": "Decreed stock pond · WDID 7203791" }, "geometry": { "type": "Point", "coordinates": [ -108.49623, 39.17868 ] } },
{ "type": "Feature", "properties": { "c": "cdss_spring", "n": "POLAND SPRING", "d": "Decreed spring · WDID 7205378" }, "geometry": { "type": "Point", "coordinates": [ -108.47106, 39.19122 ] } },
{ "type": "Feature", "properties": { "c": "cdss_spring", "n": "CATTAIL SPRING", "d": "Decreed spring · WDID 7205496" }, "geometry": { "type": "Point", "coordinates": [ -108.47312, 39.2251 ] } },
{ "type": "Feature", "properties": { "c": "cdss_spring", "n": "WILD COW SPRING", "d": "Decreed spring · WDID 7205471" }, "geometry": { "type": "Point", "coordinates": [ -108.47283, 39.22972 ] } },
{ "type": "Feature", "properties": { "c": "cdss_spring", "n": "WILD COW #2 SPRING", "d": "Decreed spring · WDID 7205494" }, "geometry": { "type": "Point", "coordinates": [ -108.47414, 39.23121 ] } },
{ "type": "Feature", "properties": { "c": "cdss_spring", "n": "COSGROVE #1 SPRING", "d": "Decreed spring · WDID 7205478" }, "geometry": { "type": "Point", "coordinates": [ -108.48102, 39.24351 ] } },
{ "type": "Feature", "properties": { "c": "cdss_spring", "n": "WILMA SPRING", "d": "Decreed spring · WDID 7205355" }, "geometry": { "type": "Point", "coordinates": [ -108.58409, 39.14519 ] } },
{ "type": "Feature", "properties": { "c": "cdss_pond", "n": "DAVIS POND NO. 1", "d": "Decreed stock pond · WDID 7203714" }, "geometry": { "type": "Point", "coordinates": [ -108.60853, 39.15209 ] } },
{ "type": "Feature", "properties": { "c": "cdss_pond", "n": "DAVIS POND NO. 2", "d": "Decreed stock pond · WDID 7203715" }, "geometry": { "type": "Point", "coordinates": [ -108.6115, 39.15213 ] } },
{ "type": "Feature", "properties": { "c": "cdss_pond", "n": "BARNHILL POND", "d": "Decreed stock pond · WDID 7204135" }, "geometry": { "type": "Point", "coordinates": [ -108.60419, 39.16483 ] } },
{ "type": "Feature", "properties": { "c": "cdss_pond", "n": "CRONK PROP SEEPAGE DRAW", "d": "Decreed stock pond · WDID 7203722" }, "geometry": { "type": "Point", "coordinates": [ -108.60216, 39.16996 ] } },
{ "type": "Feature", "properties": { "c": "cdss_pond", "n": "NO 5 RESERVOIR", "d": "Decreed stock pond · WDID 7203795" }, "geometry": { "type": "Point", "coordinates": [ -108.62123, 39.25091 ] } },
{ "type": "Feature", "properties": { "c": "cdss_pond", "n": "BURFORD RESERVOIR NO 1", "d": "Decreed stock pond · WDID 7203940" }, "geometry": { "type": "Point", "coordinates": [ -108.59879, 39.27964 ] } },
{ "type": "Feature", "properties": { "c": "nhd_spring", "n": "", "d": "USGS topo spring (may be dry)" }, "geometry": { "type": "Point", "coordinates": [ -108.57768, 39.36915 ] } },
{ "type": "Feature", "properties": { "c": "cdss_spring", "n": "SALTLICK SEEP", "d": "Decreed spring · WDID 7205188" }, "geometry": { "type": "Point", "coordinates": [ -108.62583, 39.39694 ] } },
{ "type": "Feature", "properties": { "c": "cdss_spring", "n": "JULIAN SPRING", "d": "Decreed spring · WDID 7005160" }, "geometry": { "type": "Point", "coordinates": [ -108.58905, 39.40226 ] } },
{ "type": "Feature", "properties": { "c": "cdss_pond", "n": "CORN NO 3 RESERVOIR", "d": "Decreed stock pond · WDID 7203770" }, "geometry": { "type": "Point", "coordinates": [ -108.51896, 39.21078 ] } },
{ "type": "Feature", "properties": { "c": "cdss_spring", "n": "AIRPLANE SPRING NO 1", "d": "Decreed spring · WDID 7005248" }, "geometry": { "type": "Point", "coordinates": [ -108.53006, 39.36951 ] } },
{ "type": "Feature", "properties": { "c": "nhd_spring", "n": "", "d": "USGS topo spring (may be dry)" }, "geometry": { "type": "Point", "coordinates": [ -108.53032, 39.37036 ] } },
{ "type": "Feature", "properties": { "c": "cdss_spring", "n": "MCKAY SPRING NO 1", "d": "Decreed spring · WDID 7005013" }, "geometry": { "type": "Point", "coordinates": [ -108.53902, 39.37492 ] } },
{ "type": "Feature", "properties": { "c": "cdss_spring", "n": "TROUGH SPRINGS RESERVOIR", "d": "Decreed spring · WDID 7003604" }, "geometry": { "type": "Point", "coordinates": [ -108.53274, 39.37574 ] } },
{ "type": "Feature", "properties": { "c": "cdss_spring", "n": "HOLLOW LOG SPRING NO 2", "d": "Decreed spring · WDID 7005096" }, "geometry": { "type": "Point", "coordinates": [ -108.55112, 39.37632 ] } },
{ "type": "Feature", "properties": { "c": "cdss_spring", "n": "HOLLOW LOG SPRING NO 1", "d": "Decreed spring · WDID 7005014" }, "geometry": { "type": "Point", "coordinates": [ -108.55118, 39.37647 ] } },
{ "type": "Feature", "properties": { "c": "cdss_spring", "n": "MCKAY SPRING NO 2", "d": "Decreed spring · WDID 7005107" }, "geometry": { "type": "Point", "coordinates": [ -108.53964, 39.37689 ] } },
{ "type": "Feature", "properties": { "c": "cdss_spring", "n": "MCKAY FORK SPRING NO 1", "d": "Decreed spring · WDID 7005292" }, "geometry": { "type": "Point", "coordinates": [ -108.55111, 39.37656 ] } },
{ "type": "Feature", "properties": { "c": "nhd_spring", "n": "", "d": "USGS topo spring (may be dry)" }, "geometry": { "type": "Point", "coordinates": [ -108.55169, 39.37694 ] } },
{ "type": "Feature", "properties": { "c": "cdss_spring", "n": "UTE SPRING", "d": "Decreed spring · WDID 7205500" }, "geometry": { "type": "Point", "coordinates": [ -108.51055, 39.24855 ] } },
{ "type": "Feature", "properties": { "c": "cdss_spring", "n": "SODA SPRING", "d": "Decreed spring · WDID 7205354" }, "geometry": { "type": "Point", "coordinates": [ -108.51302, 39.26499 ] } },
{ "type": "Feature", "properties": { "c": "cdss_spring", "n": "BURNING BOULDER SPRING", "d": "Decreed spring · WDID 7205212" }, "geometry": { "type": "Point", "coordinates": [ -108.48244, 39.2669 ] } },
{ "type": "Feature", "properties": { "c": "cdss_spring", "n": "CHOPPER SPRING", "d": "Decreed spring · WDID 7205213" }, "geometry": { "type": "Point", "coordinates": [ -108.49639, 39.27213 ] } },
{ "type": "Feature", "properties": { "c": "cdss_spring", "n": "HART GULCH SPRING NO 1", "d": "Decreed spring · WDID 7005251" }, "geometry": { "type": "Point", "coordinates": [ -108.51684, 39.35184 ] } },
{ "type": "Feature", "properties": { "c": "cdss_spring", "n": "AIRPLANE SPRING NO 2", "d": "Decreed spring · WDID 7005249" }, "geometry": { "type": "Point", "coordinates": [ -108.52082, 39.36592 ] } },
{ "type": "Feature", "properties": { "c": "cdss_spring", "n": "AIRPLANE SPRING NO 3", "d": "Decreed spring · WDID 7005250" }, "geometry": { "type": "Point", "coordinates": [ -108.51672, 39.36934 ] } },
{ "type": "Feature", "properties": { "c": "nhd_spring", "n": "", "d": "USGS topo spring (may be dry)" }, "geometry": { "type": "Point", "coordinates": [ -108.52374, 39.40798 ] } },
{ "type": "Feature", "properties": { "c": "cdss_spring", "n": "MIDDLE DRY FORK SPG NO 1", "d": "Decreed spring · WDID 7005095" }, "geometry": { "type": "Point", "coordinates": [ -108.52379, 39.40826 ] } },
{ "type": "Feature", "properties": { "c": "cdss_spring", "n": "BECKER SPRING NO 1", "d": "Decreed spring · WDID 7005094" }, "geometry": { "type": "Point", "coordinates": [ -108.52054, 39.41235 ] } },
{ "type": "Feature", "properties": { "c": "cdss_pond", "n": "RUBY CANYON POND NO 2", "d": "Decreed stock pond · WDID 7204139" }, "geometry": { "type": "Point", "coordinates": [ -108.93501, 39.18471 ] } },
{ "type": "Feature", "properties": { "c": "cdss_pond", "n": "RABBIT VALLEY NO 05 RES", "d": "Decreed stock pond · WDID 7203807" }, "geometry": { "type": "Point", "coordinates": [ -109.00286, 39.18299 ] } },
{ "type": "Feature", "properties": { "c": "cdss_pond", "n": "RUBY CANYON POND NO 1", "d": "Decreed stock pond · WDID 7204138" }, "geometry": { "type": "Point", "coordinates": [ -108.93499, 39.18556 ] } },
{ "type": "Feature", "properties": { "c": "cdss_pond", "n": "WHITE ROCK RESERVOIR", "d": "Decreed stock pond · WDID 7203828" }, "geometry": { "type": "Point", "coordinates": [ -108.99261, 39.18616 ] } },
{ "type": "Feature", "properties": { "c": "cdss_pond", "n": "RABBIT VALLEY NO 03 RES", "d": "Decreed stock pond · WDID 7203805" }, "geometry": { "type": "Point", "coordinates": [ -109.01598, 39.19335 ] } },
{ "type": "Feature", "properties": { "c": "cdss_pond", "n": "RABBIT VALLEY NO 07 RES", "d": "Decreed stock pond · WDID 7203809" }, "geometry": { "type": "Point", "coordinates": [ -108.97703, 39.19654 ] } },
{ "type": "Feature", "properties": { "c": "cdss_pond", "n": "RABBIT VALLEY NO 12 RES", "d": "Decreed stock pond · WDID 7203813" }, "geometry": { "type": "Point", "coordinates": [ -109.00248, 39.1964 ] } },
{ "type": "Feature", "properties": { "c": "cdss_pond", "n": "HORSETHIEF CYN FOREBAY P", "d": "Decreed stock pond · WDID 7204071" }, "geometry": { "type": "Point", "coordinates": [ -108.91368, 39.20053 ] } },
{ "type": "Feature", "properties": { "c": "cdss_pond", "n": "R JOHNSON RESERVOIR", "d": "Decreed stock pond · WDID 7203963" }, "geometry": { "type": "Point", "coordinates": [ -108.8714, 39.20422 ] } },
{ "type": "Feature", "properties": { "c": "cdss_pond", "n": "RUDOLPH JOHNSON", "d": "Decreed stock pond · WDID 7203816" }, "geometry": { "type": "Point", "coordinates": [ -108.8714, 39.20422 ] } },
{ "type": "Feature", "properties": { "c": "cdss_spring", "n": "STURDEVANT SPRING", "d": "Decreed spring · WDID 7205542" }, "geometry": { "type": "Point", "coordinates": [ -108.64164, 39.18352 ] } },
{ "type": "Feature", "properties": { "c": "cdss_spring", "n": "MARCHUN HIGHPOINT SPG 1", "d": "Decreed spring · WDID 7201155" }, "geometry": { "type": "Point", "coordinates": [ -108.72204, 39.19133 ] } },
{ "type": "Feature", "properties": { "c": "cdss_spring", "n": "MINT SPRING NO 1", "d": "Decreed spring · WDID 7201170" }, "geometry": { "type": "Point", "coordinates": [ -108.73134, 39.19136 ] } },
{ "type": "Feature", "properties": { "c": "cdss_spring", "n": "MINT SPRING NO 2", "d": "Decreed spring · WDID 7201171" }, "geometry": { "type": "Point", "coordinates": [ -108.73134, 39.19136 ] } },
{ "type": "Feature", "properties": { "c": "cdss_pond", "n": "COLEMAN POND", "d": "Decreed stock pond · WDID 7204063" }, "geometry": { "type": "Point", "coordinates": [ -108.72984, 39.19166 ] } },
{ "type": "Feature", "properties": { "c": "cdss_spring", "n": "BOOKCLIFF BISON RANCH SPRING", "d": "Decreed spring · WDID 7205460" }, "geometry": { "type": "Point", "coordinates": [ -108.69494, 39.2166 ] } },
{ "type": "Feature", "properties": { "c": "cdss_pond", "n": "SAMI POND", "d": "Decreed stock pond · WDID 7203741" }, "geometry": { "type": "Point", "coordinates": [ -108.69921, 39.22169 ] } },
{ "type": "Feature", "properties": { "c": "cdss_pond", "n": "DOUBLE D LAKE", "d": "Decreed stock pond · WDID 7203836" }, "geometry": { "type": "Point", "coordinates": [ -108.73048, 39.22611 ] } },
{ "type": "Feature", "properties": { "c": "cdss_pond", "n": "KELLEY POND", "d": "Decreed stock pond · WDID 7203555" }, "geometry": { "type": "Point", "coordinates": [ -108.71751, 39.2315 ] } },
{ "type": "Feature", "properties": { "c": "cdss_pond", "n": "LAMICQ RESERVOIR", "d": "Decreed stock pond · WDID 7204055" }, "geometry": { "type": "Point", "coordinates": [ -108.70805, 39.23471 ] } },
{ "type": "Feature", "properties": { "c": "cdss_pond", "n": "RABBIT VALLEY NO 10 RES", "d": "Decreed stock pond · WDID 7203811" }, "geometry": { "type": "Point", "coordinates": [ -108.98798, 39.20437 ] } },
{ "type": "Feature", "properties": { "c": "cdss_pond", "n": "RABBIT VALLEY NO 06 RES", "d": "Decreed stock pond · WDID 7203808" }, "geometry": { "type": "Point", "coordinates": [ -108.98258, 39.20529 ] } },
{ "type": "Feature", "properties": { "c": "cdss_pond", "n": "ACE HIGH RESERVOIR", "d": "Decreed stock pond · WDID 7203761" }, "geometry": { "type": "Point", "coordinates": [ -109.02129, 39.2059 ] } },
{ "type": "Feature", "properties": { "c": "cdss_pond", "n": "RABBIT VALLEY NO 02 RES", "d": "Decreed stock pond · WDID 7203804" }, "geometry": { "type": "Point", "coordinates": [ -109.00043, 39.20866 ] } },
{ "type": "Feature", "properties": { "c": "cdss_pond", "n": "RABBIT VALLEY NO 08 RES", "d": "Decreed stock pond · WDID 7203810" }, "geometry": { "type": "Point", "coordinates": [ -108.95816, 39.21022 ] } },
{ "type": "Feature", "properties": { "c": "cdss_pond", "n": "PIKE RESERVOIR", "d": "Decreed stock pond · WDID 7203799" }, "geometry": { "type": "Point", "coordinates": [ -108.9568, 39.21033 ] } },
{ "type": "Feature", "properties": { "c": "cdss_pond", "n": "CODY RESERVOIR", "d": "Decreed stock pond · WDID 7203768" }, "geometry": { "type": "Point", "coordinates": [ -108.96381, 39.21371 ] } },
{ "type": "Feature", "properties": { "c": "cdss_pond", "n": "RABBIT VALLEY NO 11 RES", "d": "Decreed stock pond · WDID 7203812" }, "geometry": { "type": "Point", "coordinates": [ -109.04722, 39.22132 ] } },
{ "type": "Feature", "properties": { "c": "cdss_pond", "n": "SALT CREEK RESERVOIR", "d": "Decreed stock pond · WDID 7203965" }, "geometry": { "type": "Point", "coordinates": [ -108.8942, 39.22794 ] } },
{ "type": "Feature", "properties": { "c": "cdss_pond", "n": "RABBIT VALLEY NO 01 RES", "d": "Decreed stock pond · WDID 7203803" }, "geometry": { "type": "Point", "coordinates": [ -108.98411, 39.22512 ] } },
{ "type": "Feature", "properties": { "c": "cdss_pond", "n": "REID RESERVOIR", "d": "Decreed stock pond · WDID 7203947" }, "geometry": { "type": "Point", "coordinates": [ -108.84633, 39.23082 ] } },
{ "type": "Feature", "properties": { "c": "cdss_pond", "n": "LOWER ROOTS RESERVOIR", "d": "Decreed stock pond · WDID 7203526" }, "geometry": { "type": "Point", "coordinates": [ -108.85919, 39.23053 ] } },
{ "type": "Feature", "properties": { "c": "cdss_pond", "n": "ROOTS RESERVOIR", "d": "Decreed stock pond · WDID 7204019" }, "geometry": { "type": "Point", "coordinates": [ -108.85617, 39.23191 ] } },
{ "type": "Feature", "properties": { "c": "cdss_pond", "n": "KIEFER POND", "d": "Decreed stock pond · WDID 7203721" }, "geometry": { "type": "Point", "coordinates": [ -108.86051, 39.2318 ] } },
{ "type": "Feature", "properties": { "c": "cdss_spring", "n": "KIEFER SPRING", "d": "Decreed spring · WDID 7205454" }, "geometry": { "type": "Point", "coordinates": [ -108.86192, 39.23636 ] } },
{ "type": "Feature", "properties": { "c": "cdss_pond", "n": "9-MILE POST RESERVOIR", "d": "Decreed stock pond · WDID 7203794" }, "geometry": { "type": "Point", "coordinates": [ -109.00868, 39.23456 ] } },
{ "type": "Feature", "properties": { "c": "cdss_pond", "n": "MCCURTER POND NO. 1", "d": "Decreed stock pond · WDID 7204201" }, "geometry": { "type": "Point", "coordinates": [ -108.89132, 39.23951 ] } },
{ "type": "Feature", "properties": { "c": "cdss_pond", "n": "KOVENE RESERVOIR", "d": "Decreed stock pond · WDID 7204075" }, "geometry": { "type": "Point", "coordinates": [ -108.86956, 39.24116 ] } },
{ "type": "Feature", "properties": { "c": "cdss_pond", "n": "SALT CREEK RESERVOIR (WEST SALT CR)", "d": "Decreed stock pond · WDID 7203711" }, "geometry": { "type": "Point", "coordinates": [ -108.88387, 39.2414 ] } },
{ "type": "Feature", "properties": { "c": "cdss_spring", "n": "ERNI SPRING NO 1", "d": "Decreed spring · WDID 7201601" }, "geometry": { "type": "Point", "coordinates": [ -108.86649, 39.24232 ] } },
{ "type": "Feature", "properties": { "c": "cdss_spring", "n": "ERNI SPRING NO 2", "d": "Decreed spring · WDID 7201602" }, "geometry": { "type": "Point", "coordinates": [ -108.86649, 39.24232 ] } },
{ "type": "Feature", "properties": { "c": "cdss_spring", "n": "BARBEE SPRING", "d": "Decreed spring · WDID 7201789" }, "geometry": { "type": "Point", "coordinates": [ -108.85989, 39.24329 ] } },
{ "type": "Feature", "properties": { "c": "cdss_pond", "n": "EVANS #2", "d": "Decreed stock pond · WDID 7204169" }, "geometry": { "type": "Point", "coordinates": [ -108.83918, 39.24447 ] } },
{ "type": "Feature", "properties": { "c": "cdss_pond", "n": "CS POND", "d": "Decreed stock pond · WDID 7204148" }, "geometry": { "type": "Point", "coordinates": [ -108.84661, 39.2453 ] } },
{ "type": "Feature", "properties": { "c": "cdss_pond", "n": "MCCURTER POND NO. 4", "d": "Decreed stock pond · WDID 7204203" }, "geometry": { "type": "Point", "coordinates": [ -108.89355, 39.24388 ] } },
{ "type": "Feature", "properties": { "c": "cdss_pond", "n": "HARVARD RESERVOIR", "d": "Decreed stock pond · WDID 7203783" }, "geometry": { "type": "Point", "coordinates": [ -109.03154, 39.23948 ] } },
{ "type": "Feature", "properties": { "c": "cdss_pond", "n": "CS POND", "d": "Decreed stock pond · WDID 7204168" }, "geometry": { "type": "Point", "coordinates": [ -108.84896, 39.24604 ] } },
{ "type": "Feature", "properties": { "c": "cdss_pond", "n": "MACK TRAIL RESERVOIR", "d": "Decreed stock pond · WDID 7203788" }, "geometry": { "type": "Point", "coordinates": [ -108.98399, 39.24201 ] } },
{ "type": "Feature", "properties": { "c": "cdss_pond", "n": "MCCURTER POND NO. 2", "d": "Decreed stock pond · WDID 7204200" }, "geometry": { "type": "Point", "coordinates": [ -108.89379, 39.24523 ] } },
{ "type": "Feature", "properties": { "c": "cdss_spring", "n": "SHERIDAN SPRING", "d": "Decreed spring · WDID 7205185" }, "geometry": { "type": "Point", "coordinates": [ -108.85729, 39.2483 ] } },
{ "type": "Feature", "properties": { "c": "cdss_pond", "n": "NELSON POND", "d": "Decreed stock pond · WDID 7204156" }, "geometry": { "type": "Point", "coordinates": [ -108.88706, 39.24734 ] } },
{ "type": "Feature", "properties": { "c": "cdss_pond", "n": "MCCURTER POND NO. 3", "d": "Decreed stock pond · WDID 7204202" }, "geometry": { "type": "Point", "coordinates": [ -108.88991, 39.24901 ] } },
{ "type": "Feature", "properties": { "c": "cdss_pond", "n": "MCCURTER POND NO. 2 DIVERSION", "d": "Decreed stock pond · WDID 7201856" }, "geometry": { "type": "Point", "coordinates": [ -108.8898, 39.24939 ] } },
{ "type": "Feature", "properties": { "c": "cdss_pond", "n": "PRINCETON RESERVOIR", "d": "Decreed stock pond · WDID 7203802" }, "geometry": { "type": "Point", "coordinates": [ -108.93685, 39.24815 ] } },
{ "type": "Feature", "properties": { "c": "cdss_pond", "n": "DEATON WILDLIFE POND #1", "d": "Decreed stock pond · WDID 7203500" }, "geometry": { "type": "Point", "coordinates": [ -108.8774, 39.25776 ] } },
{ "type": "Feature", "properties": { "c": "cdss_pond", "n": "DEATON WILDLIFE POND #2", "d": "Decreed stock pond · WDID 7203501" }, "geometry": { "type": "Point", "coordinates": [ -108.87569, 39.25862 ] } },
{ "type": "Feature", "properties": { "c": "cdss_pond", "n": "OVER POND", "d": "Decreed stock pond · WDID 7203716" }, "geometry": { "type": "Point", "coordinates": [ -108.85163, 39.26129 ] } },
{ "type": "Feature", "properties": { "c": "cdss_pond", "n": "STATE RESERVOIR", "d": "Decreed stock pond · WDID 7203819" }, "geometry": { "type": "Point", "coordinates": [ -109.02722, 39.25551 ] } },
{ "type": "Feature", "properties": { "c": "cdss_pond", "n": "BRACH WASTEWATER POND", "d": "Decreed stock pond · WDID 7204194" }, "geometry": { "type": "Point", "coordinates": [ -108.86806, 39.26138 ] } },
{ "type": "Feature", "properties": { "c": "cdss_pond", "n": "JIM'S POND", "d": "Decreed stock pond · WDID 7204193" }, "geometry": { "type": "Point", "coordinates": [ -108.86618, 39.26153 ] } },
{ "type": "Feature", "properties": { "c": "cdss_spring", "n": "ERICS SPRING", "d": "Decreed spring · WDID 7205083" }, "geometry": { "type": "Point", "coordinates": [ -108.86785, 39.26434 ] } },
{ "type": "Feature", "properties": { "c": "cdss_spring", "n": "M J SPRING", "d": "Decreed spring · WDID 7205084" }, "geometry": { "type": "Point", "coordinates": [ -108.85979, 39.26745 ] } },
{ "type": "Feature", "properties": { "c": "cdss_pond", "n": "HIGHLINE RESERVOIR", "d": "Decreed stock pond · WDID 7203957" }, "geometry": { "type": "Point", "coordinates": [ -108.84239, 39.26877 ] } },
{ "type": "Feature", "properties": { "c": "cdss_spring", "n": "LONNIE SPRING", "d": "Decreed spring · WDID 7201715" }, "geometry": { "type": "Point", "coordinates": [ -108.88026, 39.2694 ] } },
{ "type": "Feature", "properties": { "c": "cdss_spring", "n": "ALSTATT SPRING NO. 2", "d": "Decreed spring · WDID 7205411" }, "geometry": { "type": "Point", "coordinates": [ -108.86401, 39.27792 ] } },
{ "type": "Feature", "properties": { "c": "cdss_spring", "n": "BARLOW SPRING NO 2 DITCH", "d": "Decreed spring · WDID 7201001" }, "geometry": { "type": "Point", "coordinates": [ -108.87777, 39.27873 ] } },
{ "type": "Feature", "properties": { "c": "cdss_pond", "n": "MACK MESA RESERVOIR", "d": "Decreed stock pond · WDID 7204077" }, "geometry": { "type": "Point", "coordinates": [ -108.84184, 39.28097 ] } },
{ "type": "Feature", "properties": { "c": "cdss_pond", "n": "BOREN POND NO 2", "d": "Decreed stock pond · WDID 7203725" }, "geometry": { "type": "Point", "coordinates": [ -108.86685, 39.28156 ] } },
{ "type": "Feature", "properties": { "c": "cdss_pond", "n": "BOREN POND NO 1", "d": "Decreed stock pond · WDID 7203724" }, "geometry": { "type": "Point", "coordinates": [ -108.86441, 39.2819 ] } },
{ "type": "Feature", "properties": { "c": "cdss_spring", "n": "ALSTATT SPRING NO. 1", "d": "Decreed spring · WDID 7205410" }, "geometry": { "type": "Point", "coordinates": [ -108.84659, 39.28267 ] } },
{ "type": "Feature", "properties": { "c": "cdss_pond", "n": "ALBERTSON LIVESTOCK D", "d": "Decreed stock pond · WDID 7201314" }, "geometry": { "type": "Point", "coordinates": [ -108.72499, 39.26105 ] } },
{ "type": "Feature", "properties": { "c": "cdss_pond", "n": "SAYLES RESERVOIR", "d": "Decreed stock pond · WDID 7203817" }, "geometry": { "type": "Point", "coordinates": [ -108.7013, 39.27176 ] } },
{ "type": "Feature", "properties": { "c": "cdss_pond", "n": "BURFORD NO 2 RESERVOIR", "d": "Decreed stock pond · WDID 7203767" }, "geometry": { "type": "Point", "coordinates": [ -108.71488, 39.27299 ] } },
{ "type": "Feature", "properties": { "c": "cdss_pond", "n": "BOOKCLIFF RESERVOIR", "d": "Decreed stock pond · WDID 7203766" }, "geometry": { "type": "Point", "coordinates": [ -108.70769, 39.27993 ] } },
{ "type": "Feature", "properties": { "c": "cdss_pond", "n": "BIG SALT RESERVOIR", "d": "Decreed stock pond · WDID 7203530" }, "geometry": { "type": "Point", "coordinates": [ -108.73232, 39.30123 ] } },
{ "type": "Feature", "properties": { "c": "cdss_pond", "n": "ALBERTSON LIVESTOCK D AP", "d": "Decreed stock pond · WDID 7201672" }, "geometry": { "type": "Point", "coordinates": [ -108.73349, 39.30282 ] } },
{ "type": "Feature", "properties": { "c": "cdss_pond", "n": "DETENTION RESERVOIR", "d": "Decreed stock pond · WDID 7203779" }, "geometry": { "type": "Point", "coordinates": [ -108.70311, 39.31097 ] } },
{ "type": "Feature", "properties": { "c": "cdss_pond", "n": "CUDDY RESERVOIR", "d": "Decreed stock pond · WDID 7203771" }, "geometry": { "type": "Point", "coordinates": [ -108.73662, 39.31216 ] } },
{ "type": "Feature", "properties": { "c": "cdss_pond", "n": "MINE ROAD RESERVOIR", "d": "Decreed stock pond · WDID 7203789" }, "geometry": { "type": "Point", "coordinates": [ -108.70113, 39.32568 ] } },
{ "type": "Feature", "properties": { "c": "cdss_spring", "n": "ENCRUSTED SPRING", "d": "Decreed spring · WDID 7205503" }, "geometry": { "type": "Point", "coordinates": [ -108.65377, 39.35177 ] } },
{ "type": "Feature", "properties": { "c": "cdss_pond", "n": "GOLDEN HILL RESERVOIR", "d": "Decreed stock pond · WDID 7204070" }, "geometry": { "type": "Point", "coordinates": [ -108.81055, 39.2095 ] } },
{ "type": "Feature", "properties": { "c": "cdss_pond", "n": "GRAYBILL POND", "d": "Decreed stock pond · WDID 7204137" }, "geometry": { "type": "Point", "coordinates": [ -108.77778, 39.21593 ] } },
{ "type": "Feature", "properties": { "c": "cdss_pond", "n": "GOLD LAKE", "d": "Decreed stock pond · WDID 7203755" }, "geometry": { "type": "Point", "coordinates": [ -108.80693, 39.21581 ] } },
{ "type": "Feature", "properties": { "c": "cdss_pond", "n": "BOYACK POND", "d": "Decreed stock pond · WDID 7204196" }, "geometry": { "type": "Point", "coordinates": [ -108.80818, 39.21633 ] } },
{ "type": "Feature", "properties": { "c": "cdss_pond", "n": "DAM NO 9 RESERVOIR", "d": "Decreed stock pond · WDID 7203777" }, "geometry": { "type": "Point", "coordinates": [ -108.79674, 39.29099 ] } },
{ "type": "Feature", "properties": { "c": "cdss_pond", "n": "RUBY LEE RESERVOIR", "d": "Decreed stock pond · WDID 7203921" }, "geometry": { "type": "Point", "coordinates": [ -108.74491, 39.35251 ] } },
{ "type": "Feature", "properties": { "c": "cdss_pond", "n": "BEARD POND NO. 2", "d": "Decreed stock pond · WDID 7203515" }, "geometry": { "type": "Point", "coordinates": [ -108.82826, 39.36502 ] } },
{ "type": "Feature", "properties": { "c": "cdss_pond", "n": "TWIN HILL POND NO. 2", "d": "Decreed stock pond · WDID 7203514" }, "geometry": { "type": "Point", "coordinates": [ -108.81328, 39.38987 ] } },
{ "type": "Feature", "properties": { "c": "cdss_pond", "n": "TWIN HILL POND NO. 1", "d": "Decreed stock pond · WDID 7203513" }, "geometry": { "type": "Point", "coordinates": [ -108.81624, 39.39002 ] } },
{ "type": "Feature", "properties": { "c": "cdss_pond", "n": "BROWN POND E SALT CR", "d": "Decreed stock pond · WDID 7203512" }, "geometry": { "type": "Point", "coordinates": [ -108.82013, 39.39704 ] } },
{ "type": "Feature", "properties": { "c": "cdss_spring", "n": "BARLOW SPRING NO 1 DITCH", "d": "Decreed spring · WDID 7201000" }, "geometry": { "type": "Point", "coordinates": [ -108.87896, 39.28205 ] } },
{ "type": "Feature", "properties": { "c": "cdss_spring", "n": "BLANCK SPRING", "d": "Decreed spring · WDID 7205561" }, "geometry": { "type": "Point", "coordinates": [ -108.87906, 39.28213 ] } },
{ "type": "Feature", "properties": { "c": "cdss_pond", "n": "BLANCK STORAGE TANK", "d": "Decreed stock pond · WDID 7204199" }, "geometry": { "type": "Point", "coordinates": [ -108.87901, 39.28233 ] } },
{ "type": "Feature", "properties": { "c": "cdss_pond", "n": "MCINTYRE RESERVOIR", "d": "Decreed stock pond · WDID 7203793" }, "geometry": { "type": "Point", "coordinates": [ -109.03933, 39.29502 ] } },
{ "type": "Feature", "properties": { "c": "cdss_pond", "n": "EAST FORK RESERVOIR", "d": "Decreed stock pond · WDID 7203781" }, "geometry": { "type": "Point", "coordinates": [ -108.92422, 39.30413 ] } },
{ "type": "Feature", "properties": { "c": "cdss_pond", "n": "BAR X RESERVOIR", "d": "Decreed stock pond · WDID 7203763" }, "geometry": { "type": "Point", "coordinates": [ -109.04612, 39.30806 ] } },
{ "type": "Feature", "properties": { "c": "cdss_pond", "n": "DAM A RESERVOIR", "d": "Decreed stock pond · WDID 7203772" }, "geometry": { "type": "Point", "coordinates": [ -108.93675, 39.31272 ] } },
{ "type": "Feature", "properties": { "c": "cdss_spring", "n": "BITTER CR STOCK SPRINGS", "d": "Decreed spring · WDID 7200539" }, "geometry": { "type": "Point", "coordinates": [ -108.99275, 39.31267 ] } },
{ "type": "Feature", "properties": { "c": "cdss_pond", "n": "DAM B RESERVOIR", "d": "Decreed stock pond · WDID 7203773" }, "geometry": { "type": "Point", "coordinates": [ -108.95176, 39.31602 ] } },
{ "type": "Feature", "properties": { "c": "cdss_pond", "n": "WEST BASIN RESERVOIR", "d": "Decreed stock pond · WDID 7203827" }, "geometry": { "type": "Point", "coordinates": [ -108.94765, 39.3256 ] } },
{ "type": "Feature", "properties": { "c": "cdss_pond", "n": "TWIN NO 1 RESERVOIR", "d": "Decreed stock pond · WDID 7203821" }, "geometry": { "type": "Point", "coordinates": [ -108.94301, 39.32817 ] } },
{ "type": "Feature", "properties": { "c": "cdss_pond", "n": "TWIN NO 2 RESERVOIR", "d": "Decreed stock pond · WDID 7203822" }, "geometry": { "type": "Point", "coordinates": [ -108.94173, 39.32848 ] } },
{ "type": "Feature", "properties": { "c": "cdss_pond", "n": "POSY RESERVOIR", "d": "Decreed stock pond · WDID 7203801" }, "geometry": { "type": "Point", "coordinates": [ -109.00698, 39.32769 ] } },
{ "type": "Feature", "properties": { "c": "cdss_pond", "n": "YUCCA RESERVOIR", "d": "Decreed stock pond · WDID 7203831" }, "geometry": { "type": "Point", "coordinates": [ -108.94061, 39.33396 ] } },
{ "type": "Feature", "properties": { "c": "cdss_pond", "n": "DAMEDIFIKNOW RESERVOIR", "d": "Decreed stock pond · WDID 7203774" }, "geometry": { "type": "Point", "coordinates": [ -108.9424, 39.33776 ] } },
{ "type": "Feature", "properties": { "c": "cdss_pond", "n": "EAST BASIN RESERVOIR", "d": "Decreed stock pond · WDID 7203780" }, "geometry": { "type": "Point", "coordinates": [ -108.93174, 39.33866 ] } },
{ "type": "Feature", "properties": { "c": "cdss_pond", "n": "SHEEPHERDER RESERVOIR", "d": "Decreed stock pond · WDID 7203818" }, "geometry": { "type": "Point", "coordinates": [ -108.94311, 39.33975 ] } },
{ "type": "Feature", "properties": { "c": "cdss_pond", "n": "YALE RESERVOIR", "d": "Decreed stock pond · WDID 7203830" }, "geometry": { "type": "Point", "coordinates": [ -109.04291, 39.33747 ] } },
{ "type": "Feature", "properties": { "c": "cdss_pond", "n": "NORTH BASIN RESERVOIR", "d": "Decreed stock pond · WDID 7203796" }, "geometry": { "type": "Point", "coordinates": [ -108.93094, 39.34318 ] } },
{ "type": "Feature", "properties": { "c": "cdss_pond", "n": "HANKS SILT TRAP RES", "d": "Decreed stock pond · WDID 7203782" }, "geometry": { "type": "Point", "coordinates": [ -108.93654, 39.34421 ] } },
{ "type": "Feature", "properties": { "c": "cdss_pond", "n": "YOUNG STOCK POND NO. 6B", "d": "Decreed stock pond · WDID 7203508" }, "geometry": { "type": "Point", "coordinates": [ -108.81347, 39.40603 ] } },
{ "type": "Feature", "properties": { "c": "cdss_pond", "n": "YOUNG STOCK POND NO. 6A", "d": "Decreed stock pond · WDID 7203507" }, "geometry": { "type": "Point", "coordinates": [ -108.81324, 39.40634 ] } },
{ "type": "Feature", "properties": { "c": "cdss_pond", "n": "YOUNG STOCK POND NO. 7", "d": "Decreed stock pond · WDID 7203509" }, "geometry": { "type": "Point", "coordinates": [ -108.81583, 39.40631 ] } },
{ "type": "Feature", "properties": { "c": "cdss_pond", "n": "YOUNG STOCK POND NO. 4", "d": "Decreed stock pond · WDID 7203505" }, "geometry": { "type": "Point", "coordinates": [ -108.80349, 39.40812 ] } },
{ "type": "Feature", "properties": { "c": "cdss_pond", "n": "CORRAL POND NO. 1", "d": "Decreed stock pond · WDID 7203510" }, "geometry": { "type": "Point", "coordinates": [ -108.81376, 39.4092 ] } },
{ "type": "Feature", "properties": { "c": "cdss_pond", "n": "CORRAL POND NO. 2", "d": "Decreed stock pond · WDID 7203511" }, "geometry": { "type": "Point", "coordinates": [ -108.81302, 39.40951 ] } },
{ "type": "Feature", "properties": { "c": "cdss_pond", "n": "YOUNG STOCK POND NO. 5", "d": "Decreed stock pond · WDID 7203506" }, "geometry": { "type": "Point", "coordinates": [ -108.8083, 39.40985 ] } },
{ "type": "Feature", "properties": { "c": "cdss_pond", "n": "YOUNG STOCK POND NO. 3", "d": "Decreed stock pond · WDID 7203504" }, "geometry": { "type": "Point", "coordinates": [ -108.78876, 39.42237 ] } },
{ "type": "Feature", "properties": { "c": "cdss_pond", "n": "YOUNG STOCK POND NO. 2", "d": "Decreed stock pond · WDID 7203503" }, "geometry": { "type": "Point", "coordinates": [ -108.78753, 39.42744 ] } },
{ "type": "Feature", "properties": { "c": "cdss_pond", "n": "YOUNG STOCK POND NO. 1", "d": "Decreed stock pond · WDID 7203502" }, "geometry": { "type": "Point", "coordinates": [ -108.7827, 39.43207 ] } },
{ "type": "Feature", "properties": { "c": "cdss_pond", "n": "LOWER OIL WELL RESERVOIR", "d": "Decreed stock pond · WDID 7203787" }, "geometry": { "type": "Point", "coordinates": [ -108.93202, 39.34585 ] } },
{ "type": "Feature", "properties": { "c": "cdss_pond", "n": "UPPER OIL WELL RESERVOIR", "d": "Decreed stock pond · WDID 7203825" }, "geometry": { "type": "Point", "coordinates": [ -108.9313, 39.34834 ] } },
{ "type": "Feature", "properties": { "c": "cdss_pond", "n": "ALGERITA RESERVOIR", "d": "Decreed stock pond · WDID 7203762" }, "geometry": { "type": "Point", "coordinates": [ -108.93499, 39.34953 ] } },
{ "type": "Feature", "properties": { "c": "cdss_pond", "n": "NORTH WEST RESERVOIR", "d": "Decreed stock pond · WDID 7203798" }, "geometry": { "type": "Point", "coordinates": [ -108.94302, 39.35108 ] } },
{ "type": "Feature", "properties": { "c": "cdss_pond", "n": "NORTH EAST RESERVOIR", "d": "Decreed stock pond · WDID 7203797" }, "geometry": { "type": "Point", "coordinates": [ -108.93364, 39.35397 ] } },
{ "type": "Feature", "properties": { "c": "cdss_pond", "n": "MITCHELL RESERVOIR", "d": "Decreed stock pond · WDID 7203790" }, "geometry": { "type": "Point", "coordinates": [ -108.90824, 39.36312 ] } },
{ "type": "Feature", "properties": { "c": "cdss_pond", "n": "BENOW RESERVOIR", "d": "Decreed stock pond · WDID 7203764" }, "geometry": { "type": "Point", "coordinates": [ -109.00971, 39.36626 ] } },
{ "type": "Feature", "properties": { "c": "cdss_pond", "n": "POKE RESERVOIR", "d": "Decreed stock pond · WDID 7203800" }, "geometry": { "type": "Point", "coordinates": [ -109.03981, 39.36741 ] } },
{ "type": "Feature", "properties": { "c": "cdss_pond", "n": "WEBB RESERVOIR NO 1", "d": "Decreed stock pond · WDID 7204117" }, "geometry": { "type": "Point", "coordinates": [ -108.96504, 39.47893 ] } },
{ "type": "Feature", "properties": { "c": "nhd_spring", "n": "", "d": "USGS topo spring (may be dry)" }, "geometry": { "type": "Point", "coordinates": [ -109.00752, 39.48926 ] } },
{ "type": "Feature", "properties": { "c": "nhd_spring", "n": "", "d": "USGS topo spring (may be dry)" }, "geometry": { "type": "Point", "coordinates": [ -108.64412, 39.41878 ] } },
{ "type": "Feature", "properties": { "c": "cdss_spring", "n": "LAPAN SPRING NO 1", "d": "Decreed spring · WDID 7205303" }, "geometry": { "type": "Point", "coordinates": [ -108.68591, 39.46255 ] } },
{ "type": "Feature", "properties": { "c": "nhd_spring", "n": "", "d": "USGS topo spring (may be dry)" }, "geometry": { "type": "Point", "coordinates": [ -108.67976, 39.46392 ] } },
{ "type": "Feature", "properties": { "c": "cdss_spring", "n": "LAPHAM SPRING NO 2", "d": "Decreed spring · WDID 7205304" }, "geometry": { "type": "Point", "coordinates": [ -108.67958, 39.46401 ] } },
{ "type": "Feature", "properties": { "c": "nhd_spring", "n": "", "d": "USGS topo spring (may be dry)" }, "geometry": { "type": "Point", "coordinates": [ -108.68828, 39.46407 ] } },
{ "type": "Feature", "properties": { "c": "cdss_spring", "n": "FINALLY SPRING", "d": "Decreed spring · WDID 7205189" }, "geometry": { "type": "Point", "coordinates": [ -108.71367, 39.46338 ] } },
{ "type": "Feature", "properties": { "c": "cdss_spring", "n": "THREE SOURCE SPRING", "d": "Decreed spring · WDID 7205192" }, "geometry": { "type": "Point", "coordinates": [ -108.64388, 39.46626 ] } },
{ "type": "Feature", "properties": { "c": "cdss_spring", "n": "DIHE SPRING", "d": "Decreed spring · WDID 7205193" }, "geometry": { "type": "Point", "coordinates": [ -108.6439, 39.46993 ] } },
{ "type": "Feature", "properties": { "c": "cdss_spring", "n": "SHIRE SPRING", "d": "Decreed spring · WDID 7205406" }, "geometry": { "type": "Point", "coordinates": [ -108.66576, 39.47139 ] } },
{ "type": "Feature", "properties": { "c": "cdss_spring", "n": "VEGETATED SPRING", "d": "Decreed spring · WDID 7205194" }, "geometry": { "type": "Point", "coordinates": [ -108.64393, 39.47355 ] } },
{ "type": "Feature", "properties": { "c": "cdss_spring", "n": "CLUSTER SPRING", "d": "Decreed spring · WDID 7205171" }, "geometry": { "type": "Point", "coordinates": [ -108.70901, 39.47426 ] } },
{ "type": "Feature", "properties": { "c": "nhd_spring", "n": "", "d": "USGS topo spring (may be dry)" }, "geometry": { "type": "Point", "coordinates": [ -108.70929, 39.47437 ] } },
{ "type": "Feature", "properties": { "c": "nhd_spring", "n": "", "d": "USGS topo spring (may be dry)" }, "geometry": { "type": "Point", "coordinates": [ -108.71874, 39.4979 ] } },
{ "type": "Feature", "properties": { "c": "nhd_spring", "n": "", "d": "USGS topo spring (may be dry)" }, "geometry": { "type": "Point", "coordinates": [ -108.71839, 39.49805 ] } },
{ "type": "Feature", "properties": { "c": "nhd_spring", "n": "", "d": "USGS topo spring (may be dry)" }, "geometry": { "type": "Point", "coordinates": [ -108.71801, 39.49821 ] } },
{ "type": "Feature", "properties": { "c": "cdss_spring", "n": "APRON SPRING", "d": "Decreed spring · WDID 7205346" }, "geometry": { "type": "Point", "coordinates": [ -108.71845, 39.49827 ] } },
{ "type": "Feature", "properties": { "c": "nhd_spring", "n": "", "d": "USGS topo spring (may be dry)" }, "geometry": { "type": "Point", "coordinates": [ -108.7176, 39.49837 ] } },
{ "type": "Feature", "properties": { "c": "cdss_spring", "n": "WILD ROSE SPRING", "d": "Decreed spring · WDID 7205504" }, "geometry": { "type": "Point", "coordinates": [ -108.6479, 39.50633 ] } },
{ "type": "Feature", "properties": { "c": "cdss_spring", "n": "COMPANION SPRING NO 1", "d": "Decreed spring · WDID 7205143" }, "geometry": { "type": "Point", "coordinates": [ -108.6764, 39.51006 ] } },
{ "type": "Feature", "properties": { "c": "cdss_spring", "n": "COMPANION SPRING NO 3", "d": "Decreed spring · WDID 7205155" }, "geometry": { "type": "Point", "coordinates": [ -108.6764, 39.51006 ] } },
{ "type": "Feature", "properties": { "c": "nhd_spring", "n": "", "d": "USGS topo spring (may be dry)" }, "geometry": { "type": "Point", "coordinates": [ -108.67528, 39.51121 ] } },
{ "type": "Feature", "properties": { "c": "cdss_spring", "n": "COMPANION SPRINGS", "d": "Decreed spring · WDID 7205527" }, "geometry": { "type": "Point", "coordinates": [ -108.68756, 39.51142 ] } },
{ "type": "Feature", "properties": { "c": "nhd_spring", "n": "", "d": "USGS topo spring (may be dry)" }, "geometry": { "type": "Point", "coordinates": [ -108.67309, 39.54222 ] } },
{ "type": "Feature", "properties": { "c": "cdss_spring", "n": "SIDE SPRING", "d": "Decreed spring · WDID 7205344" }, "geometry": { "type": "Point", "coordinates": [ -108.70915, 39.54127 ] } },
{ "type": "Feature", "properties": { "c": "cdss_spring", "n": "KORSLANDS SPRING", "d": "Decreed spring · WDID 7205196" }, "geometry": { "type": "Point", "coordinates": [ -108.67188, 39.54263 ] } },
{ "type": "Feature", "properties": { "c": "nhd_spring", "n": "", "d": "USGS topo spring (may be dry)" }, "geometry": { "type": "Point", "coordinates": [ -108.74772, 39.54356 ] } },
{ "type": "Feature", "properties": { "c": "cdss_pond", "n": "CORRAL CANON RESERVOIR", "d": "Decreed stock pond · WDID 7204022" }, "geometry": { "type": "Point", "coordinates": [ -108.66261, 39.54725 ] } },
{ "type": "Feature", "properties": { "c": "cdss_spring", "n": "ED YOUNG SPRING", "d": "Decreed spring · WDID 7205170" }, "geometry": { "type": "Point", "coordinates": [ -108.74637, 39.54496 ] } },
{ "type": "Feature", "properties": { "c": "nhd_spring", "n": "Barrel Spring", "d": "USGS topo spring (may be dry)" }, "geometry": { "type": "Point", "coordinates": [ -108.70903, 39.55408 ] } },
{ "type": "Feature", "properties": { "c": "cdss_spring", "n": "BARREL SPRING", "d": "Decreed spring · WDID 7205159" }, "geometry": { "type": "Point", "coordinates": [ -108.70916, 39.5559 ] } },
{ "type": "Feature", "properties": { "c": "cdss_spring", "n": "IRON SPRING", "d": "Decreed spring · WDID 7205160" }, "geometry": { "type": "Point", "coordinates": [ -109.00539, 39.49003 ] } },
{ "type": "Feature", "properties": { "c": "cdss_spring", "n": "HELLS CANYON PUDDLE", "d": "Decreed spring · WDID 7205300" }, "geometry": { "type": "Point", "coordinates": [ -108.87676, 39.51245 ] } },
{ "type": "Feature", "properties": { "c": "nhd_spring", "n": "", "d": "USGS topo spring (may be dry)" }, "geometry": { "type": "Point", "coordinates": [ -108.87847, 39.52845 ] } },
{ "type": "Feature", "properties": { "c": "cdss_spring", "n": "MUCK SPRING", "d": "Decreed spring · WDID 7205309" }, "geometry": { "type": "Point", "coordinates": [ -108.88569, 39.53101 ] } },
{ "type": "Feature", "properties": { "c": "cdss_spring", "n": "WHITE SPRING NO 1-A", "d": "Decreed spring · WDID 7205321" }, "geometry": { "type": "Point", "coordinates": [ -108.88021, 39.56034 ] } },
{ "type": "Feature", "properties": { "c": "cdss_spring", "n": "WHITE SPRING NO 1", "d": "Decreed spring · WDID 7201246" }, "geometry": { "type": "Point", "coordinates": [ -108.87744, 39.56444 ] } },
{ "type": "Feature", "properties": { "c": "nhd_spring", "n": "", "d": "USGS topo spring (may be dry)" }, "geometry": { "type": "Point", "coordinates": [ -108.98605, 39.56624 ] } },
{ "type": "Feature", "properties": { "c": "cdss_spring", "n": "SQUEEZE ROCK SPRING NO 4", "d": "Decreed spring · WDID 7205320" }, "geometry": { "type": "Point", "coordinates": [ -108.97962, 39.5676 ] } },
{ "type": "Feature", "properties": { "c": "cdss_spring", "n": "SQUEEZE ROCK SPRING NO 1", "d": "Decreed spring · WDID 7205319" }, "geometry": { "type": "Point", "coordinates": [ -108.98398, 39.56763 ] } },
{ "type": "Feature", "properties": { "c": "cdss_spring", "n": "BITTER SPRING", "d": "Decreed spring · WDID 7205287" }, "geometry": { "type": "Point", "coordinates": [ -108.81192, 39.54215 ] } },
{ "type": "Feature", "properties": { "c": "cdss_spring", "n": "DEACON SPRING", "d": "Decreed spring · WDID 7205294" }, "geometry": { "type": "Point", "coordinates": [ -108.81192, 39.54215 ] } },
{ "type": "Feature", "properties": { "c": "cdss_spring", "n": "LOOKOUT SPRING", "d": "Decreed spring · WDID 7205306" }, "geometry": { "type": "Point", "coordinates": [ -108.83071, 39.5423 ] } },
{ "type": "Feature", "properties": { "c": "cdss_spring", "n": "MAKESHIFT SPRING", "d": "Decreed spring · WDID 7205308" }, "geometry": { "type": "Point", "coordinates": [ -108.81665, 39.54592 ] } },
{ "type": "Feature", "properties": { "c": "cdss_spring", "n": "SLIDE SPRING (SEC 8)", "d": "Decreed spring · WDID 7205169" }, "geometry": { "type": "Point", "coordinates": [ -108.78272, 39.55996 ] } },
{ "type": "Feature", "properties": { "c": "nhd_spring", "n": "", "d": "USGS topo spring (may be dry)" }, "geometry": { "type": "Point", "coordinates": [ -108.79758, 39.56498 ] } },
{ "type": "Feature", "properties": { "c": "nhd_spring", "n": "", "d": "USGS topo spring (may be dry)" }, "geometry": { "type": "Point", "coordinates": [ -108.76475, 39.56918 ] } },
{ "type": "Feature", "properties": { "c": "cdss_spring", "n": "EDDS CANYON SPRING NO 1", "d": "Decreed spring · WDID 7205168" }, "geometry": { "type": "Point", "coordinates": [ -108.75484, 39.57041 ] } },
{ "type": "Feature", "properties": { "c": "nhd_spring", "n": "", "d": "USGS topo spring (may be dry)" }, "geometry": { "type": "Point", "coordinates": [ -108.79436, 39.56958 ] } },
{ "type": "Feature", "properties": { "c": "cdss_spring", "n": "ZVI SPRING", "d": "Decreed spring · WDID 7205323" }, "geometry": { "type": "Point", "coordinates": [ -108.79189, 39.57035 ] } },
{ "type": "Feature", "properties": { "c": "cdss_spring", "n": "GAS SPRING", "d": "Decreed spring · WDID 7205158" }, "geometry": { "type": "Point", "coordinates": [ -108.74157, 39.55565 ] } },
{ "type": "Feature", "properties": { "c": "cdss_spring", "n": "RIGHT FORK  BARREL SPRINGS CREEK", "d": "Decreed spring · WDID 7202006" }, "geometry": { "type": "Point", "coordinates": [ -108.70705, 39.55738 ] } },
{ "type": "Feature", "properties": { "c": "nhd_spring", "n": "", "d": "USGS topo spring (may be dry)" }, "geometry": { "type": "Point", "coordinates": [ -108.73723, 39.55762 ] } },
{ "type": "Feature", "properties": { "c": "cdss_spring", "n": "STINKY SNAKE SPRING", "d": "Decreed spring · WDID 7205156" }, "geometry": { "type": "Point", "coordinates": [ -108.73734, 39.55928 ] } },
{ "type": "Feature", "properties": { "c": "cdss_spring", "n": "EAGLE SPRING", "d": "Decreed spring · WDID 7205157" }, "geometry": { "type": "Point", "coordinates": [ -108.73734, 39.55928 ] } },
{ "type": "Feature", "properties": { "c": "nhd_spring", "n": "", "d": "USGS topo spring (may be dry)" }, "geometry": { "type": "Point", "coordinates": [ -108.64763, 39.5626 ] } },
{ "type": "Feature", "properties": { "c": "cdss_pond", "n": "COOPER POND NO 2", "d": "Decreed stock pond · WDID 7003615" }, "geometry": { "type": "Point", "coordinates": [ -108.64973, 39.56334 ] } },
{ "type": "Feature", "properties": { "c": "cdss_pond", "n": "COOPER POND NO 1", "d": "Decreed stock pond · WDID 7003614" }, "geometry": { "type": "Point", "coordinates": [ -108.65029, 39.56361 ] } },
{ "type": "Feature", "properties": { "c": "cdss_spring", "n": "COOPER SPRING", "d": "Decreed spring · WDID 7005288" }, "geometry": { "type": "Point", "coordinates": [ -108.65029, 39.56389 ] } },
{ "type": "Feature", "properties": { "c": "cdss_spring", "n": "CALF SPRING", "d": "Decreed spring · WDID 7205292" }, "geometry": { "type": "Point", "coordinates": [ -108.73284, 39.56645 ] } },
{ "type": "Feature", "properties": { "c": "cdss_spring", "n": "CLIFF SPRING", "d": "Decreed spring · WDID 7205293" }, "geometry": { "type": "Point", "coordinates": [ -108.73284, 39.56645 ] } },
{ "type": "Feature", "properties": { "c": "cdss_spring", "n": "JACKSON SPRING", "d": "Decreed spring · WDID 7205146" }, "geometry": { "type": "Point", "coordinates": [ -108.74388, 39.576 ] } },
{ "type": "Feature", "properties": { "c": "cdss_pond", "n": "WALLS POND", "d": "Decreed stock pond · WDID 7204017" }, "geometry": { "type": "Point", "coordinates": [ -108.66627, 39.57877 ] } },
{ "type": "Feature", "properties": { "c": "cdss_pond", "n": "WALLS POND NO.1", "d": "Decreed stock pond · WDID 7004017" }, "geometry": { "type": "Point", "coordinates": [ -108.66634, 39.57896 ] } },
{ "type": "Feature", "properties": { "c": "nhd_spring", "n": "", "d": "USGS topo spring (may be dry)" }, "geometry": { "type": "Point", "coordinates": [ -108.74592, 39.57709 ] } },
{ "type": "Feature", "properties": { "c": "cdss_pond", "n": "PAUL POND", "d": "Decreed stock pond · WDID 7003613" }, "geometry": { "type": "Point", "coordinates": [ -108.66335, 39.57973 ] } },
{ "type": "Feature", "properties": { "c": "nhd_spring", "n": "", "d": "USGS topo spring (may be dry)" }, "geometry": { "type": "Point", "coordinates": [ -108.66324, 39.57996 ] } },
{ "type": "Feature", "properties": { "c": "cdss_spring", "n": "PAUL SPRING", "d": "Decreed spring · WDID 7005287" }, "geometry": { "type": "Point", "coordinates": [ -108.66362, 39.58028 ] } },
{ "type": "Feature", "properties": { "c": "cdss_pond", "n": "LISSA POND NO 1", "d": "Decreed stock pond · WDID 7003612" }, "geometry": { "type": "Point", "coordinates": [ -108.6639, 39.58057 ] } },
{ "type": "Feature", "properties": { "c": "cdss_spring", "n": "WILLOW MEADOW SPRING", "d": "Decreed spring · WDID 7205199" }, "geometry": { "type": "Point", "coordinates": [ -108.69239, 39.57975 ] } },
{ "type": "Feature", "properties": { "c": "cdss_spring", "n": "MCKAY SPRING NO 3", "d": "Decreed spring · WDID 7005108" }, "geometry": { "type": "Point", "coordinates": [ -108.55406, 39.37712 ] } },
{ "type": "Feature", "properties": { "c": "cdss_spring", "n": "MCKAY FORK SPRING NO 2", "d": "Decreed spring · WDID 7005294" }, "geometry": { "type": "Point", "coordinates": [ -108.55383, 39.37725 ] } },
{ "type": "Feature", "properties": { "c": "cdss_pond", "n": "MCKAY FORK POND", "d": "Decreed stock pond · WDID 7003502" }, "geometry": { "type": "Point", "coordinates": [ -108.5499, 39.37763 ] } },
{ "type": "Feature", "properties": { "c": "cdss_spring", "n": "CLIFFORD YOUNG SP NO 1", "d": "Decreed spring · WDID 7005092" }, "geometry": { "type": "Point", "coordinates": [ -108.56792, 39.38903 ] } },
{ "type": "Feature", "properties": { "c": "cdss_spring", "n": "CLIFFORD YOUNG SP NO 1-A", "d": "Decreed spring · WDID 7005093" }, "geometry": { "type": "Point", "coordinates": [ -108.56825, 39.3891 ] } },
{ "type": "Feature", "properties": { "c": "cdss_spring", "n": "MIDDLE DRY FORK SPG NO 3", "d": "Decreed spring · WDID 7005111" }, "geometry": { "type": "Point", "coordinates": [ -108.54693, 39.3981 ] } },
{ "type": "Feature", "properties": { "c": "cdss_spring", "n": "MIDDLE DRY FORK SPG NO 4", "d": "Decreed spring · WDID 7005098" }, "geometry": { "type": "Point", "coordinates": [ -108.5516, 39.39814 ] } },
{ "type": "Feature", "properties": { "c": "cdss_spring", "n": "MIDDLE DRY FORK SPG NO 2", "d": "Decreed spring · WDID 7005110" }, "geometry": { "type": "Point", "coordinates": [ -108.54351, 39.40083 ] } },
{ "type": "Feature", "properties": { "c": "cdss_spring", "n": "MIDDLE DRY FK SPG NO 1-A", "d": "Decreed spring · WDID 7005097" }, "geometry": { "type": "Point", "coordinates": [ -108.53781, 39.40289 ] } },
{ "type": "Feature", "properties": { "c": "cdss_spring", "n": "MIDDLE DRY FK SPG NO 1-B", "d": "Decreed spring · WDID 7005109" }, "geometry": { "type": "Point", "coordinates": [ -108.53145, 39.40612 ] } },
{ "type": "Feature", "properties": { "c": "cdss_spring", "n": "WHITE SPRINGS", "d": "Decreed spring · WDID 7205322" }, "geometry": { "type": "Point", "coordinates": [ -108.62669, 39.4065 ] } },
{ "type": "Feature", "properties": { "c": "cdss_spring", "n": "LOWER SAWMILL SPG NO 1", "d": "Decreed spring · WDID 7005012" }, "geometry": { "type": "Point", "coordinates": [ -108.58434, 39.412 ] } },
{ "type": "Feature", "properties": { "c": "cdss_spring", "n": "DOUGHERTY NO 1 SPRING", "d": "Decreed spring · WDID 7205295" }, "geometry": { "type": "Point", "coordinates": [ -108.61613, 39.41562 ] } },
{ "type": "Feature", "properties": { "c": "nhd_spring", "n": "", "d": "USGS topo spring (may be dry)" }, "geometry": { "type": "Point", "coordinates": [ -108.61432, 39.41694 ] } },
{ "type": "Feature", "properties": { "c": "cdss_spring", "n": "REMOTE SPRING", "d": "Decreed spring · WDID 7005162" }, "geometry": { "type": "Point", "coordinates": [ -108.59819, 39.42645 ] } },
{ "type": "Feature", "properties": { "c": "nhd_spring", "n": "", "d": "USGS topo spring (may be dry)" }, "geometry": { "type": "Point", "coordinates": [ -108.63618, 39.42736 ] } },
{ "type": "Feature", "properties": { "c": "nhd_spring", "n": "", "d": "USGS topo spring (may be dry)" }, "geometry": { "type": "Point", "coordinates": [ -108.57699, 39.43288 ] } },
{ "type": "Feature", "properties": { "c": "cdss_spring", "n": "DARLEY SPRING", "d": "Decreed spring · WDID 7005262" }, "geometry": { "type": "Point", "coordinates": [ -108.57482, 39.43381 ] } },
{ "type": "Feature", "properties": { "c": "cdss_spring", "n": "TWO PIPE SPRING", "d": "Decreed spring · WDID 7005161" }, "geometry": { "type": "Point", "coordinates": [ -108.57949, 39.43375 ] } },
{ "type": "Feature", "properties": { "c": "cdss_spring", "n": "COMPLEX SPRING", "d": "Decreed spring · WDID 7005163" }, "geometry": { "type": "Point", "coordinates": [ -108.59368, 39.44095 ] } },
{ "type": "Feature", "properties": { "c": "nhd_spring", "n": "", "d": "USGS topo spring (may be dry)" }, "geometry": { "type": "Point", "coordinates": [ -108.52046, 39.41273 ] } },
{ "type": "Feature", "properties": { "c": "cdss_pond", "n": "LBF RESERVOIR", "d": "Decreed stock pond · WDID 7003518" }, "geometry": { "type": "Point", "coordinates": [ -108.47965, 39.41453 ] } },
{ "type": "Feature", "properties": { "c": "cdss_pond", "n": "UPPER RESERVOIR", "d": "Decreed stock pond · WDID 7003519" }, "geometry": { "type": "Point", "coordinates": [ -108.51591, 39.42561 ] } },
{ "type": "Feature", "properties": { "c": "cdss_pond", "n": "POND GROUP NO. 3", "d": "Decreed stock pond · WDID 7003522" }, "geometry": { "type": "Point", "coordinates": [ -108.51781, 39.4262 ] } },
{ "type": "Feature", "properties": { "c": "cdss_spring", "n": "NORTH DRY FORK SPG NO 1", "d": "Decreed spring · WDID 7005112" }, "geometry": { "type": "Point", "coordinates": [ -108.52397, 39.42927 ] } },
{ "type": "Feature", "properties": { "c": "cdss_spring", "n": "SPRING HOUSE SPRING", "d": "Decreed spring · WDID 7005165" }, "geometry": { "type": "Point", "coordinates": [ -108.4957, 39.44089 ] } },
{ "type": "Feature", "properties": { "c": "cdss_spring", "n": "HORNET SPRING", "d": "Decreed spring · WDID 7005164" }, "geometry": { "type": "Point", "coordinates": [ -108.50037, 39.44089 ] } },
{ "type": "Feature", "properties": { "c": "nhd_spring", "n": "", "d": "USGS topo spring (may be dry)" }, "geometry": { "type": "Point", "coordinates": [ -108.52186, 39.48689 ] } },
{ "type": "Feature", "properties": { "c": "nhd_spring", "n": "Barrel Spring", "d": "USGS topo spring (may be dry)" }, "geometry": { "type": "Point", "coordinates": [ -108.50043, 39.48784 ] } },
{ "type": "Feature", "properties": { "c": "nhd_spring", "n": "", "d": "USGS topo spring (may be dry)" }, "geometry": { "type": "Point", "coordinates": [ -108.49688, 39.48845 ] } },
{ "type": "Feature", "properties": { "c": "cdss_spring", "n": "SAWMILL SPRING", "d": "Decreed spring · WDID 7005302" }, "geometry": { "type": "Point", "coordinates": [ -108.56115, 39.41875 ] } },
{ "type": "Feature", "properties": { "c": "cdss_spring", "n": "NORTH DRY FORK SPG NO 6", "d": "Decreed spring · WDID 7005113" }, "geometry": { "type": "Point", "coordinates": [ -108.56555, 39.423 ] } },
{ "type": "Feature", "properties": { "c": "nhd_spring", "n": "Big Spring", "d": "USGS topo spring (may be dry)" }, "geometry": { "type": "Point", "coordinates": [ -108.52936, 39.44335 ] } },
{ "type": "Feature", "properties": { "c": "nhd_spring", "n": "", "d": "USGS topo spring (may be dry)" }, "geometry": { "type": "Point", "coordinates": [ -108.54894, 39.44345 ] } },
{ "type": "Feature", "properties": { "c": "cdss_spring", "n": "BIG SPRING", "d": "Decreed spring · WDID 7005254" }, "geometry": { "type": "Point", "coordinates": [ -108.52831, 39.4446 ] } },
{ "type": "Feature", "properties": { "c": "nhd_spring", "n": "", "d": "USGS topo spring (may be dry)" }, "geometry": { "type": "Point", "coordinates": [ -108.57176, 39.45727 ] } },
{ "type": "Feature", "properties": { "c": "nhd_spring", "n": "Myser Spring", "d": "USGS topo spring (may be dry)" }, "geometry": { "type": "Point", "coordinates": [ -108.55541, 39.46152 ] } },
{ "type": "Feature", "properties": { "c": "cdss_spring", "n": "BURIED BARRELL SPRING", "d": "Decreed spring · WDID 7005166" }, "geometry": { "type": "Point", "coordinates": [ -108.5702, 39.46997 ] } },
{ "type": "Feature", "properties": { "c": "nhd_spring", "n": "Rim Spring", "d": "USGS topo spring (may be dry)" }, "geometry": { "type": "Point", "coordinates": [ -108.54378, 39.4854 ] } },
{ "type": "Feature", "properties": { "c": "nhd_spring", "n": "", "d": "USGS topo spring (may be dry)" }, "geometry": { "type": "Point", "coordinates": [ -108.52983, 39.48817 ] } },
{ "type": "Feature", "properties": { "c": "cdss_spring", "n": "SLUICE SPRING", "d": "Decreed spring · WDID 7205316" }, "geometry": { "type": "Point", "coordinates": [ -108.60673, 39.45184 ] } },
{ "type": "Feature", "properties": { "c": "nhd_spring", "n": "", "d": "USGS topo spring (may be dry)" }, "geometry": { "type": "Point", "coordinates": [ -108.57385, 39.45669 ] } },
{ "type": "Feature", "properties": { "c": "cdss_spring", "n": "TORN PANT SPRING", "d": "Decreed spring · WDID 7205191" }, "geometry": { "type": "Point", "coordinates": [ -108.63459, 39.46265 ] } },
{ "type": "Feature", "properties": { "c": "cdss_spring", "n": "COW PATH SPRING", "d": "Decreed spring · WDID 7205190" }, "geometry": { "type": "Point", "coordinates": [ -108.63459, 39.46265 ] } },
{ "type": "Feature", "properties": { "c": "cdss_spring", "n": "LOG PILE SPRING", "d": "Decreed spring · WDID 7205305" }, "geometry": { "type": "Point", "coordinates": [ -108.61138, 39.46986 ] } },
{ "type": "Feature", "properties": { "c": "cdss_spring", "n": "ECHO SHALE SPRINGS NO1&2", "d": "Decreed spring · WDID 7205162" }, "geometry": { "type": "Point", "coordinates": [ -108.62527, 39.47359 ] } },
{ "type": "Feature", "properties": { "c": "cdss_spring", "n": "FALL SPRINGS NO 1 AND 2", "d": "Decreed spring · WDID 7205163" }, "geometry": { "type": "Point", "coordinates": [ -108.62527, 39.47359 ] } },
{ "type": "Feature", "properties": { "c": "nhd_spring", "n": "", "d": "USGS topo spring (may be dry)" }, "geometry": { "type": "Point", "coordinates": [ -108.60998, 39.47539 ] } },
{ "type": "Feature", "properties": { "c": "cdss_pond", "n": "ECHO LAKE RESERVOIR", "d": "Decreed stock pond · WDID 7203920" }, "geometry": { "type": "Point", "coordinates": [ -108.63751, 39.4753 ] } },
{ "type": "Feature", "properties": { "c": "nhd_spring", "n": "Blanc Spring", "d": "USGS topo spring (may be dry)" }, "geometry": { "type": "Point", "coordinates": [ -108.58575, 39.47711 ] } },
{ "type": "Feature", "properties": { "c": "cdss_spring", "n": "SECTION 1 SPRING", "d": "Decreed spring · WDID 7205314" }, "geometry": { "type": "Point", "coordinates": [ -108.61133, 39.47711 ] } },
{ "type": "Feature", "properties": { "c": "cdss_spring", "n": "WEST ECHO SPRING", "d": "Decreed spring · WDID 7205195" }, "geometry": { "type": "Point", "coordinates": [ -108.6393, 39.47718 ] } },
{ "type": "Feature", "properties": { "c": "cdss_spring", "n": "ECHO-SALT WASH SPRING", "d": "Decreed spring · WDID 7205161" }, "geometry": { "type": "Point", "coordinates": [ -108.63465, 39.48105 ] } },
{ "type": "Feature", "properties": { "c": "nhd_spring", "n": "", "d": "USGS topo spring (may be dry)" }, "geometry": { "type": "Point", "coordinates": [ -108.59385, 39.48383 ] } },
{ "type": "Feature", "properties": { "c": "nhd_spring", "n": "", "d": "USGS topo spring (may be dry)" }, "geometry": { "type": "Point", "coordinates": [ -108.59723, 39.48421 ] } },
{ "type": "Feature", "properties": { "c": "cdss_spring", "n": "COFFEE CAN SPRING", "d": "Decreed spring · WDID 7005030" }, "geometry": { "type": "Point", "coordinates": [ -108.5889, 39.48467 ] } },
{ "type": "Feature", "properties": { "c": "cdss_spring", "n": "CUDDY SPRING NO 1", "d": "Decreed spring · WDID 7005101" }, "geometry": { "type": "Point", "coordinates": [ -108.59549, 39.4849 ] } },
{ "type": "Feature", "properties": { "c": "cdss_spring", "n": "CUDDY SPRING NO 2", "d": "Decreed spring · WDID 7005102" }, "geometry": { "type": "Point", "coordinates": [ -108.58891, 39.4883 ] } },
{ "type": "Feature", "properties": { "c": "nhd_spring", "n": "", "d": "USGS topo spring (may be dry)" }, "geometry": { "type": "Point", "coordinates": [ -108.59701, 39.48985 ] } },
{ "type": "Feature", "properties": { "c": "cdss_spring", "n": "RUNNING SPRING 2", "d": "Decreed spring · WDID 7205347" }, "geometry": { "type": "Point", "coordinates": [ -108.62059, 39.49933 ] } },
{ "type": "Feature", "properties": { "c": "nhd_spring", "n": "East Wiley Spring", "d": "USGS topo spring (may be dry)" }, "geometry": { "type": "Point", "coordinates": [ -108.54874, 39.48798 ] } },
{ "type": "Feature", "properties": { "c": "nhd_spring", "n": "West Wiley Spring", "d": "USGS topo spring (may be dry)" }, "geometry": { "type": "Point", "coordinates": [ -108.55288, 39.49367 ] } },
{ "type": "Feature", "properties": { "c": "nhd_spring", "n": "", "d": "USGS topo spring (may be dry)" }, "geometry": { "type": "Point", "coordinates": [ -108.55902, 39.50653 ] } },
{ "type": "Feature", "properties": { "c": "cdss_pond", "n": "DE MOYA POND", "d": "Decreed stock pond · WDID 7003605" }, "geometry": { "type": "Point", "coordinates": [ -108.57317, 39.5086 ] } },
{ "type": "Feature", "properties": { "c": "cdss_pond", "n": "TRAIL GULCH RESERVOIR", "d": "Decreed stock pond · WDID 7003603" }, "geometry": { "type": "Point", "coordinates": [ -108.553, 39.50922 ] } },
{ "type": "Feature", "properties": { "c": "nhd_spring", "n": "Trail Gulch Spring", "d": "USGS topo spring (may be dry)" }, "geometry": { "type": "Point", "coordinates": [ -108.5606, 39.53121 ] } },
{ "type": "Feature", "properties": { "c": "cdss_spring", "n": "ROAN CREEK SPRING NO 1", "d": "Decreed spring · WDID 7005273" }, "geometry": { "type": "Point", "coordinates": [ -108.53772, 39.53194 ] } },
{ "type": "Feature", "properties": { "c": "cdss_spring", "n": "CROOKED FENCE SPRING", "d": "Decreed spring · WDID 7005283" }, "geometry": { "type": "Point", "coordinates": [ -108.56109, 39.53191 ] } },
{ "type": "Feature", "properties": { "c": "cdss_spring", "n": "TRAIL GULCH SPRING", "d": "Decreed spring · WDID 7005280" }, "geometry": { "type": "Point", "coordinates": [ -108.56109, 39.53191 ] } },
{ "type": "Feature", "properties": { "c": "cdss_spring", "n": "CHOKECHERRY SPRING", "d": "Decreed spring · WDID 7005260" }, "geometry": { "type": "Point", "coordinates": [ -108.5471, 39.53554 ] } },
{ "type": "Feature", "properties": { "c": "nhd_spring", "n": "Wire Spring", "d": "USGS topo spring (may be dry)" }, "geometry": { "type": "Point", "coordinates": [ -108.49178, 39.48883 ] } },
{ "type": "Feature", "properties": { "c": "nhd_spring", "n": "Bull Spring", "d": "USGS topo spring (may be dry)" }, "geometry": { "type": "Point", "coordinates": [ -108.50426, 39.49003 ] } },
{ "type": "Feature", "properties": { "c": "cdss_spring", "n": "PADDOCK SPRING NO 1", "d": "Decreed spring · WDID 7005055" }, "geometry": { "type": "Point", "coordinates": [ -108.49164, 39.51009 ] } },
{ "type": "Feature", "properties": { "c": "nhd_spring", "n": "", "d": "USGS topo spring (may be dry)" }, "geometry": { "type": "Point", "coordinates": [ -108.48709, 39.51237 ] } },
{ "type": "Feature", "properties": { "c": "nhd_spring", "n": "", "d": "USGS topo spring (may be dry)" }, "geometry": { "type": "Point", "coordinates": [ -108.48692, 39.51268 ] } },
{ "type": "Feature", "properties": { "c": "nhd_spring", "n": "", "d": "USGS topo spring (may be dry)" }, "geometry": { "type": "Point", "coordinates": [ -108.48709, 39.51303 ] } },
{ "type": "Feature", "properties": { "c": "cdss_spring", "n": "TATE SPRING NO 1", "d": "Decreed spring · WDID 7005085" }, "geometry": { "type": "Point", "coordinates": [ -108.48678, 39.51361 ] } },
{ "type": "Feature", "properties": { "c": "cdss_spring", "n": "ROAN CREEK SPRING NO 2", "d": "Decreed spring · WDID 7005274" }, "geometry": { "type": "Point", "coordinates": [ -108.50119, 39.52818 ] } },
{ "type": "Feature", "properties": { "c": "cdss_spring", "n": "3RD WATER SPRING", "d": "Decreed spring · WDID 7005252" }, "geometry": { "type": "Point", "coordinates": [ -108.51463, 39.53909 ] } },
{ "type": "Feature", "properties": { "c": "cdss_spring", "n": "MORE SPRING", "d": "Decreed spring · WDID 7005269" }, "geometry": { "type": "Point", "coordinates": [ -108.52855, 39.53916 ] } },
{ "type": "Feature", "properties": { "c": "cdss_pond", "n": "BEAR POND", "d": "Decreed stock pond · WDID 7204016" }, "geometry": { "type": "Point", "coordinates": [ -108.621, 39.50937 ] } },
{ "type": "Feature", "properties": { "c": "cdss_spring", "n": "MUD SPRING NO 1", "d": "Decreed spring · WDID 7005290" }, "geometry": { "type": "Point", "coordinates": [ -108.61131, 39.52098 ] } },
{ "type": "Feature", "properties": { "c": "cdss_pond", "n": "ELK POND NO 2", "d": "Decreed stock pond · WDID 7003619" }, "geometry": { "type": "Point", "coordinates": [ -108.60891, 39.52223 ] } },
{ "type": "Feature", "properties": { "c": "cdss_spring", "n": "MUD SPRING", "d": "Decreed spring · WDID 7005049" }, "geometry": { "type": "Point", "coordinates": [ -108.61001, 39.52222 ] } },
{ "type": "Feature", "properties": { "c": "cdss_pond", "n": "ELK POND NO 1", "d": "Decreed stock pond · WDID 7003618" }, "geometry": { "type": "Point", "coordinates": [ -108.60946, 39.5225 ] } },
{ "type": "Feature", "properties": { "c": "nhd_spring", "n": "Mud Spring", "d": "USGS topo spring (may be dry)" }, "geometry": { "type": "Point", "coordinates": [ -108.60969, 39.52254 ] } },
{ "type": "Feature", "properties": { "c": "nhd_spring", "n": "", "d": "USGS topo spring (may be dry)" }, "geometry": { "type": "Point", "coordinates": [ -108.62123, 39.52329 ] } },
{ "type": "Feature", "properties": { "c": "cdss_spring", "n": "PROSPECT SPRING NO 1", "d": "Decreed spring · WDID 7205343" }, "geometry": { "type": "Point", "coordinates": [ -108.62154, 39.52334 ] } },
{ "type": "Feature", "properties": { "c": "cdss_pond", "n": "PROSPECT POND NO 2", "d": "Decreed stock pond · WDID 7204015" }, "geometry": { "type": "Point", "coordinates": [ -108.62113, 39.52343 ] } },
{ "type": "Feature", "properties": { "c": "cdss_pond", "n": "PROSPECT POND NO 1", "d": "Decreed stock pond · WDID 7204014" }, "geometry": { "type": "Point", "coordinates": [ -108.6209, 39.52347 ] } },
{ "type": "Feature", "properties": { "c": "cdss_spring", "n": "RANCH CANYON SPRING", "d": "Decreed spring · WDID 7005272" }, "geometry": { "type": "Point", "coordinates": [ -108.62065, 39.52819 ] } },
{ "type": "Feature", "properties": { "c": "nhd_spring", "n": "", "d": "USGS topo spring (may be dry)" }, "geometry": { "type": "Point", "coordinates": [ -108.62156, 39.5293 ] } },
{ "type": "Feature", "properties": { "c": "nhd_spring", "n": "", "d": "USGS topo spring (may be dry)" }, "geometry": { "type": "Point", "coordinates": [ -108.6238, 39.53503 ] } },
{ "type": "Feature", "properties": { "c": "nhd_spring", "n": "", "d": "USGS topo spring (may be dry)" }, "geometry": { "type": "Point", "coordinates": [ -108.63036, 39.54195 ] } },
{ "type": "Feature", "properties": { "c": "cdss_pond", "n": "BUCK POND NO 1", "d": "Decreed stock pond · WDID 7003616" }, "geometry": { "type": "Point", "coordinates": [ -108.6303, 39.542 ] } },
{ "type": "Feature", "properties": { "c": "cdss_spring", "n": "BUCK SPRING NO 1", "d": "Decreed spring · WDID 7005289" }, "geometry": { "type": "Point", "coordinates": [ -108.62995, 39.5426 ] } },
{ "type": "Feature", "properties": { "c": "cdss_pond", "n": "BUCK POND NO 2", "d": "Decreed stock pond · WDID 7003617" }, "geometry": { "type": "Point", "coordinates": [ -108.62938, 39.54307 ] } },
{ "type": "Feature", "properties": { "c": "nhd_spring", "n": "", "d": "USGS topo spring (may be dry)" }, "geometry": { "type": "Point", "coordinates": [ -108.63579, 39.54416 ] } },
{ "type": "Feature", "properties": { "c": "cdss_spring", "n": "BLOOD SPRING", "d": "Decreed spring · WDID 7005168" }, "geometry": { "type": "Point", "coordinates": [ -108.62995, 39.54622 ] } },
{ "type": "Feature", "properties": { "c": "cdss_spring", "n": "BREAKER SPRING", "d": "Decreed spring · WDID 7005169" }, "geometry": { "type": "Point", "coordinates": [ -108.63462, 39.55345 ] } },
{ "type": "Feature", "properties": { "c": "nhd_spring", "n": "", "d": "USGS topo spring (may be dry)" }, "geometry": { "type": "Point", "coordinates": [ -108.79343, 39.57063 ] } },
{ "type": "Feature", "properties": { "c": "cdss_spring", "n": "BAT SPRING", "d": "Decreed spring · WDID 7205345" }, "geometry": { "type": "Point", "coordinates": [ -108.81644, 39.57048 ] } },
{ "type": "Feature", "properties": { "c": "nhd_spring", "n": "", "d": "USGS topo spring (may be dry)" }, "geometry": { "type": "Point", "coordinates": [ -108.75788, 39.57268 ] } },
{ "type": "Feature", "properties": { "c": "cdss_spring", "n": "SLIDE SPRING NO 2", "d": "Decreed spring · WDID 7205315" }, "geometry": { "type": "Point", "coordinates": [ -108.80649, 39.57308 ] } },
{ "type": "Feature", "properties": { "c": "cdss_spring", "n": "SPRUCE SPRING", "d": "Decreed spring · WDID 7205318" }, "geometry": { "type": "Point", "coordinates": [ -108.81643, 39.57311 ] } },
{ "type": "Feature", "properties": { "c": "cdss_pond", "n": "HARDEE POND NO. 1", "d": "Decreed stock pond · WDID 7204164" }, "geometry": { "type": "Point", "coordinates": [ -108.80651, 39.57516 ] } },
{ "type": "Feature", "properties": { "c": "nhd_spring", "n": "", "d": "USGS topo spring (may be dry)" }, "geometry": { "type": "Point", "coordinates": [ -108.80678, 39.57523 ] } },
{ "type": "Feature", "properties": { "c": "nhd_spring", "n": "", "d": "USGS topo spring (may be dry)" }, "geometry": { "type": "Point", "coordinates": [ -108.84393, 39.57423 ] } },
{ "type": "Feature", "properties": { "c": "cdss_spring", "n": "MARSHY SPRINGS NO 1 & 2", "d": "Decreed spring · WDID 7205152" }, "geometry": { "type": "Point", "coordinates": [ -108.84483, 39.57489 ] } },
{ "type": "Feature", "properties": { "c": "cdss_spring", "n": "DRIPPING SPRING", "d": "Decreed spring · WDID 7205167" }, "geometry": { "type": "Point", "coordinates": [ -108.82815, 39.5757 ] } },
{ "type": "Feature", "properties": { "c": "cdss_spring", "n": "GARTER SNAKE SPRING", "d": "Decreed spring · WDID 7205166" }, "geometry": { "type": "Point", "coordinates": [ -108.82815, 39.5757 ] } },
{ "type": "Feature", "properties": { "c": "nhd_spring", "n": "", "d": "USGS topo spring (may be dry)" }, "geometry": { "type": "Point", "coordinates": [ -108.77159, 39.57868 ] } },
{ "type": "Feature", "properties": { "c": "cdss_spring", "n": "DRINK SPRING", "d": "Decreed spring · WDID 7205165" }, "geometry": { "type": "Point", "coordinates": [ -108.83455, 39.57861 ] } },
{ "type": "Feature", "properties": { "c": "cdss_pond", "n": "HARDEE POND NO.2", "d": "Decreed stock pond · WDID 7204165" }, "geometry": { "type": "Point", "coordinates": [ -108.81279, 39.58184 ] } },
{ "type": "Feature", "properties": { "c": "nhd_spring", "n": "", "d": "USGS topo spring (may be dry)" }, "geometry": { "type": "Point", "coordinates": [ -108.81321, 39.58192 ] } },
{ "type": "Feature", "properties": { "c": "cdss_spring", "n": "HARDEE SPRING NO 2", "d": "Decreed spring · WDID 7205552" }, "geometry": { "type": "Point", "coordinates": [ -108.81317, 39.58199 ] } },
{ "type": "Feature", "properties": { "c": "nhd_spring", "n": "", "d": "USGS topo spring (may be dry)" }, "geometry": { "type": "Point", "coordinates": [ -108.81574, 39.58288 ] } },
{ "type": "Feature", "properties": { "c": "nhd_spring", "n": "", "d": "USGS topo spring (may be dry)" }, "geometry": { "type": "Point", "coordinates": [ -108.82167, 39.58273 ] } },
{ "type": "Feature", "properties": { "c": "cdss_spring", "n": "HARDEE SPRING NO. 4", "d": "Decreed spring · WDID 7205554" }, "geometry": { "type": "Point", "coordinates": [ -108.81567, 39.58294 ] } },
{ "type": "Feature", "properties": { "c": "nhd_spring", "n": "", "d": "USGS topo spring (may be dry)" }, "geometry": { "type": "Point", "coordinates": [ -108.79249, 39.58424 ] } },
{ "type": "Feature", "properties": { "c": "nhd_spring", "n": "", "d": "USGS topo spring (may be dry)" }, "geometry": { "type": "Point", "coordinates": [ -108.66417, 39.58137 ] } },
{ "type": "Feature", "properties": { "c": "cdss_spring", "n": "LISSA SPRING", "d": "Decreed spring · WDID 7005286" }, "geometry": { "type": "Point", "coordinates": [ -108.66445, 39.5814 ] } },
{ "type": "Feature", "properties": { "c": "nhd_spring", "n": "", "d": "USGS topo spring (may be dry)" }, "geometry": { "type": "Point", "coordinates": [ -108.66064, 39.58211 ] } },
{ "type": "Feature", "properties": { "c": "cdss_spring", "n": "HATCHET SPRING", "d": "Decreed spring · WDID 7205145" }, "geometry": { "type": "Point", "coordinates": [ -108.74385, 39.57962 ] } },
{ "type": "Feature", "properties": { "c": "cdss_spring", "n": "DICKS SPRING", "d": "Decreed spring · WDID 7005173" }, "geometry": { "type": "Point", "coordinates": [ -108.65962, 39.58273 ] } },
{ "type": "Feature", "properties": { "c": "cdss_spring", "n": "SIDE CHANNEL SPRING", "d": "Decreed spring · WDID 7205201" }, "geometry": { "type": "Point", "coordinates": [ -108.69706, 39.5869 ] } },
{ "type": "Feature", "properties": { "c": "nhd_spring", "n": "", "d": "USGS topo spring (may be dry)" }, "geometry": { "type": "Point", "coordinates": [ -108.65864, 39.58909 ] } },
{ "type": "Feature", "properties": { "c": "nhd_spring", "n": "", "d": "USGS topo spring (may be dry)" }, "geometry": { "type": "Point", "coordinates": [ -108.69679, 39.58831 ] } },
{ "type": "Feature", "properties": { "c": "cdss_spring", "n": "KARR SPRING", "d": "Decreed spring · WDID 7005176" }, "geometry": { "type": "Point", "coordinates": [ -108.65955, 39.58999 ] } },
{ "type": "Feature", "properties": { "c": "cdss_spring", "n": "MICH SPRING", "d": "Decreed spring · WDID 7005175" }, "geometry": { "type": "Point", "coordinates": [ -108.65955, 39.58999 ] } },
{ "type": "Feature", "properties": { "c": "cdss_spring", "n": "WAGON SPRING NO 2", "d": "Decreed spring · WDID 7205239" }, "geometry": { "type": "Point", "coordinates": [ -108.96582, 39.57108 ] } },
{ "type": "Feature", "properties": { "c": "cdss_spring", "n": "WAGON SPRING NO 1", "d": "Decreed spring · WDID 7205238" }, "geometry": { "type": "Point", "coordinates": [ -108.96132, 39.57326 ] } },
{ "type": "Feature", "properties": { "c": "cdss_spring", "n": "SLIDE SPRING (SEC 33)", "d": "Decreed spring · WDID 7205198" }, "geometry": { "type": "Point", "coordinates": [ -108.85633, 39.57915 ] } },
{ "type": "Feature", "properties": { "c": "nhd_spring", "n": "", "d": "USGS topo spring (may be dry)" }, "geometry": { "type": "Point", "coordinates": [ -108.93206, 39.57833 ] } },
{ "type": "Feature", "properties": { "c": "cdss_spring", "n": "RAILROAD SPRING NO 5", "d": "Decreed spring · WDID 7205236" }, "geometry": { "type": "Point", "coordinates": [ -108.93406, 39.57906 ] } },
{ "type": "Feature", "properties": { "c": "cdss_spring", "n": "MOW CANON SPRINGS D & PL", "d": "Decreed spring · WDID 7200801" }, "geometry": { "type": "Point", "coordinates": [ -108.92996, 39.58178 ] } },
{ "type": "Feature", "properties": { "c": "nhd_spring", "n": "", "d": "USGS topo spring (may be dry)" }, "geometry": { "type": "Point", "coordinates": [ -108.93028, 39.58178 ] } },
{ "type": "Feature", "properties": { "c": "nhd_spring", "n": "", "d": "USGS topo spring (may be dry)" }, "geometry": { "type": "Point", "coordinates": [ -108.92849, 39.58187 ] } },
{ "type": "Feature", "properties": { "c": "nhd_spring", "n": "", "d": "USGS topo spring (may be dry)" }, "geometry": { "type": "Point", "coordinates": [ -108.92947, 39.58187 ] } },
{ "type": "Feature", "properties": { "c": "cdss_spring", "n": "RAILROAD SPRING NO 6", "d": "Decreed spring · WDID 7205237" }, "geometry": { "type": "Point", "coordinates": [ -108.92935, 39.58267 ] } },
{ "type": "Feature", "properties": { "c": "cdss_spring", "n": "HARDEE SPRING NO. 3", "d": "Decreed spring · WDID 7205553" }, "geometry": { "type": "Point", "coordinates": [ -108.81499, 39.58378 ] } },
{ "type": "Feature", "properties": { "c": "nhd_spring", "n": "", "d": "USGS topo spring (may be dry)" }, "geometry": { "type": "Point", "coordinates": [ -108.81487, 39.58384 ] } },
{ "type": "Feature", "properties": { "c": "nhd_spring", "n": "", "d": "USGS topo spring (may be dry)" }, "geometry": { "type": "Point", "coordinates": [ -108.81503, 39.58411 ] } },
{ "type": "Feature", "properties": { "c": "nhd_spring", "n": "", "d": "USGS topo spring (may be dry)" }, "geometry": { "type": "Point", "coordinates": [ -108.7719, 39.58556 ] } },
{ "type": "Feature", "properties": { "c": "nhd_spring", "n": "", "d": "USGS topo spring (may be dry)" }, "geometry": { "type": "Point", "coordinates": [ -108.81488, 39.58443 ] } },
{ "type": "Feature", "properties": { "c": "nhd_spring", "n": "", "d": "USGS topo spring (may be dry)" }, "geometry": { "type": "Point", "coordinates": [ -108.81391, 39.58487 ] } },
{ "type": "Feature", "properties": { "c": "nhd_spring", "n": "", "d": "USGS topo spring (may be dry)" }, "geometry": { "type": "Point", "coordinates": [ -108.76949, 39.58699 ] } },
{ "type": "Feature", "properties": { "c": "nhd_spring", "n": "", "d": "USGS topo spring (may be dry)" }, "geometry": { "type": "Point", "coordinates": [ -108.77008, 39.58735 ] } },
{ "type": "Feature", "properties": { "c": "cdss_spring", "n": "HARDEE SPRING NO. 5", "d": "Decreed spring · WDID 7205555" }, "geometry": { "type": "Point", "coordinates": [ -108.80446, 39.58669 ] } },
{ "type": "Feature", "properties": { "c": "nhd_spring", "n": "", "d": "USGS topo spring (may be dry)" }, "geometry": { "type": "Point", "coordinates": [ -108.80466, 39.58679 ] } },
{ "type": "Feature", "properties": { "c": "cdss_spring", "n": "KAT SPRING", "d": "Decreed spring · WDID 7005177" }, "geometry": { "type": "Point", "coordinates": [ -108.65955, 39.58999 ] } },
{ "type": "Feature", "properties": { "c": "cdss_spring", "n": "CARR SPRING", "d": "Decreed spring · WDID 7005174" }, "geometry": { "type": "Point", "coordinates": [ -108.65955, 39.58999 ] } },
{ "type": "Feature", "properties": { "c": "nhd_spring", "n": "", "d": "USGS topo spring (may be dry)" }, "geometry": { "type": "Point", "coordinates": [ -108.69396, 39.5889 ] } },
{ "type": "Feature", "properties": { "c": "nhd_spring", "n": "", "d": "USGS topo spring (may be dry)" }, "geometry": { "type": "Point", "coordinates": [ -108.71341, 39.59346 ] } },
{ "type": "Feature", "properties": { "c": "nhd_spring", "n": "", "d": "USGS topo spring (may be dry)" }, "geometry": { "type": "Point", "coordinates": [ -108.7128, 39.59397 ] } },
{ "type": "Feature", "properties": { "c": "cdss_spring", "n": "SEANS SPRING", "d": "Decreed spring · WDID 7205203" }, "geometry": { "type": "Point", "coordinates": [ -108.71576, 39.59405 ] } },
{ "type": "Feature", "properties": { "c": "cdss_spring", "n": "CARCASS SPRING", "d": "Decreed spring · WDID 7205202" }, "geometry": { "type": "Point", "coordinates": [ -108.71576, 39.59405 ] } },
{ "type": "Feature", "properties": { "c": "nhd_spring", "n": "", "d": "USGS topo spring (may be dry)" }, "geometry": { "type": "Point", "coordinates": [ -108.71471, 39.59446 ] } },
{ "type": "Feature", "properties": { "c": "cdss_spring", "n": "HAY CANYON SPRING NO 1", "d": "Decreed spring · WDID 7205297" }, "geometry": { "type": "Point", "coordinates": [ -108.73911, 39.59406 ] } },
{ "type": "Feature", "properties": { "c": "cdss_spring", "n": "KELKE SPRING", "d": "Decreed spring · WDID 7005180" }, "geometry": { "type": "Point", "coordinates": [ -108.65958, 39.59726 ] } },
{ "type": "Feature", "properties": { "c": "cdss_spring", "n": "HAY CANYON SPRING NO 2", "d": "Decreed spring · WDID 7205298" }, "geometry": { "type": "Point", "coordinates": [ -108.75313, 39.59044 ] } },
{ "type": "Feature", "properties": { "c": "cdss_spring", "n": "EAST SPRING", "d": "Decreed spring · WDID 7205144" }, "geometry": { "type": "Point", "coordinates": [ -108.76259, 39.59043 ] } },
{ "type": "Feature", "properties": { "c": "cdss_spring", "n": "EAST SPRING - A", "d": "Decreed spring · WDID 7205296" }, "geometry": { "type": "Point", "coordinates": [ -108.76259, 39.59043 ] } },
{ "type": "Feature", "properties": { "c": "cdss_spring", "n": "HARDEE SPRING NO 1", "d": "Decreed spring · WDID 7205551" }, "geometry": { "type": "Point", "coordinates": [ -108.80666, 39.5897 ] } },
{ "type": "Feature", "properties": { "c": "nhd_spring", "n": "", "d": "USGS topo spring (may be dry)" }, "geometry": { "type": "Point", "coordinates": [ -108.77303, 39.59138 ] } },
{ "type": "Feature", "properties": { "c": "cdss_spring", "n": "HARDEE SPRING NO. 6", "d": "Decreed spring · WDID 7205556" }, "geometry": { "type": "Point", "coordinates": [ -108.80424, 39.59052 ] } },
{ "type": "Feature", "properties": { "c": "cdss_spring", "n": "HARDEE SPRING NO. 7", "d": "Decreed spring · WDID 7205557" }, "geometry": { "type": "Point", "coordinates": [ -108.80442, 39.5906 ] } },
{ "type": "Feature", "properties": { "c": "nhd_spring", "n": "", "d": "USGS topo spring (may be dry)" }, "geometry": { "type": "Point", "coordinates": [ -108.80452, 39.59064 ] } },
{ "type": "Feature", "properties": { "c": "nhd_spring", "n": "", "d": "USGS topo spring (may be dry)" }, "geometry": { "type": "Point", "coordinates": [ -108.77682, 39.59158 ] } },
{ "type": "Feature", "properties": { "c": "cdss_spring", "n": "HARDEE SPRING NO. 8", "d": "Decreed spring · WDID 7205558" }, "geometry": { "type": "Point", "coordinates": [ -108.80352, 39.59264 ] } },
{ "type": "Feature", "properties": { "c": "cdss_spring", "n": "RAILROAD SPRING NO 3", "d": "Decreed spring · WDID 7205234" }, "geometry": { "type": "Point", "coordinates": [ -108.93391, 39.58267 ] } },
{ "type": "Feature", "properties": { "c": "cdss_spring", "n": "RAILROAD SPRING NO 4", "d": "Decreed spring · WDID 7205235" }, "geometry": { "type": "Point", "coordinates": [ -108.93852, 39.58267 ] } },
{ "type": "Feature", "properties": { "c": "cdss_pond", "n": "LAKE GABY", "d": "Decreed stock pond · WDID 7203756" }, "geometry": { "type": "Point", "coordinates": [ -108.87607, 39.58576 ] } },
{ "type": "Feature", "properties": { "c": "cdss_spring", "n": "BUZZING SEEP SPRING", "d": "Decreed spring · WDID 7205197" }, "geometry": { "type": "Point", "coordinates": [ -108.91055, 39.58626 ] } },
{ "type": "Feature", "properties": { "c": "cdss_spring", "n": "RAILROAD SPRING NO 2", "d": "Decreed spring · WDID 7205233" }, "geometry": { "type": "Point", "coordinates": [ -108.93376, 39.5863 ] } },
{ "type": "Feature", "properties": { "c": "cdss_pond", "n": "KELLEY DAM", "d": "Decreed stock pond · WDID 7203747" }, "geometry": { "type": "Point", "coordinates": [ -108.86073, 39.58958 ] } },
{ "type": "Feature", "properties": { "c": "cdss_spring", "n": "BLM SPRING 200-03", "d": "Decreed spring · WDID 4301806" }, "geometry": { "type": "Point", "coordinates": [ -109.02585, 39.58429 ] } },
{ "type": "Feature", "properties": { "c": "cdss_pond", "n": "YOUNG RESERVOIR NO 1", "d": "Decreed stock pond · WDID 7204094" }, "geometry": { "type": "Point", "coordinates": [ -108.85241, 39.59174 ] } },
{ "type": "Feature", "properties": { "c": "cdss_spring", "n": "RAILROAD SPRING NO 1", "d": "Decreed spring · WDID 7201191" }, "geometry": { "type": "Point", "coordinates": [ -108.93366, 39.58992 ] } },
{ "type": "Feature", "properties": { "c": "cdss_spring", "n": "EAST SAWMILL CREEK SPRING #1", "d": "Decreed spring · WDID 4303036" }, "geometry": { "type": "Point", "coordinates": [ -108.96689, 39.58935 ] } },
{ "type": "Feature", "properties": { "c": "cdss_pond", "n": "HARDEE POND NO. 3", "d": "Decreed stock pond · WDID 7204166" }, "geometry": { "type": "Point", "coordinates": [ -108.80295, 39.59291 ] } },
{ "type": "Feature", "properties": { "c": "cdss_spring", "n": "HARDEE SPRING NO. 9", "d": "Decreed spring · WDID 7205559" }, "geometry": { "type": "Point", "coordinates": [ -108.80259, 39.59309 ] } },
{ "type": "Feature", "properties": { "c": "cdss_spring", "n": "HARDEE SPRING NO. 10", "d": "Decreed spring · WDID 7205560" }, "geometry": { "type": "Point", "coordinates": [ -108.80264, 39.59314 ] } },
{ "type": "Feature", "properties": { "c": "cdss_spring", "n": "EARTH TANK SPRING", "d": "Decreed spring · WDID 7205164" }, "geometry": { "type": "Point", "coordinates": [ -108.80269, 39.59332 ] } },
{ "type": "Feature", "properties": { "c": "nhd_spring", "n": "", "d": "USGS topo spring (may be dry)" }, "geometry": { "type": "Point", "coordinates": [ -108.80238, 39.59345 ] } },
{ "type": "Feature", "properties": { "c": "cdss_spring", "n": "THREE SEEP SPRING", "d": "Decreed spring · WDID 7205149" }, "geometry": { "type": "Point", "coordinates": [ -108.79076, 39.59398 ] } },
{ "type": "Feature", "properties": { "c": "nhd_spring", "n": "", "d": "USGS topo spring (may be dry)" }, "geometry": { "type": "Point", "coordinates": [ -108.75351, 39.59569 ] } },
{ "type": "Feature", "properties": { "c": "nhd_spring", "n": "", "d": "USGS topo spring (may be dry)" }, "geometry": { "type": "Point", "coordinates": [ -108.80031, 39.5951 ] } },
{ "type": "Feature", "properties": { "c": "cdss_spring", "n": "HAY CANYON SPRING NO 3", "d": "Decreed spring · WDID 7205299" }, "geometry": { "type": "Point", "coordinates": [ -108.75312, 39.59768 ] } },
{ "type": "Feature", "properties": { "c": "cdss_spring", "n": "BLM SPRING 198-03", "d": "Decreed spring · WDID 4301639" }, "geometry": { "type": "Point", "coordinates": [ -108.7565, 39.60236 ] } },
{ "type": "Feature", "properties": { "c": "cdss_spring", "n": "BLM SPRING 199-01", "d": "Decreed spring · WDID 4301641" }, "geometry": { "type": "Point", "coordinates": [ -108.96787, 39.59003 ] } },
{ "type": "Feature", "properties": { "c": "cdss_spring", "n": "SHALE SPRING NO 1", "d": "Decreed spring · WDID 7205232" }, "geometry": { "type": "Point", "coordinates": [ -108.93357, 39.59354 ] } },
{ "type": "Feature", "properties": { "c": "cdss_spring", "n": "EVACUATION SPG 5", "d": "Decreed spring · WDID 4301283" }, "geometry": { "type": "Point", "coordinates": [ -108.958, 39.59536 ] } },
{ "type": "Feature", "properties": { "c": "cdss_spring", "n": "LONE SPRING", "d": "Decreed spring · WDID 4303364" }, "geometry": { "type": "Point", "coordinates": [ -109.05023, 39.59226 ] } },
{ "type": "Feature", "properties": { "c": "cdss_spring", "n": "EVACUATION SPG 7", "d": "Decreed spring · WDID 4300632" }, "geometry": { "type": "Point", "coordinates": [ -108.9695, 39.59526 ] } },
{ "type": "Feature", "properties": { "c": "cdss_spring", "n": "CC SPRING NO 4", "d": "Decreed spring · WDID 4301739" }, "geometry": { "type": "Point", "coordinates": [ -108.92749, 39.59911 ] } },
{ "type": "Feature", "properties": { "c": "cdss_spring", "n": "EVACUATION SPG 4", "d": "Decreed spring · WDID 4301282" }, "geometry": { "type": "Point", "coordinates": [ -108.95687, 39.59864 ] } },
{ "type": "Feature", "properties": { "c": "nhd_spring", "n": "", "d": "USGS topo spring (may be dry)" }, "geometry": { "type": "Point", "coordinates": [ -108.90399, 39.60049 ] } },
{ "type": "Feature", "properties": { "c": "cdss_spring", "n": "CC SPRING 2", "d": "Decreed spring · WDID 4301677" }, "geometry": { "type": "Point", "coordinates": [ -108.92734, 39.59971 ] } },
{ "type": "Feature", "properties": { "c": "cdss_spring", "n": "CC SPRING 1", "d": "Decreed spring · WDID 4301676" }, "geometry": { "type": "Point", "coordinates": [ -108.92666, 39.60005 ] } },
{ "type": "Feature", "properties": { "c": "nhd_spring", "n": "Poverty Spring", "d": "USGS topo spring (may be dry)" }, "geometry": { "type": "Point", "coordinates": [ -108.55707, 39.53905 ] } },
{ "type": "Feature", "properties": { "c": "cdss_spring", "n": "POVERTY SPRING", "d": "Decreed spring · WDID 7005271" }, "geometry": { "type": "Point", "coordinates": [ -108.55647, 39.53917 ] } },
{ "type": "Feature", "properties": { "c": "cdss_spring", "n": "NAKED SPRING", "d": "Decreed spring · WDID 7005282" }, "geometry": { "type": "Point", "coordinates": [ -108.56575, 39.53917 ] } },
{ "type": "Feature", "properties": { "c": "nhd_spring", "n": "", "d": "USGS topo spring (may be dry)" }, "geometry": { "type": "Point", "coordinates": [ -108.55551, 39.54024 ] } },
{ "type": "Feature", "properties": { "c": "cdss_spring", "n": "HILL END SPRING", "d": "Decreed spring · WDID 7005170" }, "geometry": { "type": "Point", "coordinates": [ -108.5518, 39.54279 ] } },
{ "type": "Feature", "properties": { "c": "nhd_spring", "n": "Little Water Spring", "d": "USGS topo spring (may be dry)" }, "geometry": { "type": "Point", "coordinates": [ -108.53992, 39.5432 ] } },
{ "type": "Feature", "properties": { "c": "cdss_spring", "n": "FIRST WATER SPRING", "d": "Decreed spring · WDID 7000620" }, "geometry": { "type": "Point", "coordinates": [ -108.56115, 39.5428 ] } },
{ "type": "Feature", "properties": { "c": "nhd_spring", "n": "First Water Spring", "d": "USGS topo spring (may be dry)" }, "geometry": { "type": "Point", "coordinates": [ -108.55893, 39.54479 ] } },
{ "type": "Feature", "properties": { "c": "cdss_spring", "n": "SHEEP CORRAL SPRING", "d": "Decreed spring · WDID 7000632" }, "geometry": { "type": "Point", "coordinates": [ -108.56107, 39.55361 ] } },
{ "type": "Feature", "properties": { "c": "nhd_spring", "n": "Sheep Corral Spring", "d": "USGS topo spring (may be dry)" }, "geometry": { "type": "Point", "coordinates": [ -108.56169, 39.55365 ] } },
{ "type": "Feature", "properties": { "c": "nhd_spring", "n": "Third Water Spring", "d": "USGS topo spring (may be dry)" }, "geometry": { "type": "Point", "coordinates": [ -108.51598, 39.54067 ] } },
{ "type": "Feature", "properties": { "c": "nhd_spring", "n": "Moore Spring", "d": "USGS topo spring (may be dry)" }, "geometry": { "type": "Point", "coordinates": [ -108.5306, 39.54049 ] } },
{ "type": "Feature", "properties": { "c": "nhd_spring", "n": "Fourth Water Spring", "d": "USGS topo spring (may be dry)" }, "geometry": { "type": "Point", "coordinates": [ -108.51033, 39.54116 ] } },
{ "type": "Feature", "properties": { "c": "cdss_spring", "n": "BLM 4TH WATER SPRING - A", "d": "Decreed spring · WDID 7005255" }, "geometry": { "type": "Point", "coordinates": [ -108.5012, 39.5427 ] } },
{ "type": "Feature", "properties": { "c": "cdss_spring", "n": "BLM 4TH WATER SPRING - B", "d": "Decreed spring · WDID 7005256" }, "geometry": { "type": "Point", "coordinates": [ -108.51026, 39.54268 ] } },
{ "type": "Feature", "properties": { "c": "nhd_spring", "n": "Second Water Spring", "d": "USGS topo spring (may be dry)" }, "geometry": { "type": "Point", "coordinates": [ -108.52037, 39.54264 ] } },
{ "type": "Feature", "properties": { "c": "cdss_spring", "n": "BEAR GULCH SPRING # 2", "d": "Decreed spring · WDID 7005312" }, "geometry": { "type": "Point", "coordinates": [ -108.51076, 39.55511 ] } },
{ "type": "Feature", "properties": { "c": "cdss_pond", "n": "CARR CREEK RESERVOIR", "d": "Decreed stock pond · WDID 7003591" }, "geometry": { "type": "Point", "coordinates": [ -108.4966, 39.55711 ] } },
{ "type": "Feature", "properties": { "c": "cdss_spring", "n": "HENDERSON RIDGE SPRING", "d": "Decreed spring · WDID 7005313" }, "geometry": { "type": "Point", "coordinates": [ -108.52136, 39.55816 ] } },
{ "type": "Feature", "properties": { "c": "cdss_spring", "n": "LEFT FORK CARR CREEK SPG", "d": "Decreed spring · WDID 7005304" }, "geometry": { "type": "Point", "coordinates": [ -108.50464, 39.55894 ] } },
{ "type": "Feature", "properties": { "c": "cdss_spring", "n": "HOLLIS SPRING NO 1", "d": "Decreed spring · WDID 7000624" }, "geometry": { "type": "Point", "coordinates": [ -108.58437, 39.55721 ] } },
{ "type": "Feature", "properties": { "c": "cdss_spring", "n": "HOLLIS SPRING NO 2", "d": "Decreed spring · WDID 7000625" }, "geometry": { "type": "Point", "coordinates": [ -108.58437, 39.55721 ] } },
{ "type": "Feature", "properties": { "c": "nhd_spring", "n": "", "d": "USGS topo spring (may be dry)" }, "geometry": { "type": "Point", "coordinates": [ -108.58281, 39.55761 ] } },
{ "type": "Feature", "properties": { "c": "nhd_spring", "n": "", "d": "USGS topo spring (may be dry)" }, "geometry": { "type": "Point", "coordinates": [ -108.58576, 39.55809 ] } },
{ "type": "Feature", "properties": { "c": "nhd_spring", "n": "Toms Spring", "d": "USGS topo spring (may be dry)" }, "geometry": { "type": "Point", "coordinates": [ -108.59382, 39.56367 ] } },
{ "type": "Feature", "properties": { "c": "cdss_spring", "n": "TOM'S SPRING", "d": "Decreed spring · WDID 7005279" }, "geometry": { "type": "Point", "coordinates": [ -108.59437, 39.56482 ] } },
{ "type": "Feature", "properties": { "c": "cdss_spring", "n": "TOM'S DRAW SPRING", "d": "Decreed spring · WDID 7005278" }, "geometry": { "type": "Point", "coordinates": [ -108.59437, 39.56482 ] } },
{ "type": "Feature", "properties": { "c": "cdss_spring", "n": "POLE BRIDGE SPRING", "d": "Decreed spring · WDID 7005284" }, "geometry": { "type": "Point", "coordinates": [ -108.59905, 39.56482 ] } },
{ "type": "Feature", "properties": { "c": "cdss_spring", "n": "M S SPRING", "d": "Decreed spring · WDID 7005172" }, "geometry": { "type": "Point", "coordinates": [ -108.58049, 39.56846 ] } },
{ "type": "Feature", "properties": { "c": "cdss_spring", "n": "SOUTH SPRING", "d": "Decreed spring · WDID 7005275" }, "geometry": { "type": "Point", "coordinates": [ -108.58515, 39.57208 ] } },
{ "type": "Feature", "properties": { "c": "nhd_spring", "n": "Huntley Spring", "d": "USGS topo spring (may be dry)" }, "geometry": { "type": "Point", "coordinates": [ -108.56883, 39.55966 ] } },
{ "type": "Feature", "properties": { "c": "cdss_spring", "n": "HUNTLEY SPRING", "d": "Decreed spring · WDID 7000626" }, "geometry": { "type": "Point", "coordinates": [ -108.57036, 39.56081 ] } },
{ "type": "Feature", "properties": { "c": "nhd_spring", "n": "", "d": "USGS topo spring (may be dry)" }, "geometry": { "type": "Point", "coordinates": [ -108.57202, 39.56407 ] } },
{ "type": "Feature", "properties": { "c": "nhd_spring", "n": "Henderson Spring", "d": "USGS topo spring (may be dry)" }, "geometry": { "type": "Point", "coordinates": [ -108.57679, 39.56757 ] } },
{ "type": "Feature", "properties": { "c": "cdss_spring", "n": "HENDERSON SPRING", "d": "Decreed spring · WDID 7005266" }, "geometry": { "type": "Point", "coordinates": [ -108.57581, 39.56845 ] } },
{ "type": "Feature", "properties": { "c": "cdss_spring", "n": "TIMBER GULCH SPRING", "d": "Decreed spring · WDID 7005086" }, "geometry": { "type": "Point", "coordinates": [ -108.54247, 39.58278 ] } },
{ "type": "Feature", "properties": { "c": "nhd_spring", "n": "", "d": "USGS topo spring (may be dry)" }, "geometry": { "type": "Point", "coordinates": [ -108.57577, 39.59004 ] } },
{ "type": "Feature", "properties": { "c": "cdss_spring", "n": "HORSE SPRING NO 2", "d": "Decreed spring · WDID 7005044" }, "geometry": { "type": "Point", "coordinates": [ -108.58053, 39.59373 ] } },
{ "type": "Feature", "properties": { "c": "cdss_pond", "n": "TRAIL GULCH RES ALT PT", "d": "Decreed stock pond · WDID 7003608" }, "geometry": { "type": "Point", "coordinates": [ -108.56064, 39.59817 ] } },
{ "type": "Feature", "properties": { "c": "cdss_spring", "n": "KAISER SPRING", "d": "Decreed spring · WDID 7005046" }, "geometry": { "type": "Point", "coordinates": [ -108.54242, 39.60079 ] } },
{ "type": "Feature", "properties": { "c": "nhd_spring", "n": "", "d": "USGS topo spring (may be dry)" }, "geometry": { "type": "Point", "coordinates": [ -108.58654, 39.57553 ] } },
{ "type": "Feature", "properties": { "c": "cdss_spring", "n": "NORTH SPRING", "d": "Decreed spring · WDID 7005270" }, "geometry": { "type": "Point", "coordinates": [ -108.58514, 39.57567 ] } },
{ "type": "Feature", "properties": { "c": "nhd_spring", "n": "", "d": "USGS topo spring (may be dry)" }, "geometry": { "type": "Point", "coordinates": [ -108.59366, 39.57681 ] } },
{ "type": "Feature", "properties": { "c": "nhd_spring", "n": "", "d": "USGS topo spring (may be dry)" }, "geometry": { "type": "Point", "coordinates": [ -108.61494, 39.57767 ] } },
{ "type": "Feature", "properties": { "c": "nhd_spring", "n": "", "d": "USGS topo spring (may be dry)" }, "geometry": { "type": "Point", "coordinates": [ -108.59393, 39.58229 ] } },
{ "type": "Feature", "properties": { "c": "nhd_spring", "n": "", "d": "USGS topo spring (may be dry)" }, "geometry": { "type": "Point", "coordinates": [ -108.61124, 39.5848 ] } },
{ "type": "Feature", "properties": { "c": "nhd_spring", "n": "McKey Spring", "d": "USGS topo spring (may be dry)" }, "geometry": { "type": "Point", "coordinates": [ -108.62184, 39.58498 ] } },
{ "type": "Feature", "properties": { "c": "cdss_spring", "n": "HORSE SPRING NO 1", "d": "Decreed spring · WDID 7005043" }, "geometry": { "type": "Point", "coordinates": [ -108.58521, 39.5901 ] } },
{ "type": "Feature", "properties": { "c": "nhd_spring", "n": "", "d": "USGS topo spring (may be dry)" }, "geometry": { "type": "Point", "coordinates": [ -108.61439, 39.59049 ] } },
{ "type": "Feature", "properties": { "c": "nhd_spring", "n": "Horse Spring", "d": "USGS topo spring (may be dry)" }, "geometry": { "type": "Point", "coordinates": [ -108.58535, 39.59158 ] } },
{ "type": "Feature", "properties": { "c": "nhd_spring", "n": "", "d": "USGS topo spring (may be dry)" }, "geometry": { "type": "Point", "coordinates": [ -108.58328, 39.59262 ] } },
{ "type": "Feature", "properties": { "c": "cdss_spring", "n": "FRANKLIN SPRING NO 1", "d": "Decreed spring · WDID 7005103" }, "geometry": { "type": "Point", "coordinates": [ -108.60378, 39.59738 ] } },
{ "type": "Feature", "properties": { "c": "nhd_spring", "n": "Franklin Spring", "d": "USGS topo spring (may be dry)" }, "geometry": { "type": "Point", "coordinates": [ -108.6037, 39.59761 ] } },
{ "type": "Feature", "properties": { "c": "nhd_spring", "n": "Elk Horn Spring", "d": "USGS topo spring (may be dry)" }, "geometry": { "type": "Point", "coordinates": [ -108.61244, 39.59958 ] } },
{ "type": "Feature", "properties": { "c": "cdss_spring", "n": "ELKHORN SPRING NO 1", "d": "Decreed spring · WDID 7005038" }, "geometry": { "type": "Point", "coordinates": [ -108.61292, 39.601 ] } },
{ "type": "Feature", "properties": { "c": "nhd_spring", "n": "", "d": "USGS topo spring (may be dry)" }, "geometry": { "type": "Point", "coordinates": [ -108.61143, 39.60429 ] } },
{ "type": "Feature", "properties": { "c": "cdss_spring", "n": "POWELL SPRING NO 1", "d": "Decreed spring · WDID 7005057" }, "geometry": { "type": "Point", "coordinates": [ -108.61291, 39.60456 ] } },
{ "type": "Feature", "properties": { "c": "cdss_spring", "n": "BEEBE SPRING NO 1", "d": "Decreed spring · WDID 7005020" }, "geometry": { "type": "Point", "coordinates": [ -108.59903, 39.60809 ] } },
{ "type": "Feature", "properties": { "c": "nhd_spring", "n": "", "d": "USGS topo spring (may be dry)" }, "geometry": { "type": "Point", "coordinates": [ -108.60108, 39.60993 ] } },
{ "type": "Feature", "properties": { "c": "cdss_spring", "n": "NASH SPRING NO 4", "d": "Decreed spring · WDID 7005053" }, "geometry": { "type": "Point", "coordinates": [ -108.62611, 39.61001 ] } },
{ "type": "Feature", "properties": { "c": "cdss_spring", "n": "TUNNEL SPRING", "d": "Decreed spring · WDID 7005087" }, "geometry": { "type": "Point", "coordinates": [ -108.4956, 39.57915 ] } },
{ "type": "Feature", "properties": { "c": "nhd_spring", "n": "", "d": "USGS topo spring (may be dry)" }, "geometry": { "type": "Point", "coordinates": [ -108.49837, 39.5812 ] } },
{ "type": "Feature", "properties": { "c": "cdss_spring", "n": "CAMP GULCH SPRING", "d": "Decreed spring · WDID 7005028" }, "geometry": { "type": "Point", "coordinates": [ -108.50494, 39.5864 ] } },
{ "type": "Feature", "properties": { "c": "nhd_spring", "n": "", "d": "USGS topo spring (may be dry)" }, "geometry": { "type": "Point", "coordinates": [ -108.50563, 39.58698 ] } },
{ "type": "Feature", "properties": { "c": "nhd_spring", "n": "Camp Gulch Spring", "d": "USGS topo spring (may be dry)" }, "geometry": { "type": "Point", "coordinates": [ -108.50591, 39.58716 ] } },
{ "type": "Feature", "properties": { "c": "nhd_spring", "n": "Mud Spring", "d": "USGS topo spring (may be dry)" }, "geometry": { "type": "Point", "coordinates": [ -108.5165, 39.59217 ] } },
{ "type": "Feature", "properties": { "c": "cdss_spring", "n": "NORTH GULCH SPRING", "d": "Decreed spring · WDID 7005054" }, "geometry": { "type": "Point", "coordinates": [ -108.52829, 39.61172 ] } },
{ "type": "Feature", "properties": { "c": "nhd_spring", "n": "Bear Keg Spring", "d": "USGS topo spring (may be dry)" }, "geometry": { "type": "Point", "coordinates": [ -108.5298, 39.61448 ] } },
{ "type": "Feature", "properties": { "c": "cdss_spring", "n": "CABIN SPRING", "d": "Decreed spring · WDID 7005045" }, "geometry": { "type": "Point", "coordinates": [ -108.52372, 39.62988 ] } },
{ "type": "Feature", "properties": { "c": "cdss_spring", "n": "CLEAR CREEK SPRING NO 2", "d": "Decreed spring · WDID 7005090" }, "geometry": { "type": "Point", "coordinates": [ -108.50391, 39.64367 ] } },
{ "type": "Feature", "properties": { "c": "nhd_spring", "n": "", "d": "USGS topo spring (may be dry)" }, "geometry": { "type": "Point", "coordinates": [ -108.62598, 39.61012 ] } },
{ "type": "Feature", "properties": { "c": "cdss_spring", "n": "JUDYS FOLLY SPRING", "d": "Decreed spring · WDID 7005181" }, "geometry": { "type": "Point", "coordinates": [ -108.6364, 39.61176 ] } },
{ "type": "Feature", "properties": { "c": "nhd_spring", "n": "", "d": "USGS topo spring (may be dry)" }, "geometry": { "type": "Point", "coordinates": [ -108.60884, 39.61458 ] } },
{ "type": "Feature", "properties": { "c": "cdss_spring", "n": "COULTON SPRING NO 11", "d": "Decreed spring · WDID 7005031" }, "geometry": { "type": "Point", "coordinates": [ -108.60834, 39.61535 ] } },
{ "type": "Feature", "properties": { "c": "cdss_spring", "n": "NASH SPRING NO 3", "d": "Decreed spring · WDID 7005052" }, "geometry": { "type": "Point", "coordinates": [ -108.62224, 39.61696 ] } },
{ "type": "Feature", "properties": { "c": "nhd_spring", "n": "", "d": "USGS topo spring (may be dry)" }, "geometry": { "type": "Point", "coordinates": [ -108.62166, 39.61717 ] } },
{ "type": "Feature", "properties": { "c": "cdss_spring", "n": "SANFORDS SPRING", "d": "Decreed spring · WDID 7005182" }, "geometry": { "type": "Point", "coordinates": [ -108.64573, 39.61902 ] } },
{ "type": "Feature", "properties": { "c": "cdss_spring", "n": "VANDERSLICE SPRING", "d": "Decreed spring · WDID 7005183" }, "geometry": { "type": "Point", "coordinates": [ -108.64573, 39.61902 ] } },
{ "type": "Feature", "properties": { "c": "cdss_spring", "n": "NASH SPRING NO 2", "d": "Decreed spring · WDID 7005051" }, "geometry": { "type": "Point", "coordinates": [ -108.63173, 39.6227 ] } },
{ "type": "Feature", "properties": { "c": "nhd_spring", "n": "", "d": "USGS topo spring (may be dry)" }, "geometry": { "type": "Point", "coordinates": [ -108.6315, 39.62274 ] } },
{ "type": "Feature", "properties": { "c": "nhd_spring", "n": "Kaiser Spring", "d": "USGS topo spring (may be dry)" }, "geometry": { "type": "Point", "coordinates": [ -108.5449, 39.60248 ] } },
{ "type": "Feature", "properties": { "c": "nhd_spring", "n": "", "d": "USGS topo spring (may be dry)" }, "geometry": { "type": "Point", "coordinates": [ -108.54911, 39.62505 ] } },
{ "type": "Feature", "properties": { "c": "nhd_spring", "n": "", "d": "USGS topo spring (may be dry)" }, "geometry": { "type": "Point", "coordinates": [ -108.56143, 39.63191 ] } },
{ "type": "Feature", "properties": { "c": "nhd_spring", "n": "", "d": "USGS topo spring (may be dry)" }, "geometry": { "type": "Point", "coordinates": [ -108.55582, 39.63237 ] } },
{ "type": "Feature", "properties": { "c": "cdss_spring", "n": "JASON SPRING", "d": "Decreed spring · WDID 7005135" }, "geometry": { "type": "Point", "coordinates": [ -108.53784, 39.63834 ] } },
{ "type": "Feature", "properties": { "c": "nhd_spring", "n": "", "d": "USGS topo spring (may be dry)" }, "geometry": { "type": "Point", "coordinates": [ -108.56552, 39.63843 ] } },
{ "type": "Feature", "properties": { "c": "nhd_spring", "n": "", "d": "USGS topo spring (may be dry)" }, "geometry": { "type": "Point", "coordinates": [ -108.57275, 39.63953 ] } },
{ "type": "Feature", "properties": { "c": "cdss_spring", "n": "BRUSH CREEK SPRING", "d": "Decreed spring · WDID 7005134" }, "geometry": { "type": "Point", "coordinates": [ -108.54719, 39.64075 ] } },
{ "type": "Feature", "properties": { "c": "cdss_spring", "n": "EAST SPRING NO 2", "d": "Decreed spring · WDID 7005265" }, "geometry": { "type": "Point", "coordinates": [ -108.56664, 39.64066 ] } },
{ "type": "Feature", "properties": { "c": "cdss_spring", "n": "EAST SPRING NO 1", "d": "Decreed spring · WDID 7005264" }, "geometry": { "type": "Point", "coordinates": [ -108.57127, 39.64063 ] } },
{ "type": "Feature", "properties": { "c": "nhd_spring", "n": "", "d": "USGS topo spring (may be dry)" }, "geometry": { "type": "Point", "coordinates": [ -108.64189, 39.62591 ] } },
{ "type": "Feature", "properties": { "c": "cdss_spring", "n": "NASH SPRING NO 1", "d": "Decreed spring · WDID 7005050" }, "geometry": { "type": "Point", "coordinates": [ -108.64107, 39.62633 ] } },
{ "type": "Feature", "properties": { "c": "cdss_spring", "n": "COULTON SPRING NO 2", "d": "Decreed spring · WDID 7005033" }, "geometry": { "type": "Point", "coordinates": [ -108.65028, 39.64066 ] } },
{ "type": "Feature", "properties": { "c": "cdss_spring", "n": "LOST COPTER SPRING", "d": "Decreed spring · WDID 7005230" }, "geometry": { "type": "Point", "coordinates": [ -108.58752, 39.65178 ] } },
{ "type": "Feature", "properties": { "c": "cdss_spring", "n": "BLM SPRING 183-26", "d": "Decreed spring · WDID 7005229" }, "geometry": { "type": "Point", "coordinates": [ -108.58752, 39.65178 ] } },
{ "type": "Feature", "properties": { "c": "nhd_spring", "n": "", "d": "USGS topo spring (may be dry)" }, "geometry": { "type": "Point", "coordinates": [ -108.62961, 39.65099 ] } },
{ "type": "Feature", "properties": { "c": "nhd_spring", "n": "", "d": "USGS topo spring (may be dry)" }, "geometry": { "type": "Point", "coordinates": [ -108.60555, 39.65932 ] } },
{ "type": "Feature", "properties": { "c": "cdss_spring", "n": "BEDROCK SPG NO 1", "d": "Decreed spring · WDID 4301362" }, "geometry": { "type": "Point", "coordinates": [ -108.64617, 39.66054 ] } },
{ "type": "Feature", "properties": { "c": "cdss_spring", "n": "BEDROCK SPG NO 2", "d": "Decreed spring · WDID 4301333" }, "geometry": { "type": "Point", "coordinates": [ -108.63059, 39.66137 ] } },
{ "type": "Feature", "properties": { "c": "nhd_spring", "n": "", "d": "USGS topo spring (may be dry)" }, "geometry": { "type": "Point", "coordinates": [ -108.59461, 39.66314 ] } },
{ "type": "Feature", "properties": { "c": "cdss_spring", "n": "BLM SPRING 198-97", "d": "Decreed spring · WDID 4303258" }, "geometry": { "type": "Point", "coordinates": [ -108.75781, 39.6028 ] } },
{ "type": "Feature", "properties": { "c": "cdss_spring", "n": "BLM SPRING 198-96", "d": "Decreed spring · WDID 4303257" }, "geometry": { "type": "Point", "coordinates": [ -108.75812, 39.60364 ] } },
{ "type": "Feature", "properties": { "c": "cdss_spring", "n": "SLUMP SPRING", "d": "Decreed spring · WDID 7205150" }, "geometry": { "type": "Point", "coordinates": [ -108.84225, 39.60131 ] } },
{ "type": "Feature", "properties": { "c": "cdss_spring", "n": "EARL SPG NO 1", "d": "Decreed spring · WDID 4302042" }, "geometry": { "type": "Point", "coordinates": [ -108.80902, 39.6025 ] } },
{ "type": "Feature", "properties": { "c": "cdss_spring", "n": "TRAIL CANYON SPRINGS 1&2", "d": "Decreed spring · WDID 7205151" }, "geometry": { "type": "Point", "coordinates": [ -108.84693, 39.60129 ] } },
{ "type": "Feature", "properties": { "c": "nhd_spring", "n": "", "d": "USGS topo spring (may be dry)" }, "geometry": { "type": "Point", "coordinates": [ -108.84739, 39.60181 ] } },
{ "type": "Feature", "properties": { "c": "nhd_spring", "n": "", "d": "USGS topo spring (may be dry)" }, "geometry": { "type": "Point", "coordinates": [ -108.83983, 39.60277 ] } },
{ "type": "Feature", "properties": { "c": "cdss_spring", "n": "BLM SPRING 198-95", "d": "Decreed spring · WDID 4303256" }, "geometry": { "type": "Point", "coordinates": [ -108.75602, 39.6076 ] } },
{ "type": "Feature", "properties": { "c": "cdss_spring", "n": "SAWMILL SPG NO 1", "d": "Decreed spring · WDID 4302308" }, "geometry": { "type": "Point", "coordinates": [ -108.78485, 39.60675 ] } },
{ "type": "Feature", "properties": { "c": "cdss_spring", "n": "RECTOR SPG", "d": "Decreed spring · WDID 4302375" }, "geometry": { "type": "Point", "coordinates": [ -108.80835, 39.60659 ] } },
{ "type": "Feature", "properties": { "c": "cdss_spring", "n": "TENT CANYON SPRING", "d": "Decreed spring · WDID 4303365" }, "geometry": { "type": "Point", "coordinates": [ -109.03743, 39.59629 ] } },
{ "type": "Feature", "properties": { "c": "cdss_spring", "n": "CC SPRING NO 3", "d": "Decreed spring · WDID 4301738" }, "geometry": { "type": "Point", "coordinates": [ -108.92555, 39.60052 ] } },
{ "type": "Feature", "properties": { "c": "cdss_spring", "n": "EVACUATION SPG 3", "d": "Decreed spring · WDID 4300633" }, "geometry": { "type": "Point", "coordinates": [ -108.95707, 39.59966 ] } },
{ "type": "Feature", "properties": { "c": "nhd_spring", "n": "", "d": "USGS topo spring (may be dry)" }, "geometry": { "type": "Point", "coordinates": [ -108.90602, 39.60365 ] } },
{ "type": "Feature", "properties": { "c": "cdss_spring", "n": "BOG SPRING", "d": "Decreed spring · WDID 7205153" }, "geometry": { "type": "Point", "coordinates": [ -108.90873, 39.60523 ] } },
{ "type": "Feature", "properties": { "c": "cdss_pond", "n": "COW CREEK RES NO 1", "d": "Decreed stock pond · WDID 4303506" }, "geometry": { "type": "Point", "coordinates": [ -108.91858, 39.60559 ] } },
{ "type": "Feature", "properties": { "c": "cdss_spring", "n": "LOWER TENT SPRING", "d": "Decreed spring · WDID 4303366" }, "geometry": { "type": "Point", "coordinates": [ -109.04406, 39.60284 ] } },
{ "type": "Feature", "properties": { "c": "cdss_spring", "n": "HAWK SPRING", "d": "Decreed spring · WDID 7205154" }, "geometry": { "type": "Point", "coordinates": [ -108.9062, 39.60762 ] } },
{ "type": "Feature", "properties": { "c": "cdss_spring", "n": "EVACUATION SPG 6", "d": "Decreed spring · WDID 4300631" }, "geometry": { "type": "Point", "coordinates": [ -108.96332, 39.60654 ] } },
{ "type": "Feature", "properties": { "c": "cdss_pond", "n": "COW CREEK RES NO 2", "d": "Decreed stock pond · WDID 4303510" }, "geometry": { "type": "Point", "coordinates": [ -108.93263, 39.60822 ] } },
{ "type": "Feature", "properties": { "c": "cdss_spring", "n": "BLM SPRING 198-93/94", "d": "Decreed spring · WDID 4303255" }, "geometry": { "type": "Point", "coordinates": [ -108.75691, 39.6085 ] } },
{ "type": "Feature", "properties": { "c": "cdss_spring", "n": "LAWTON SPG 3", "d": "Decreed spring · WDID 4302109" }, "geometry": { "type": "Point", "coordinates": [ -108.80896, 39.60694 ] } },
{ "type": "Feature", "properties": { "c": "cdss_spring", "n": "DOUGLAS PASS SPG NO 1", "d": "Decreed spring · WDID 4302036" }, "geometry": { "type": "Point", "coordinates": [ -108.79381, 39.60753 ] } },
{ "type": "Feature", "properties": { "c": "cdss_spring", "n": "LAWTON SPG 1", "d": "Decreed spring · WDID 4302107" }, "geometry": { "type": "Point", "coordinates": [ -108.81104, 39.60709 ] } },
{ "type": "Feature", "properties": { "c": "cdss_spring", "n": "LAWTON SPG 2", "d": "Decreed spring · WDID 4302108" }, "geometry": { "type": "Point", "coordinates": [ -108.80978, 39.60734 ] } },
{ "type": "Feature", "properties": { "c": "cdss_spring", "n": "SAWMILL SPRING", "d": "Decreed spring · WDID 7200759" }, "geometry": { "type": "Point", "coordinates": [ -108.82697, 39.60734 ] } },
{ "type": "Feature", "properties": { "c": "nhd_spring", "n": "", "d": "USGS topo spring (may be dry)" }, "geometry": { "type": "Point", "coordinates": [ -108.82677, 39.60774 ] } },
{ "type": "Feature", "properties": { "c": "cdss_spring", "n": "MAHANY SPRING NO 1", "d": "Decreed spring · WDID 7201234" }, "geometry": { "type": "Point", "coordinates": [ -108.82668, 39.60799 ] } },
{ "type": "Feature", "properties": { "c": "cdss_spring", "n": "UPPER OR MAHANY SPRING", "d": "Decreed spring · WDID 7201153" }, "geometry": { "type": "Point", "coordinates": [ -108.82665, 39.6082 ] } },
{ "type": "Feature", "properties": { "c": "cdss_spring", "n": "BLM SPRING 198-98", "d": "Decreed spring · WDID 4303259" }, "geometry": { "type": "Point", "coordinates": [ -108.76383, 39.61185 ] } },
{ "type": "Feature", "properties": { "c": "cdss_spring", "n": "RIFKINS SPRING", "d": "Decreed spring · WDID 7205204" }, "geometry": { "type": "Point", "coordinates": [ -108.69247, 39.59769 ] } },
{ "type": "Feature", "properties": { "c": "cdss_spring", "n": "RUNNING SPRING", "d": "Decreed spring · WDID 7205313" }, "geometry": { "type": "Point", "coordinates": [ -108.69247, 39.59769 ] } },
{ "type": "Feature", "properties": { "c": "cdss_spring", "n": "KRIKE SPRING", "d": "Decreed spring · WDID 7005179" }, "geometry": { "type": "Point", "coordinates": [ -108.65961, 39.60088 ] } },
{ "type": "Feature", "properties": { "c": "cdss_spring", "n": "TERRIS SPRING", "d": "Decreed spring · WDID 7005178" }, "geometry": { "type": "Point", "coordinates": [ -108.65961, 39.60088 ] } },
{ "type": "Feature", "properties": { "c": "nhd_spring", "n": "", "d": "USGS topo spring (may be dry)" }, "geometry": { "type": "Point", "coordinates": [ -108.66698, 39.60367 ] } },
{ "type": "Feature", "properties": { "c": "cdss_spring", "n": "DRIPPING SPRING", "d": "Decreed spring · WDID 7005291" }, "geometry": { "type": "Point", "coordinates": [ -108.669, 39.60506 ] } },
{ "type": "Feature", "properties": { "c": "cdss_spring", "n": "R L SPRING", "d": "Decreed spring · WDID 7005171" }, "geometry": { "type": "Point", "coordinates": [ -108.66899, 39.60868 ] } },
{ "type": "Feature", "properties": { "c": "cdss_pond", "n": "WILLIAMS POND", "d": "Decreed stock pond · WDID 4304487" }, "geometry": { "type": "Point", "coordinates": [ -108.68621, 39.61786 ] } },
{ "type": "Feature", "properties": { "c": "cdss_spring", "n": "BLM SPRING 197-01", "d": "Decreed spring · WDID 4301638" }, "geometry": { "type": "Point", "coordinates": [ -108.7479, 39.61663 ] } },
{ "type": "Feature", "properties": { "c": "cdss_spring", "n": "BLM SPRING 182-18", "d": "Decreed spring · WDID 4301665" }, "geometry": { "type": "Point", "coordinates": [ -108.74846, 39.6258 ] } },
{ "type": "Feature", "properties": { "c": "cdss_spring", "n": "BLM SPRING 198-02", "d": "Decreed spring · WDID 4301640" }, "geometry": { "type": "Point", "coordinates": [ -108.75857, 39.6145 ] } },
{ "type": "Feature", "properties": { "c": "cdss_spring", "n": "BLM SPRING 198-08", "d": "Decreed spring · WDID 4301635" }, "geometry": { "type": "Point", "coordinates": [ -108.75806, 39.6167 ] } },
{ "type": "Feature", "properties": { "c": "cdss_spring", "n": "BLM SPRING 198-06", "d": "Decreed spring · WDID 4301807" }, "geometry": { "type": "Point", "coordinates": [ -108.75983, 39.61805 ] } },
{ "type": "Feature", "properties": { "c": "cdss_spring", "n": "BLM SPRING 198-07", "d": "Decreed spring · WDID 4301808" }, "geometry": { "type": "Point", "coordinates": [ -108.76318, 39.61902 ] } },
{ "type": "Feature", "properties": { "c": "cdss_spring", "n": "CRYSTAL SPGS #2", "d": "Decreed spring · WDID 4301990" }, "geometry": { "type": "Point", "coordinates": [ -108.75445, 39.62117 ] } },
{ "type": "Feature", "properties": { "c": "cdss_spring", "n": "BLM SPRING 198-05", "d": "Decreed spring · WDID 4302494" }, "geometry": { "type": "Point", "coordinates": [ -108.75604, 39.62192 ] } },
{ "type": "Feature", "properties": { "c": "cdss_spring", "n": "BLM SPRING 198-09", "d": "Decreed spring · WDID 4301485" }, "geometry": { "type": "Point", "coordinates": [ -108.80986, 39.62115 ] } },
{ "type": "Feature", "properties": { "c": "cdss_spring", "n": "YAHVEH'S SPRING", "d": "Decreed spring · WDID 4302447" }, "geometry": { "type": "Point", "coordinates": [ -108.79816, 39.62262 ] } },
{ "type": "Feature", "properties": { "c": "cdss_spring", "n": "BLM SPRING 181-19", "d": "Decreed spring · WDID 4301802" }, "geometry": { "type": "Point", "coordinates": [ -108.77448, 39.62528 ] } },
{ "type": "Feature", "properties": { "c": "cdss_spring", "n": "BLM SPRING 181-38", "d": "Decreed spring · WDID 4301675" }, "geometry": { "type": "Point", "coordinates": [ -108.75915, 39.62615 ] } },
{ "type": "Feature", "properties": { "c": "cdss_spring", "n": "NORTH CANYON SPG & PL 1", "d": "Decreed spring · WDID 7205129" }, "geometry": { "type": "Point", "coordinates": [ -108.89324, 39.61269 ] } },
{ "type": "Feature", "properties": { "c": "cdss_spring", "n": "CHAMBERLAIN CANYON SPG", "d": "Decreed spring · WDID 7205148" }, "geometry": { "type": "Point", "coordinates": [ -108.85628, 39.61577 ] } },
{ "type": "Feature", "properties": { "c": "cdss_spring", "n": "SERVICEBERRY SPRING", "d": "Decreed spring · WDID 7205147" }, "geometry": { "type": "Point", "coordinates": [ -108.86567, 39.61577 ] } },
{ "type": "Feature", "properties": { "c": "cdss_spring", "n": "ROARING SPRING", "d": "Decreed spring · WDID 4301994" }, "geometry": { "type": "Point", "coordinates": [ -108.90195, 39.61668 ] } },
{ "type": "Feature", "properties": { "c": "cdss_spring", "n": "PRINCE SPRING", "d": "Decreed spring · WDID 7205311" }, "geometry": { "type": "Point", "coordinates": [ -108.87976, 39.61948 ] } },
{ "type": "Feature", "properties": { "c": "cdss_pond", "n": "EVACUATION CR LAKE RES", "d": "Decreed stock pond · WDID 4303717" }, "geometry": { "type": "Point", "coordinates": [ -108.97609, 39.61953 ] } },
{ "type": "Feature", "properties": { "c": "cdss_pond", "n": "TAWNEY HIRONS RESERVOIR", "d": "Decreed stock pond · WDID 4303661" }, "geometry": { "type": "Point", "coordinates": [ -108.97741, 39.62195 ] } },
{ "type": "Feature", "properties": { "c": "cdss_spring", "n": "CABIN VALLEY SPRING NO 1", "d": "Decreed spring · WDID 4301740" }, "geometry": { "type": "Point", "coordinates": [ -108.90809, 39.6259 ] } },
{ "type": "Feature", "properties": { "c": "cdss_spring", "n": "CABIN VALLEY SPRING NO 2", "d": "Decreed spring · WDID 4301741" }, "geometry": { "type": "Point", "coordinates": [ -108.90788, 39.62593 ] } },
{ "type": "Feature", "properties": { "c": "cdss_spring", "n": "MILL SPRING NO 1", "d": "Decreed spring · WDID 4301735" }, "geometry": { "type": "Point", "coordinates": [ -108.8886, 39.62817 ] } },
{ "type": "Feature", "properties": { "c": "cdss_spring", "n": "COULTON SPRING NO 4", "d": "Decreed spring · WDID 7005035" }, "geometry": { "type": "Point", "coordinates": [ -108.65033, 39.62994 ] } },
{ "type": "Feature", "properties": { "c": "cdss_spring", "n": "DAILY SPG NO 1", "d": "Decreed spring · WDID 4301356" }, "geometry": { "type": "Point", "coordinates": [ -108.75442, 39.62946 ] } },
{ "type": "Feature", "properties": { "c": "cdss_spring", "n": "COULTON SPRING NO 3", "d": "Decreed spring · WDID 7005034" }, "geometry": { "type": "Point", "coordinates": [ -108.65032, 39.63352 ] } },
{ "type": "Feature", "properties": { "c": "cdss_spring", "n": "BLM SPRING 182-16", "d": "Decreed spring · WDID 4301800" }, "geometry": { "type": "Point", "coordinates": [ -108.70688, 39.63207 ] } },
{ "type": "Feature", "properties": { "c": "cdss_spring", "n": "BLM SPRING 182-15", "d": "Decreed spring · WDID 4302489" }, "geometry": { "type": "Point", "coordinates": [ -108.68299, 39.63308 ] } },
{ "type": "Feature", "properties": { "c": "cdss_spring", "n": "BLM SPRING 182-58", "d": "Decreed spring · WDID 4301336" }, "geometry": { "type": "Point", "coordinates": [ -108.75041, 39.63459 ] } },
{ "type": "Feature", "properties": { "c": "cdss_spring", "n": "BLM SPRING 181-37", "d": "Decreed spring · WDID 4301645" }, "geometry": { "type": "Point", "coordinates": [ -108.75405, 39.63626 ] } },
{ "type": "Feature", "properties": { "c": "cdss_spring", "n": "BLM SPRING 182-19", "d": "Decreed spring · WDID 4301647" }, "geometry": { "type": "Point", "coordinates": [ -108.66182, 39.64318 ] } },
{ "type": "Feature", "properties": { "c": "cdss_spring", "n": "BIG SPRING POND", "d": "Decreed spring · WDID 4303714" }, "geometry": { "type": "Point", "coordinates": [ -108.68954, 39.64369 ] } },
{ "type": "Feature", "properties": { "c": "cdss_spring", "n": "BIG SPRING", "d": "Decreed spring · WDID 4301129" }, "geometry": { "type": "Point", "coordinates": [ -108.6886, 39.64401 ] } },
{ "type": "Feature", "properties": { "c": "cdss_spring", "n": "BLM SPRING 181-35", "d": "Decreed spring · WDID 4301803" }, "geometry": { "type": "Point", "coordinates": [ -108.80651, 39.62596 ] } },
{ "type": "Feature", "properties": { "c": "cdss_spring", "n": "PAPAS SPRING NO 1", "d": "Decreed spring · WDID 4301993" }, "geometry": { "type": "Point", "coordinates": [ -108.80153, 39.62731 ] } },
{ "type": "Feature", "properties": { "c": "cdss_spring", "n": "BLM SPRING 181-36", "d": "Decreed spring · WDID 4301804" }, "geometry": { "type": "Point", "coordinates": [ -108.80436, 39.62748 ] } },
{ "type": "Feature", "properties": { "c": "cdss_pond", "n": "SEVEN K RES", "d": "Decreed stock pond · WDID 4304488" }, "geometry": { "type": "Point", "coordinates": [ -108.78818, 39.63497 ] } },
{ "type": "Feature", "properties": { "c": "cdss_spring", "n": "CRYSTAL #1 SPRING", "d": "Decreed spring · WDID 4301989" }, "geometry": { "type": "Point", "coordinates": [ -108.75724, 39.6381 ] } },
{ "type": "Feature", "properties": { "c": "cdss_spring", "n": "FOUNDATION SPRING", "d": "Decreed spring · WDID 4301991" }, "geometry": { "type": "Point", "coordinates": [ -108.82464, 39.63655 ] } },
{ "type": "Feature", "properties": { "c": "cdss_spring", "n": "SEVEN K SPRING 1", "d": "Decreed spring · WDID 4301353" }, "geometry": { "type": "Point", "coordinates": [ -108.7921, 39.63941 ] } },
{ "type": "Feature", "properties": { "c": "cdss_spring", "n": "BLM SPRING 181-20", "d": "Decreed spring · WDID 4301644" }, "geometry": { "type": "Point", "coordinates": [ -108.80216, 39.64052 ] } },
{ "type": "Feature", "properties": { "c": "cdss_spring", "n": "BIG FOUNDATION SPG 8", "d": "Decreed spring · WDID 4301371" }, "geometry": { "type": "Point", "coordinates": [ -108.82127, 39.63991 ] } },
{ "type": "Feature", "properties": { "c": "cdss_spring", "n": "LITTLE FOUND CREEK SPG", "d": "Decreed spring · WDID 4301992" }, "geometry": { "type": "Point", "coordinates": [ -108.80422, 39.64108 ] } },
{ "type": "Feature", "properties": { "c": "cdss_spring", "n": "CABIN VALLEY SPRING NO 3", "d": "Decreed spring · WDID 4301742" }, "geometry": { "type": "Point", "coordinates": [ -108.91504, 39.62799 ] } },
{ "type": "Feature", "properties": { "c": "cdss_spring", "n": "POCKET SPRING NO 1", "d": "Decreed spring · WDID 4301736" }, "geometry": { "type": "Point", "coordinates": [ -108.88682, 39.63242 ] } },
{ "type": "Feature", "properties": { "c": "cdss_spring", "n": "POCKET SPRING NO 2", "d": "Decreed spring · WDID 4301737" }, "geometry": { "type": "Point", "coordinates": [ -108.88707, 39.63258 ] } },
{ "type": "Feature", "properties": { "c": "cdss_spring", "n": "BASIN SPRING NO 1", "d": "Decreed spring · WDID 4301743" }, "geometry": { "type": "Point", "coordinates": [ -108.90754, 39.63576 ] } },
{ "type": "Feature", "properties": { "c": "cdss_spring", "n": "BASIN SPRING NO 4", "d": "Decreed spring · WDID 4301746" }, "geometry": { "type": "Point", "coordinates": [ -108.94362, 39.63699 ] } },
{ "type": "Feature", "properties": { "c": "cdss_spring", "n": "BASIN SPRING NO 2", "d": "Decreed spring · WDID 4301744" }, "geometry": { "type": "Point", "coordinates": [ -108.91577, 39.63971 ] } },
{ "type": "Feature", "properties": { "c": "cdss_pond", "n": "WALKER RES NO 1 A", "d": "Decreed stock pond · WDID 4303502" }, "geometry": { "type": "Point", "coordinates": [ -108.92258, 39.64159 ] } },
{ "type": "Feature", "properties": { "c": "cdss_spring", "n": "BASIN SPRING NO 3", "d": "Decreed spring · WDID 4301745" }, "geometry": { "type": "Point", "coordinates": [ -108.9332, 39.64157 ] } },
{ "type": "Feature", "properties": { "c": "cdss_pond", "n": "WALKER RESERVOIR", "d": "Decreed stock pond · WDID 4304310" }, "geometry": { "type": "Point", "coordinates": [ -108.92358, 39.64249 ] } },
{ "type": "Feature", "properties": { "c": "cdss_spring", "n": "BLM SPRING 180-11", "d": "Decreed spring · WDID 4301642" }, "geometry": { "type": "Point", "coordinates": [ -108.95244, 39.65055 ] } },
{ "type": "Feature", "properties": { "c": "cdss_spring", "n": "BIG FOUNDATION SPG 3", "d": "Decreed spring · WDID 4301360" }, "geometry": { "type": "Point", "coordinates": [ -108.82613, 39.64152 ] } },
{ "type": "Feature", "properties": { "c": "cdss_spring", "n": "CORRAL SPG NO 1", "d": "Decreed spring · WDID 4301430" }, "geometry": { "type": "Point", "coordinates": [ -108.84248, 39.64108 ] } },
{ "type": "Feature", "properties": { "c": "cdss_spring", "n": "CROSS SPG NO 2", "d": "Decreed spring · WDID 4301355" }, "geometry": { "type": "Point", "coordinates": [ -108.77228, 39.64469 ] } },
{ "type": "Feature", "properties": { "c": "cdss_spring", "n": "BIG FOUNDATION SPG 5", "d": "Decreed spring · WDID 4301404" }, "geometry": { "type": "Point", "coordinates": [ -108.81983, 39.64313 ] } },
{ "type": "Feature", "properties": { "c": "cdss_spring", "n": "BIG FOUNDATION SPG 4", "d": "Decreed spring · WDID 4301372" }, "geometry": { "type": "Point", "coordinates": [ -108.82183, 39.64362 ] } },
{ "type": "Feature", "properties": { "c": "cdss_spring", "n": "BIG FOUNDATION SPG 6", "d": "Decreed spring · WDID 4301446" }, "geometry": { "type": "Point", "coordinates": [ -108.82076, 39.64547 ] } },
{ "type": "Feature", "properties": { "c": "cdss_spring", "n": "BIG FOUNDATION SPG 7", "d": "Decreed spring · WDID 4301370" }, "geometry": { "type": "Point", "coordinates": [ -108.81956, 39.64552 ] } },
{ "type": "Feature", "properties": { "c": "cdss_spring", "n": "COUNTY LINE SPG NO 1", "d": "Decreed spring · WDID 4301352" }, "geometry": { "type": "Point", "coordinates": [ -108.76035, 39.6479 ] } },
{ "type": "Feature", "properties": { "c": "cdss_spring", "n": "BLM SPRING 181-14", "d": "Decreed spring · WDID 4301805" }, "geometry": { "type": "Point", "coordinates": [ -108.80715, 39.6467 ] } },
{ "type": "Feature", "properties": { "c": "cdss_spring", "n": "CROSS SPG NO 1", "d": "Decreed spring · WDID 4301354" }, "geometry": { "type": "Point", "coordinates": [ -108.78251, 39.64796 ] } },
{ "type": "Feature", "properties": { "c": "nhd_spring", "n": "", "d": "USGS topo spring (may be dry)" }, "geometry": { "type": "Point", "coordinates": [ -108.56079, 39.64186 ] } },
{ "type": "Feature", "properties": { "c": "cdss_spring", "n": "BRUSH CREEK SPRING", "d": "Decreed spring · WDID 7005258" }, "geometry": { "type": "Point", "coordinates": [ -108.57591, 39.64421 ] } },
{ "type": "Feature", "properties": { "c": "cdss_pond", "n": "NOEL POND", "d": "Decreed stock pond · WDID 7003540" }, "geometry": { "type": "Point", "coordinates": [ -108.54428, 39.6452 ] } },
{ "type": "Feature", "properties": { "c": "cdss_spring", "n": "NOEL SPRING", "d": "Decreed spring · WDID 7005316" }, "geometry": { "type": "Point", "coordinates": [ -108.54324, 39.64548 ] } },
{ "type": "Feature", "properties": { "c": "nhd_spring", "n": "", "d": "USGS topo spring (may be dry)" }, "geometry": { "type": "Point", "coordinates": [ -108.57816, 39.64442 ] } },
{ "type": "Feature", "properties": { "c": "cdss_spring", "n": "ELK BEDROOM SPRING", "d": "Decreed spring · WDID 7005184" }, "geometry": { "type": "Point", "coordinates": [ -108.57593, 39.64801 ] } },
{ "type": "Feature", "properties": { "c": "cdss_spring", "n": "FLATUS ROCK SPRING", "d": "Decreed spring · WDID 7005185" }, "geometry": { "type": "Point", "coordinates": [ -108.57593, 39.64801 ] } },
{ "type": "Feature", "properties": { "c": "cdss_spring", "n": "BLM SPRING 183-09", "d": "Decreed spring · WDID 7005237" }, "geometry": { "type": "Point", "coordinates": [ -108.54795, 39.65189 ] } },
{ "type": "Feature", "properties": { "c": "cdss_spring", "n": "SURPRISE SPRING", "d": "Decreed spring · WDID 7005231" }, "geometry": { "type": "Point", "coordinates": [ -108.58284, 39.6518 ] } },
{ "type": "Feature", "properties": { "c": "cdss_spring", "n": "BLM SPRING 183-10", "d": "Decreed spring · WDID 7005238" }, "geometry": { "type": "Point", "coordinates": [ -108.5526, 39.6555 ] } },
{ "type": "Feature", "properties": { "c": "nhd_spring", "n": "", "d": "USGS topo spring (may be dry)" }, "geometry": { "type": "Point", "coordinates": [ -108.52027, 39.64358 ] } },
{ "type": "Feature", "properties": { "c": "nhd_spring", "n": "", "d": "USGS topo spring (may be dry)" }, "geometry": { "type": "Point", "coordinates": [ -108.51792, 39.64372 ] } },
{ "type": "Feature", "properties": { "c": "nhd_spring", "n": "", "d": "USGS topo spring (may be dry)" }, "geometry": { "type": "Point", "coordinates": [ -108.51976, 39.64373 ] } },
{ "type": "Feature", "properties": { "c": "cdss_spring", "n": "CYNDA SPRING", "d": "Decreed spring · WDID 7005133" }, "geometry": { "type": "Point", "coordinates": [ -108.51535, 39.64405 ] } },
{ "type": "Feature", "properties": { "c": "cdss_pond", "n": "BRENNAN SPG NO 1 & POND", "d": "Decreed stock pond · WDID 7000613" }, "geometry": { "type": "Point", "coordinates": [ -108.5173, 39.64399 ] } },
{ "type": "Feature", "properties": { "c": "cdss_spring", "n": "CLEAR CREEK SPRING NO 1", "d": "Decreed spring · WDID 7005084" }, "geometry": { "type": "Point", "coordinates": [ -108.50503, 39.64816 ] } },
{ "type": "Feature", "properties": { "c": "cdss_spring", "n": "BLM SPRING 183-18", "d": "Decreed spring · WDID 7005243" }, "geometry": { "type": "Point", "coordinates": [ -108.5339, 39.65553 ] } },
{ "type": "Feature", "properties": { "c": "cdss_spring", "n": "BLM SPRING 183-16", "d": "Decreed spring · WDID 7005241" }, "geometry": { "type": "Point", "coordinates": [ -108.5339, 39.65553 ] } },
{ "type": "Feature", "properties": { "c": "cdss_spring", "n": "BLM SPRING 183-17", "d": "Decreed spring · WDID 7005242" }, "geometry": { "type": "Point", "coordinates": [ -108.5339, 39.65553 ] } },
{ "type": "Feature", "properties": { "c": "cdss_spring", "n": "BLM SPRING 183-02", "d": "Decreed spring · WDID 7005240" }, "geometry": { "type": "Point", "coordinates": [ -108.52454, 39.65917 ] } },
{ "type": "Feature", "properties": { "c": "nhd_spring", "n": "", "d": "USGS topo spring (may be dry)" }, "geometry": { "type": "Point", "coordinates": [ -108.58001, 39.65881 ] } },
{ "type": "Feature", "properties": { "c": "cdss_spring", "n": "BLM SPRING 183-01", "d": "Decreed spring · WDID 7005377" }, "geometry": { "type": "Point", "coordinates": [ -108.57816, 39.65905 ] } },
{ "type": "Feature", "properties": { "c": "cdss_spring", "n": "BRUSH CREEK SPRING NO 1", "d": "Decreed spring · WDID 7005009" }, "geometry": { "type": "Point", "coordinates": [ -108.57816, 39.65905 ] } },
{ "type": "Feature", "properties": { "c": "cdss_spring", "n": "BLM SPRING 183-22", "d": "Decreed spring · WDID 7005233" }, "geometry": { "type": "Point", "coordinates": [ -108.54788, 39.67002 ] } },
{ "type": "Feature", "properties": { "c": "cdss_spring", "n": "BLM SPRING 183-23", "d": "Decreed spring · WDID 7005234" }, "geometry": { "type": "Point", "coordinates": [ -108.54788, 39.67002 ] } },
{ "type": "Feature", "properties": { "c": "cdss_spring", "n": "BLM SPRING 183-19", "d": "Decreed spring · WDID 7005239" }, "geometry": { "type": "Point", "coordinates": [ -108.57822, 39.66975 ] } },
{ "type": "Feature", "properties": { "c": "cdss_spring", "n": "BEAR GULCH SPRING", "d": "Decreed spring · WDID 4301979" }, "geometry": { "type": "Point", "coordinates": [ -108.57646, 39.6715 ] } },
{ "type": "Feature", "properties": { "c": "cdss_spring", "n": "BLM SPRING 183-25", "d": "Decreed spring · WDID 7005236" }, "geometry": { "type": "Point", "coordinates": [ -108.54318, 39.6737 ] } },
{ "type": "Feature", "properties": { "c": "cdss_spring", "n": "BLM SPRING 183-21", "d": "Decreed spring · WDID 7005232" }, "geometry": { "type": "Point", "coordinates": [ -108.54786, 39.67364 ] } },
{ "type": "Feature", "properties": { "c": "cdss_spring", "n": "BEAR GULCH SPRING", "d": "Decreed spring · WDID 7005253" }, "geometry": { "type": "Point", "coordinates": [ -108.57826, 39.67337 ] } },
{ "type": "Feature", "properties": { "c": "nhd_spring", "n": "", "d": "USGS topo spring (may be dry)" }, "geometry": { "type": "Point", "coordinates": [ -108.52549, 39.66042 ] } },
{ "type": "Feature", "properties": { "c": "nhd_spring", "n": "", "d": "USGS topo spring (may be dry)" }, "geometry": { "type": "Point", "coordinates": [ -108.50442, 39.67521 ] } },
{ "type": "Feature", "properties": { "c": "nhd_spring", "n": "", "d": "USGS topo spring (may be dry)" }, "geometry": { "type": "Point", "coordinates": [ -108.4931, 39.68 ] } },
{ "type": "Feature", "properties": { "c": "cdss_spring", "n": "MOBIL SPRING NO 41", "d": "Decreed spring · WDID 7005039" }, "geometry": { "type": "Point", "coordinates": [ -108.50575, 39.68121 ] } },
{ "type": "Feature", "properties": { "c": "cdss_spring", "n": "MOBIL SPRING NO 40", "d": "Decreed spring · WDID 7005036" }, "geometry": { "type": "Point", "coordinates": [ -108.51511, 39.68119 ] } },
{ "type": "Feature", "properties": { "c": "cdss_spring", "n": "MOBIL SPRING NO 38", "d": "Decreed spring · WDID 7005011" }, "geometry": { "type": "Point", "coordinates": [ -108.53384, 39.68472 ] } },
{ "type": "Feature", "properties": { "c": "cdss_spring", "n": "MOBIL SPRING NO 39", "d": "Decreed spring · WDID 7005023" }, "geometry": { "type": "Point", "coordinates": [ -108.53388, 39.68834 ] } },
{ "type": "Feature", "properties": { "c": "cdss_spring", "n": "MOBIL SPRING NO. 8", "d": "Decreed spring · WDID 4301872" }, "geometry": { "type": "Point", "coordinates": [ -108.52054, 39.69472 ] } },
{ "type": "Feature", "properties": { "c": "nhd_spring", "n": "", "d": "USGS topo spring (may be dry)" }, "geometry": { "type": "Point", "coordinates": [ -108.52064, 39.69475 ] } },
{ "type": "Feature", "properties": { "c": "cdss_spring", "n": "MOBIL SPRING #36", "d": "Decreed spring · WDID 4301064" }, "geometry": { "type": "Point", "coordinates": [ -108.49437, 39.70229 ] } },
{ "type": "Feature", "properties": { "c": "cdss_spring", "n": "BEDROCK SPG NO 3", "d": "Decreed spring · WDID 4301332" }, "geometry": { "type": "Point", "coordinates": [ -108.62692, 39.66338 ] } },
{ "type": "Feature", "properties": { "c": "cdss_spring", "n": "SOLDIER CREEK SPG 1", "d": "Decreed spring · WDID 4302258" }, "geometry": { "type": "Point", "coordinates": [ -108.60397, 39.68007 ] } },
{ "type": "Feature", "properties": { "c": "cdss_spring", "n": "LAKE CREEK SPG NO 1", "d": "Decreed spring · WDID 4302254" }, "geometry": { "type": "Point", "coordinates": [ -108.6189, 39.68065 ] } },
{ "type": "Feature", "properties": { "c": "cdss_spring", "n": "SOLDIER CREEK SPG 2", "d": "Decreed spring · WDID 4302257" }, "geometry": { "type": "Point", "coordinates": [ -108.58632, 39.68578 ] } },
{ "type": "Feature", "properties": { "c": "cdss_spring", "n": "WHITE SPG NO 1", "d": "Decreed spring · WDID 4301324" }, "geometry": { "type": "Point", "coordinates": [ -108.6466, 39.70376 ] } },
{ "type": "Feature", "properties": { "c": "cdss_spring", "n": "SUCKER CREEK SPRING", "d": "Decreed spring · WDID 4301128" }, "geometry": { "type": "Point", "coordinates": [ -108.65296, 39.71169 ] } },
{ "type": "Feature", "properties": { "c": "cdss_pond", "n": "SUCKER CREEK POND", "d": "Decreed stock pond · WDID 4303713" }, "geometry": { "type": "Point", "coordinates": [ -108.65352, 39.71493 ] } },
{ "type": "Feature", "properties": { "c": "cdss_spring", "n": "WILLOW SPG & PL NO 2", "d": "Decreed spring · WDID 4301231" }, "geometry": { "type": "Point", "coordinates": [ -108.6351, 39.71713 ] } },
{ "type": "Feature", "properties": { "c": "cdss_spring", "n": "WILLOW SPG & PL NO 1", "d": "Decreed spring · WDID 4301233" }, "geometry": { "type": "Point", "coordinates": [ -108.6328, 39.72177 ] } },
{ "type": "Feature", "properties": { "c": "cdss_pond", "n": "WILLOW CREEK POND", "d": "Decreed stock pond · WDID 4303715" }, "geometry": { "type": "Point", "coordinates": [ -108.63307, 39.72283 ] } },
{ "type": "Feature", "properties": { "c": "nhd_spring", "n": "", "d": "USGS topo spring (may be dry)" }, "geometry": { "type": "Point", "coordinates": [ -108.49794, 39.70231 ] } },
{ "type": "Feature", "properties": { "c": "cdss_spring", "n": "MOBIL SPRING NO. 7", "d": "Decreed spring · WDID 4301871" }, "geometry": { "type": "Point", "coordinates": [ -108.49798, 39.70242 ] } },
{ "type": "Feature", "properties": { "c": "cdss_spring", "n": "MOBIL SPRING #37", "d": "Decreed spring · WDID 4301065" }, "geometry": { "type": "Point", "coordinates": [ -108.52442, 39.70467 ] } },
{ "type": "Feature", "properties": { "c": "cdss_spring", "n": "BLM SPRING 183-20", "d": "Decreed spring · WDID 4301822" }, "geometry": { "type": "Point", "coordinates": [ -108.53303, 39.70998 ] } },
{ "type": "Feature", "properties": { "c": "nhd_spring", "n": "", "d": "USGS topo spring (may be dry)" }, "geometry": { "type": "Point", "coordinates": [ -108.53207, 39.71232 ] } },
{ "type": "Feature", "properties": { "c": "cdss_spring", "n": "BLM SPRING 183-05", "d": "Decreed spring · WDID 4301483" }, "geometry": { "type": "Point", "coordinates": [ -108.53209, 39.71232 ] } },
{ "type": "Feature", "properties": { "c": "cdss_spring", "n": "MOBIL SPRING #35", "d": "Decreed spring · WDID 4301063" }, "geometry": { "type": "Point", "coordinates": [ -108.51965, 39.72077 ] } },
{ "type": "Feature", "properties": { "c": "cdss_spring", "n": "MOBIL SPRING #34", "d": "Decreed spring · WDID 4301062" }, "geometry": { "type": "Point", "coordinates": [ -108.53663, 39.72316 ] } },
{ "type": "Feature", "properties": { "c": "cdss_spring", "n": "MOBIL SPRING #33", "d": "Decreed spring · WDID 4301061" }, "geometry": { "type": "Point", "coordinates": [ -108.52115, 39.72386 ] } },
{ "type": "Feature", "properties": { "c": "cdss_spring", "n": "MOBIL SPRING #32", "d": "Decreed spring · WDID 4301060" }, "geometry": { "type": "Point", "coordinates": [ -108.51299, 39.72507 ] } },
{ "type": "Feature", "properties": { "c": "cdss_spring", "n": "BLM SPRING 183-24", "d": "Decreed spring · WDID 7005235" }, "geometry": { "type": "Point", "coordinates": [ -108.54785, 39.67727 ] } },
{ "type": "Feature", "properties": { "c": "nhd_spring", "n": "", "d": "USGS topo spring (may be dry)" }, "geometry": { "type": "Point", "coordinates": [ -108.56927, 39.67976 ] } },
{ "type": "Feature", "properties": { "c": "cdss_spring", "n": "BRUSH CREEK SPRING NO 2", "d": "Decreed spring · WDID 7005010" }, "geometry": { "type": "Point", "coordinates": [ -108.57247, 39.68065 ] } },
{ "type": "Feature", "properties": { "c": "cdss_spring", "n": "SOLDIER CREEK SPG 5", "d": "Decreed spring · WDID 4301307" }, "geometry": { "type": "Point", "coordinates": [ -108.56961, 39.68344 ] } },
{ "type": "Feature", "properties": { "c": "cdss_spring", "n": "SOLDIER CREEK SPG 4", "d": "Decreed spring · WDID 4302255" }, "geometry": { "type": "Point", "coordinates": [ -108.58214, 39.68548 ] } },
{ "type": "Feature", "properties": { "c": "cdss_spring", "n": "SOLDIER CREEK SPG 3", "d": "Decreed spring · WDID 4302256" }, "geometry": { "type": "Point", "coordinates": [ -108.58397, 39.68783 ] } },
{ "type": "Feature", "properties": { "c": "cdss_spring", "n": "BLM SPRING 183-07", "d": "Decreed spring · WDID 4302493" }, "geometry": { "type": "Point", "coordinates": [ -108.57308, 39.71291 ] } },
{ "type": "Feature", "properties": { "c": "cdss_spring", "n": "BLM SPRING 174-82", "d": "Decreed spring · WDID 4301528" }, "geometry": { "type": "Point", "coordinates": [ -108.54322, 39.75357 ] } },
{ "type": "Feature", "properties": { "c": "cdss_spring", "n": "BLM SPRING 174-81", "d": "Decreed spring · WDID 4301525" }, "geometry": { "type": "Point", "coordinates": [ -108.54328, 39.7614 ] } },
{ "type": "Feature", "properties": { "c": "cdss_spring", "n": "BLM SPRING 174-39", "d": "Decreed spring · WDID 4301166" }, "geometry": { "type": "Point", "coordinates": [ -108.54469, 39.76388 ] } },
{ "type": "Feature", "properties": { "c": "cdss_spring", "n": "MOBIL SPRING #31", "d": "Decreed spring · WDID 4301059" }, "geometry": { "type": "Point", "coordinates": [ -108.50507, 39.7302 ] } },
{ "type": "Feature", "properties": { "c": "cdss_spring", "n": "MOBIL SPRING #29", "d": "Decreed spring · WDID 4301057" }, "geometry": { "type": "Point", "coordinates": [ -108.49788, 39.74392 ] } },
{ "type": "Feature", "properties": { "c": "cdss_spring", "n": "MOBIL SPRING #28", "d": "Decreed spring · WDID 4301056" }, "geometry": { "type": "Point", "coordinates": [ -108.50349, 39.748 ] } },
{ "type": "Feature", "properties": { "c": "cdss_spring", "n": "BLM SPRING 174-22", "d": "Decreed spring · WDID 4302485" }, "geometry": { "type": "Point", "coordinates": [ -108.53291, 39.75397 ] } },
{ "type": "Feature", "properties": { "c": "cdss_spring", "n": "TRACT C-A S-468", "d": "Decreed spring · WDID 4301700" }, "geometry": { "type": "Point", "coordinates": [ -108.50555, 39.75593 ] } },
{ "type": "Feature", "properties": { "c": "cdss_spring", "n": "MOBIL SPRING NO. 11", "d": "Decreed spring · WDID 4301873" }, "geometry": { "type": "Point", "coordinates": [ -108.50449, 39.75609 ] } },
{ "type": "Feature", "properties": { "c": "nhd_spring", "n": "", "d": "USGS topo spring (may be dry)" }, "geometry": { "type": "Point", "coordinates": [ -108.50565, 39.75605 ] } },
{ "type": "Feature", "properties": { "c": "cdss_spring", "n": "BLM SPRING 174-79", "d": "Decreed spring · WDID 4302486" }, "geometry": { "type": "Point", "coordinates": [ -108.5356, 39.757 ] } },
{ "type": "Feature", "properties": { "c": "cdss_spring", "n": "TRACT C-A S-469", "d": "Decreed spring · WDID 4301699" }, "geometry": { "type": "Point", "coordinates": [ -108.51645, 39.76271 ] } },
{ "type": "Feature", "properties": { "c": "nhd_spring", "n": "", "d": "USGS topo spring (may be dry)" }, "geometry": { "type": "Point", "coordinates": [ -108.51651, 39.76282 ] } },
{ "type": "Feature", "properties": { "c": "cdss_spring", "n": "MOBIL SPRING NO. 12", "d": "Decreed spring · WDID 4301874" }, "geometry": { "type": "Point", "coordinates": [ -108.51651, 39.76284 ] } },
{ "type": "Feature", "properties": { "c": "cdss_spring", "n": "TRACT C-A S-470", "d": "Decreed spring · WDID 4301698" }, "geometry": { "type": "Point", "coordinates": [ -108.51417, 39.76472 ] } },
{ "type": "Feature", "properties": { "c": "nhd_spring", "n": "", "d": "USGS topo spring (may be dry)" }, "geometry": { "type": "Point", "coordinates": [ -108.51437, 39.76474 ] } },
{ "type": "Feature", "properties": { "c": "cdss_spring", "n": "MOBIL SPRING NO. 13", "d": "Decreed spring · WDID 4301875" }, "geometry": { "type": "Point", "coordinates": [ -108.51449, 39.76479 ] } },
{ "type": "Feature", "properties": { "c": "cdss_spring", "n": "BLM SPRING 174-78", "d": "Decreed spring · WDID 4301420" }, "geometry": { "type": "Point", "coordinates": [ -108.54243, 39.76661 ] } },
{ "type": "Feature", "properties": { "c": "cdss_spring", "n": "BLM SPRING 174-76", "d": "Decreed spring · WDID 4301722" }, "geometry": { "type": "Point", "coordinates": [ -108.54337, 39.78066 ] } },
{ "type": "Feature", "properties": { "c": "cdss_spring", "n": "RYAN SPRING 1", "d": "Decreed spring · WDID 4301163" }, "geometry": { "type": "Point", "coordinates": [ -108.54234, 39.78079 ] } },
{ "type": "Feature", "properties": { "c": "cdss_spring", "n": "BLM SPRING 174-20", "d": "Decreed spring · WDID 4301716" }, "geometry": { "type": "Point", "coordinates": [ -108.54213, 39.78175 ] } },
{ "type": "Feature", "properties": { "c": "nhd_spring", "n": "", "d": "USGS topo spring (may be dry)" }, "geometry": { "type": "Point", "coordinates": [ -108.52295, 39.7831 ] } },
{ "type": "Feature", "properties": { "c": "cdss_spring", "n": "BLM SPRING 174-75", "d": "Decreed spring · WDID 4301721" }, "geometry": { "type": "Point", "coordinates": [ -108.53838, 39.78799 ] } },
{ "type": "Feature", "properties": { "c": "cdss_spring", "n": "BLM SPRING 174-38", "d": "Decreed spring · WDID 4301165" }, "geometry": { "type": "Point", "coordinates": [ -108.54966, 39.76541 ] } },
{ "type": "Feature", "properties": { "c": "cdss_spring", "n": "BLM SPRING 174-77", "d": "Decreed spring · WDID 4301419" }, "geometry": { "type": "Point", "coordinates": [ -108.54456, 39.7658 ] } },
{ "type": "Feature", "properties": { "c": "cdss_spring", "n": "BLM SPRING 174-36", "d": "Decreed spring · WDID 4301479" }, "geometry": { "type": "Point", "coordinates": [ -108.547, 39.76581 ] } },
{ "type": "Feature", "properties": { "c": "cdss_spring", "n": "BLM SPRING 174-37", "d": "Decreed spring · WDID 4301518" }, "geometry": { "type": "Point", "coordinates": [ -108.54806, 39.76596 ] } },
{ "type": "Feature", "properties": { "c": "cdss_spring", "n": "BLM SPRING 174-80", "d": "Decreed spring · WDID 4301522" }, "geometry": { "type": "Point", "coordinates": [ -108.5748, 39.77812 ] } },
{ "type": "Feature", "properties": { "c": "cdss_spring", "n": "BLM SPRING 174-19", "d": "Decreed spring · WDID 4301715" }, "geometry": { "type": "Point", "coordinates": [ -108.5502, 39.78325 ] } },
{ "type": "Feature", "properties": { "c": "cdss_spring", "n": "RYAN SPRING 2", "d": "Decreed spring · WDID 4301184" }, "geometry": { "type": "Point", "coordinates": [ -108.5502, 39.78338 ] } },
{ "type": "Feature", "properties": { "c": "cdss_spring", "n": "BLM SPRING 174-59", "d": "Decreed spring · WDID 4301719" }, "geometry": { "type": "Point", "coordinates": [ -108.55447, 39.78757 ] } },
{ "type": "Feature", "properties": { "c": "cdss_spring", "n": "BLM SPRING 174-74", "d": "Decreed spring · WDID 4301720" }, "geometry": { "type": "Point", "coordinates": [ -108.55198, 39.78945 ] } },
{ "type": "Feature", "properties": { "c": "cdss_spring", "n": "CORRAL SPG", "d": "Decreed spring · WDID 4302253" }, "geometry": { "type": "Point", "coordinates": [ -108.56813, 39.79496 ] } },
{ "type": "Feature", "properties": { "c": "cdss_pond", "n": "PARADISE RESERVOIR", "d": "Decreed stock pond · WDID 7003601" }, "geometry": { "type": "Point", "coordinates": [ -108.16484, 39.35419 ] } },
{ "type": "Feature", "properties": { "c": "cdss_pond", "n": "UNA DIVERSION AND RES", "d": "Decreed stock pond · WDID 7000644" }, "geometry": { "type": "Point", "coordinates": [ -108.1602, 39.35976 ] } },
{ "type": "Feature", "properties": { "c": "cdss_pond", "n": "UNA RESERVOIR", "d": "Decreed stock pond · WDID 7003609" }, "geometry": { "type": "Point", "coordinates": [ -108.1602, 39.35976 ] } },
{ "type": "Feature", "properties": { "c": "cdss_pond", "n": "GOLDSMITH RESERVOIR NO 1", "d": "Decreed stock pond · WDID 3903557" }, "geometry": { "type": "Point", "coordinates": [ -108.15354, 39.36936 ] } },
{ "type": "Feature", "properties": { "c": "cdss_pond", "n": "SMITH GULCH RESERVOIR", "d": "Decreed stock pond · WDID 3903951" }, "geometry": { "type": "Point", "coordinates": [ -108.13058, 39.39852 ] } },
{ "type": "Feature", "properties": { "c": "cdss_spring", "n": "LOGAN WASH MINE NO 3-C", "d": "Decreed spring · WDID 7005105" }, "geometry": { "type": "Point", "coordinates": [ -108.16604, 39.41121 ] } },
{ "type": "Feature", "properties": { "c": "cdss_spring", "n": "SPRING G-7962902-1", "d": "Decreed spring · WDID 3905519" }, "geometry": { "type": "Point", "coordinates": [ -108.13536, 39.41323 ] } },
{ "type": "Feature", "properties": { "c": "cdss_spring", "n": "SPRING G-7962902-2", "d": "Decreed spring · WDID 3905520" }, "geometry": { "type": "Point", "coordinates": [ -108.13536, 39.41323 ] } },
{ "type": "Feature", "properties": { "c": "cdss_pond", "n": "ETTER LAKE", "d": "Decreed stock pond · WDID 7203979" }, "geometry": { "type": "Point", "coordinates": [ -108.23123, 39.28943 ] } },
{ "type": "Feature", "properties": { "c": "cdss_pond", "n": "ETTER LAKE", "d": "Decreed stock pond · WDID 4503697" }, "geometry": { "type": "Point", "coordinates": [ -108.23037, 39.29245 ] } },
{ "type": "Feature", "properties": { "c": "cdss_pond", "n": "VIRGINIA MESA RESERVOIR", "d": "Decreed stock pond · WDID 7204092" }, "geometry": { "type": "Point", "coordinates": [ -108.24044, 39.30461 ] } },
{ "type": "Feature", "properties": { "c": "cdss_pond", "n": "LENA ANN RESERVOIR", "d": "Decreed stock pond · WDID 7204076" }, "geometry": { "type": "Point", "coordinates": [ -108.23545, 39.31084 ] } },
{ "type": "Feature", "properties": { "c": "cdss_spring", "n": "LOGAN WASH PUMP NO 1", "d": "Decreed spring · WDID 7000637" }, "geometry": { "type": "Point", "coordinates": [ -108.25297, 39.3655 ] } },
{ "type": "Feature", "properties": { "c": "cdss_pond", "n": "GETTY RESERVOIR NO 2", "d": "Decreed stock pond · WDID 7003596" }, "geometry": { "type": "Point", "coordinates": [ -108.24144, 39.36784 ] } },
{ "type": "Feature", "properties": { "c": "cdss_pond", "n": "GETTY RESERVOIR NO 1", "d": "Decreed stock pond · WDID 7003595" }, "geometry": { "type": "Point", "coordinates": [ -108.2207, 39.36939 ] } },
{ "type": "Feature", "properties": { "c": "cdss_pond", "n": "MT LOGAN DAM & RESERVOIR", "d": "Decreed stock pond · WDID 7003599" }, "geometry": { "type": "Point", "coordinates": [ -108.24431, 39.39249 ] } },
{ "type": "Feature", "properties": { "c": "cdss_spring", "n": "CITIES SERVICE SPG 16", "d": "Decreed spring · WDID 7005152" }, "geometry": { "type": "Point", "coordinates": [ -108.25496, 39.45846 ] } },
{ "type": "Feature", "properties": { "c": "nhd_spring", "n": "", "d": "USGS topo spring (may be dry)" }, "geometry": { "type": "Point", "coordinates": [ -108.24823, 39.48064 ] } },
{ "type": "Feature", "properties": { "c": "cdss_spring", "n": "BAKER SPRINGS", "d": "Decreed spring · WDID 4501048" }, "geometry": { "type": "Point", "coordinates": [ -108.09816, 39.39197 ] } },
{ "type": "Feature", "properties": { "c": "cdss_spring", "n": "WISSLER PUMP & PIPELINE", "d": "Decreed spring · WDID 4501171" }, "geometry": { "type": "Point", "coordinates": [ -108.09219, 39.39374 ] } },
{ "type": "Feature", "properties": { "c": "cdss_spring", "n": "WISSLER POND", "d": "Decreed spring · WDID 4503550" }, "geometry": { "type": "Point", "coordinates": [ -108.09223, 39.39396 ] } },
{ "type": "Feature", "properties": { "c": "cdss_spring", "n": "ZEISBERRY DITCH", "d": "Decreed spring · WDID 4501169" }, "geometry": { "type": "Point", "coordinates": [ -108.09271, 39.39461 ] } },
{ "type": "Feature", "properties": { "c": "cdss_spring", "n": "ZEISBERRY POND", "d": "Decreed spring · WDID 4503547" }, "geometry": { "type": "Point", "coordinates": [ -108.09157, 39.39582 ] } },
{ "type": "Feature", "properties": { "c": "cdss_pond", "n": "BATTLEMENT MESA POND", "d": "Decreed stock pond · WDID 4505409" }, "geometry": { "type": "Point", "coordinates": [ -108.0608, 39.42458 ] } },
{ "type": "Feature", "properties": { "c": "cdss_pond", "n": "PALMER IRRIGATION POND", "d": "Decreed stock pond · WDID 4508218" }, "geometry": { "type": "Point", "coordinates": [ -108.06779, 39.42496 ] } },
{ "type": "Feature", "properties": { "c": "cdss_pond", "n": "PALMER POND IRRIGATION PUMP", "d": "Decreed stock pond · WDID 4508216" }, "geometry": { "type": "Point", "coordinates": [ -108.06779, 39.42496 ] } },
{ "type": "Feature", "properties": { "c": "cdss_pond", "n": "TAYLOR POND-WELL", "d": "Decreed stock pond · WDID 4508065" }, "geometry": { "type": "Point", "coordinates": [ -108.07215, 39.42519 ] } },
{ "type": "Feature", "properties": { "c": "cdss_pond", "n": "METCALF POND WELL", "d": "Decreed stock pond · WDID 4503571" }, "geometry": { "type": "Point", "coordinates": [ -108.06517, 39.42574 ] } },
{ "type": "Feature", "properties": { "c": "cdss_pond", "n": "GARFIELD SCHOOL DIST POND", "d": "Decreed stock pond · WDID 3903578" }, "geometry": { "type": "Point", "coordinates": [ -108.05814, 39.44417 ] } },
{ "type": "Feature", "properties": { "c": "nhd_spring", "n": "Mount Callahan Spring", "d": "USGS topo spring (may be dry)" }, "geometry": { "type": "Point", "coordinates": [ -108.09658, 39.45226 ] } },
{ "type": "Feature", "properties": { "c": "cdss_spring", "n": "CALLAHAN MOUNTAIN SPRING", "d": "Decreed spring · WDID 3905607" }, "geometry": { "type": "Point", "coordinates": [ -108.09861, 39.4536 ] } },
{ "type": "Feature", "properties": { "c": "cdss_spring", "n": "SPRING G-7962901-1", "d": "Decreed spring · WDID 3905521" }, "geometry": { "type": "Point", "coordinates": [ -108.13902, 39.41315 ] } },
{ "type": "Feature", "properties": { "c": "cdss_spring", "n": "SPRING G-7963004-1", "d": "Decreed spring · WDID 3905522" }, "geometry": { "type": "Point", "coordinates": [ -108.1427, 39.41309 ] } },
{ "type": "Feature", "properties": { "c": "cdss_spring", "n": "LOGAN WASH MINE", "d": "Decreed spring · WDID 7005104" }, "geometry": { "type": "Point", "coordinates": [ -108.16136, 39.41484 ] } },
{ "type": "Feature", "properties": { "c": "cdss_spring", "n": "SECTION 25 SPRING", "d": "Decreed spring · WDID 7005063" }, "geometry": { "type": "Point", "coordinates": [ -108.16135, 39.41846 ] } },
{ "type": "Feature", "properties": { "c": "cdss_spring", "n": "LW-27 WELL", "d": "Decreed spring · WDID 7005106" }, "geometry": { "type": "Point", "coordinates": [ -108.16135, 39.42205 ] } },
{ "type": "Feature", "properties": { "c": "cdss_spring", "n": "SERENE SPRING", "d": "Decreed spring · WDID 3905440" }, "geometry": { "type": "Point", "coordinates": [ -108.16613, 39.44365 ] } },
{ "type": "Feature", "properties": { "c": "nhd_spring", "n": "Pritchard Spring", "d": "USGS topo spring (may be dry)" }, "geometry": { "type": "Point", "coordinates": [ -108.18227, 39.44582 ] } },
{ "type": "Feature", "properties": { "c": "nhd_spring", "n": "", "d": "USGS topo spring (may be dry)" }, "geometry": { "type": "Point", "coordinates": [ -108.173, 39.44613 ] } },
{ "type": "Feature", "properties": { "c": "cdss_spring", "n": "BEAR SPRING", "d": "Decreed spring · WDID 3905442" }, "geometry": { "type": "Point", "coordinates": [ -108.17082, 39.44728 ] } },
{ "type": "Feature", "properties": { "c": "cdss_spring", "n": "ELK SPRING", "d": "Decreed spring · WDID 3905441" }, "geometry": { "type": "Point", "coordinates": [ -108.17546, 39.44728 ] } },
{ "type": "Feature", "properties": { "c": "cdss_spring", "n": "SHELL SPRING NO 1", "d": "Decreed spring · WDID 7005246" }, "geometry": { "type": "Point", "coordinates": [ -108.18012, 39.44729 ] } },
{ "type": "Feature", "properties": { "c": "nhd_spring", "n": "", "d": "USGS topo spring (may be dry)" }, "geometry": { "type": "Point", "coordinates": [ -108.16389, 39.44968 ] } },
{ "type": "Feature", "properties": { "c": "cdss_spring", "n": "SHELL SPRING NO 6", "d": "Decreed spring · WDID 3905501" }, "geometry": { "type": "Point", "coordinates": [ -108.1615, 39.45091 ] } },
{ "type": "Feature", "properties": { "c": "cdss_spring", "n": "SHELL SPRING NO 7", "d": "Decreed spring · WDID 3905502" }, "geometry": { "type": "Point", "coordinates": [ -108.1615, 39.45091 ] } },
{ "type": "Feature", "properties": { "c": "cdss_spring", "n": "SOUTH DAM SPRING", "d": "Decreed spring · WDID 3905443" }, "geometry": { "type": "Point", "coordinates": [ -108.17084, 39.45091 ] } },
{ "type": "Feature", "properties": { "c": "nhd_spring", "n": "", "d": "USGS topo spring (may be dry)" }, "geometry": { "type": "Point", "coordinates": [ -108.17185, 39.45097 ] } },
{ "type": "Feature", "properties": { "c": "cdss_spring", "n": "SECTION 8 SPRING", "d": "Decreed spring · WDID 3906041" }, "geometry": { "type": "Point", "coordinates": [ -108.12466, 39.45717 ] } },
{ "type": "Feature", "properties": { "c": "cdss_spring", "n": "KD SPRING", "d": "Decreed spring · WDID 3906045" }, "geometry": { "type": "Point", "coordinates": [ -108.13839, 39.45721 ] } },
{ "type": "Feature", "properties": { "c": "cdss_spring", "n": "SHELL SPRING NO 5", "d": "Decreed spring · WDID 3905500" }, "geometry": { "type": "Point", "coordinates": [ -108.17085, 39.45815 ] } },
{ "type": "Feature", "properties": { "c": "cdss_spring", "n": "SHELL SPRING NO 2", "d": "Decreed spring · WDID 7005247" }, "geometry": { "type": "Point", "coordinates": [ -108.18945, 39.45818 ] } },
{ "type": "Feature", "properties": { "c": "nhd_spring", "n": "", "d": "USGS topo spring (may be dry)" }, "geometry": { "type": "Point", "coordinates": [ -108.17064, 39.46403 ] } },
{ "type": "Feature", "properties": { "c": "nhd_spring", "n": "", "d": "USGS topo spring (may be dry)" }, "geometry": { "type": "Point", "coordinates": [ -108.16826, 39.46941 ] } },
{ "type": "Feature", "properties": { "c": "cdss_pond", "n": "HAYSTACK MOUNTAIN POND 3", "d": "Decreed stock pond · WDID 3903621" }, "geometry": { "type": "Point", "coordinates": [ -108.1762, 39.47352 ] } },
{ "type": "Feature", "properties": { "c": "cdss_spring", "n": "STARKEY SPRING", "d": "Decreed spring · WDID 3906044" }, "geometry": { "type": "Point", "coordinates": [ -108.13417, 39.47492 ] } },
{ "type": "Feature", "properties": { "c": "cdss_pond", "n": "HAYSTACK MOUNTAIN POND 2", "d": "Decreed stock pond · WDID 3903620" }, "geometry": { "type": "Point", "coordinates": [ -108.17593, 39.47409 ] } },
{ "type": "Feature", "properties": { "c": "nhd_spring", "n": "", "d": "USGS topo spring (may be dry)" }, "geometry": { "type": "Point", "coordinates": [ -108.16662, 39.4762 ] } },
{ "type": "Feature", "properties": { "c": "cdss_pond", "n": "HAYSTACK MOUNTIAN POND 1", "d": "Decreed stock pond · WDID 3903619" }, "geometry": { "type": "Point", "coordinates": [ -108.17546, 39.47603 ] } },
{ "type": "Feature", "properties": { "c": "cdss_pond", "n": "SOUTH STARKEY GULCH RES", "d": "Decreed stock pond · WDID 3903546" }, "geometry": { "type": "Point", "coordinates": [ -108.1343, 39.47854 ] } },
{ "type": "Feature", "properties": { "c": "nhd_spring", "n": "", "d": "USGS topo spring (may be dry)" }, "geometry": { "type": "Point", "coordinates": [ -108.14698, 39.47857 ] } },
{ "type": "Feature", "properties": { "c": "cdss_pond", "n": "STARKEY GULCH RESERVOIR", "d": "Decreed stock pond · WDID 3903952" }, "geometry": { "type": "Point", "coordinates": [ -108.14873, 39.47857 ] } },
{ "type": "Feature", "properties": { "c": "cdss_spring", "n": "REDROCK CANYON SPG DEV", "d": "Decreed spring · WDID 7205312" }, "geometry": { "type": "Point", "coordinates": [ -108.43238, 39.27169 ] } },
{ "type": "Feature", "properties": { "c": "cdss_spring", "n": "ROCKPILE SPRING", "d": "Decreed spring · WDID 7205211" }, "geometry": { "type": "Point", "coordinates": [ -108.43238, 39.27169 ] } },
{ "type": "Feature", "properties": { "c": "cdss_pond", "n": "LONE CABIN RESERVOIR", "d": "Decreed stock pond · WDID 7203786" }, "geometry": { "type": "Point", "coordinates": [ -108.42613, 39.28881 ] } },
{ "type": "Feature", "properties": { "c": "cdss_pond", "n": "RED ROCK RESERVOIR", "d": "Decreed stock pond · WDID 7203815" }, "geometry": { "type": "Point", "coordinates": [ -108.42754, 39.28961 ] } },
{ "type": "Feature", "properties": { "c": "cdss_spring", "n": "BLM HOMESTEAD SPRING", "d": "Decreed spring · WDID 7005285" }, "geometry": { "type": "Point", "coordinates": [ -108.43551, 39.32505 ] } },
{ "type": "Feature", "properties": { "c": "nhd_spring", "n": "", "d": "USGS topo spring (may be dry)" }, "geometry": { "type": "Point", "coordinates": [ -108.41276, 39.33366 ] } },
{ "type": "Feature", "properties": { "c": "nhd_spring", "n": "", "d": "USGS topo spring (may be dry)" }, "geometry": { "type": "Point", "coordinates": [ -108.43565, 39.3527 ] } },
{ "type": "Feature", "properties": { "c": "cdss_spring", "n": "LATHAM SPRING", "d": "Decreed spring · WDID 7005315" }, "geometry": { "type": "Point", "coordinates": [ -108.43594, 39.35288 ] } },
{ "type": "Feature", "properties": { "c": "cdss_pond", "n": "LATHAM RESERVOIR", "d": "Decreed stock pond · WDID 7003501" }, "geometry": { "type": "Point", "coordinates": [ -108.46723, 39.35778 ] } },
{ "type": "Feature", "properties": { "c": "cdss_spring", "n": "WILLOW SPRINGS", "d": "Decreed spring · WDID 7005281" }, "geometry": { "type": "Point", "coordinates": [ -108.41703, 39.36858 ] } },
{ "type": "Feature", "properties": { "c": "cdss_pond", "n": "FURR POND NO 12", "d": "Decreed stock pond · WDID 7003631" }, "geometry": { "type": "Point", "coordinates": [ -108.30759, 39.37138 ] } },
{ "type": "Feature", "properties": { "c": "cdss_pond", "n": "FURR POND NO 15", "d": "Decreed stock pond · WDID 7003634" }, "geometry": { "type": "Point", "coordinates": [ -108.30635, 39.37142 ] } },
{ "type": "Feature", "properties": { "c": "cdss_pond", "n": "FURR POND NO 13", "d": "Decreed stock pond · WDID 7003632" }, "geometry": { "type": "Point", "coordinates": [ -108.30738, 39.37146 ] } },
{ "type": "Feature", "properties": { "c": "cdss_pond", "n": "FURR POND NOS 1-19", "d": "Decreed stock pond · WDID 7003639" }, "geometry": { "type": "Point", "coordinates": [ -108.30759, 39.3722 ] } },
{ "type": "Feature", "properties": { "c": "cdss_pond", "n": "FURR PONDS AUG PLAN", "d": "Decreed stock pond · WDID 7007244" }, "geometry": { "type": "Point", "coordinates": [ -108.30759, 39.3722 ] } },
{ "type": "Feature", "properties": { "c": "cdss_pond", "n": "FURR POND NO 10", "d": "Decreed stock pond · WDID 7003629" }, "geometry": { "type": "Point", "coordinates": [ -108.30892, 39.37226 ] } },
{ "type": "Feature", "properties": { "c": "cdss_pond", "n": "FURR POND NO 11", "d": "Decreed stock pond · WDID 7003630" }, "geometry": { "type": "Point", "coordinates": [ -108.30757, 39.37252 ] } },
{ "type": "Feature", "properties": { "c": "cdss_pond", "n": "FURR POND NO 9", "d": "Decreed stock pond · WDID 7003628" }, "geometry": { "type": "Point", "coordinates": [ -108.30898, 39.37278 ] } },
{ "type": "Feature", "properties": { "c": "cdss_pond", "n": "FURR POND NO 7", "d": "Decreed stock pond · WDID 7003626" }, "geometry": { "type": "Point", "coordinates": [ -108.31064, 39.37328 ] } },
{ "type": "Feature", "properties": { "c": "cdss_pond", "n": "FURR POND NO 6", "d": "Decreed stock pond · WDID 7003625" }, "geometry": { "type": "Point", "coordinates": [ -108.31217, 39.37346 ] } },
{ "type": "Feature", "properties": { "c": "cdss_pond", "n": "FURR POND NO 8", "d": "Decreed stock pond · WDID 7003627" }, "geometry": { "type": "Point", "coordinates": [ -108.30947, 39.37366 ] } },
{ "type": "Feature", "properties": { "c": "cdss_pond", "n": "FURR POND NO 5", "d": "Decreed stock pond · WDID 7003624" }, "geometry": { "type": "Point", "coordinates": [ -108.311, 39.37436 ] } },
{ "type": "Feature", "properties": { "c": "cdss_pond", "n": "FURR POND NO 1", "d": "Decreed stock pond · WDID 7003620" }, "geometry": { "type": "Point", "coordinates": [ -108.31377, 39.37473 ] } },
{ "type": "Feature", "properties": { "c": "cdss_pond", "n": "FURR POND NO 4", "d": "Decreed stock pond · WDID 7003623" }, "geometry": { "type": "Point", "coordinates": [ -108.31289, 39.37478 ] } },
{ "type": "Feature", "properties": { "c": "cdss_pond", "n": "FURR POND NO 2", "d": "Decreed stock pond · WDID 7003621" }, "geometry": { "type": "Point", "coordinates": [ -108.31328, 39.37488 ] } },
{ "type": "Feature", "properties": { "c": "cdss_pond", "n": "FURR POND NO 3", "d": "Decreed stock pond · WDID 7003622" }, "geometry": { "type": "Point", "coordinates": [ -108.31228, 39.37506 ] } },
{ "type": "Feature", "properties": { "c": "cdss_pond", "n": "ROAN CREEK RESERVOIR ENL", "d": "Decreed stock pond · WDID 7003611" }, "geometry": { "type": "Point", "coordinates": [ -108.2623, 39.38361 ] } },
{ "type": "Feature", "properties": { "c": "cdss_spring", "n": "LOGAN WASH WELL", "d": "Decreed spring · WDID 7005114" }, "geometry": { "type": "Point", "coordinates": [ -108.26808, 39.39347 ] } },
{ "type": "Feature", "properties": { "c": "cdss_pond", "n": "LONG POINT RESERVOIR", "d": "Decreed stock pond · WDID 7003598" }, "geometry": { "type": "Point", "coordinates": [ -108.27252, 39.41159 ] } },
{ "type": "Feature", "properties": { "c": "cdss_pond", "n": "ROAN CREEK RESERVOIR", "d": "Decreed stock pond · WDID 7003602" }, "geometry": { "type": "Point", "coordinates": [ -108.27369, 39.41248 ] } },
{ "type": "Feature", "properties": { "c": "nhd_spring", "n": "Willow Spring", "d": "USGS topo spring (may be dry)" }, "geometry": { "type": "Point", "coordinates": [ -108.41498, 39.36935 ] } },
{ "type": "Feature", "properties": { "c": "nhd_spring", "n": "", "d": "USGS topo spring (may be dry)" }, "geometry": { "type": "Point", "coordinates": [ -108.46678, 39.38962 ] } },
{ "type": "Feature", "properties": { "c": "cdss_spring", "n": "BORREGO SPRING", "d": "Decreed spring · WDID 7005257" }, "geometry": { "type": "Point", "coordinates": [ -108.46842, 39.39022 ] } },
{ "type": "Feature", "properties": { "c": "cdss_pond", "n": "ENERWEST RESERVOIR NO 1", "d": "Decreed stock pond · WDID 7003610" }, "geometry": { "type": "Point", "coordinates": [ -108.41586, 39.40555 ] } },
{ "type": "Feature", "properties": { "c": "cdss_spring", "n": "HIGH LONESOME SPRING NO. 1", "d": "Decreed spring · WDID 7005305" }, "geometry": { "type": "Point", "coordinates": [ -108.4171, 39.41185 ] } },
{ "type": "Feature", "properties": { "c": "cdss_pond", "n": "BOLDT RESERVOIR", "d": "Decreed stock pond · WDID 7003589" }, "geometry": { "type": "Point", "coordinates": [ -108.41659, 39.41203 ] } },
{ "type": "Feature", "properties": { "c": "cdss_pond", "n": "CROSSING POND", "d": "Decreed stock pond · WDID 7003516" }, "geometry": { "type": "Point", "coordinates": [ -108.41246, 39.41328 ] } },
{ "type": "Feature", "properties": { "c": "cdss_pond", "n": "POND GROUP NO. 2", "d": "Decreed stock pond · WDID 7003521" }, "geometry": { "type": "Point", "coordinates": [ -108.4673, 39.41528 ] } },
{ "type": "Feature", "properties": { "c": "cdss_pond", "n": "LOVELESS POND", "d": "Decreed stock pond · WDID 7003517" }, "geometry": { "type": "Point", "coordinates": [ -108.42644, 39.41908 ] } },
{ "type": "Feature", "properties": { "c": "cdss_spring", "n": "HIGH LONESOME SPRING NO. 2", "d": "Decreed spring · WDID 7005306" }, "geometry": { "type": "Point", "coordinates": [ -108.42644, 39.41911 ] } },
{ "type": "Feature", "properties": { "c": "cdss_pond", "n": "OMUNDSON AND FROST RES", "d": "Decreed stock pond · WDID 7003600" }, "geometry": { "type": "Point", "coordinates": [ -108.32945, 39.37927 ] } },
{ "type": "Feature", "properties": { "c": "cdss_pond", "n": "REARING POND NO. 1", "d": "Decreed stock pond · WDID 7003515" }, "geometry": { "type": "Point", "coordinates": [ -108.36596, 39.3904 ] } },
{ "type": "Feature", "properties": { "c": "cdss_spring", "n": "COTTONWOOD SPRING", "d": "Decreed spring · WDID 7005261" }, "geometry": { "type": "Point", "coordinates": [ -108.35181, 39.39722 ] } },
{ "type": "Feature", "properties": { "c": "cdss_pond", "n": "KIMBALL CREEK RANCH SEDIMENTATION DAM 2", "d": "Decreed stock pond · WDID 7003530" }, "geometry": { "type": "Point", "coordinates": [ -108.37324, 39.44319 ] } },
{ "type": "Feature", "properties": { "c": "cdss_pond", "n": "KIMBALL CREEK RANCH SEDIMENTATION DAM 1", "d": "Decreed stock pond · WDID 7003529" }, "geometry": { "type": "Point", "coordinates": [ -108.36803, 39.44338 ] } },
{ "type": "Feature", "properties": { "c": "cdss_pond", "n": "KIMBALL CREEK RANCH SEDIMENTATION DAM 4", "d": "Decreed stock pond · WDID 7003532" }, "geometry": { "type": "Point", "coordinates": [ -108.39153, 39.44296 ] } },
{ "type": "Feature", "properties": { "c": "cdss_pond", "n": "KIMBALL CREEK RANCH SEDIMENTATION DAM 3", "d": "Decreed stock pond · WDID 7003531" }, "geometry": { "type": "Point", "coordinates": [ -108.38162, 39.44342 ] } },
{ "type": "Feature", "properties": { "c": "cdss_pond", "n": "KIMBALL CREEK RANCH SEDIMENTATION DAM 5", "d": "Decreed stock pond · WDID 7003533" }, "geometry": { "type": "Point", "coordinates": [ -108.39426, 39.44468 ] } },
{ "type": "Feature", "properties": { "c": "cdss_pond", "n": "KIMBALL CREEK RANCH POND B", "d": "Decreed stock pond · WDID 7003525" }, "geometry": { "type": "Point", "coordinates": [ -108.39687, 39.44555 ] } },
{ "type": "Feature", "properties": { "c": "cdss_pond", "n": "KIMBALL CREEK RANCH SEDIMENTATION DAM 6", "d": "Decreed stock pond · WDID 7003534" }, "geometry": { "type": "Point", "coordinates": [ -108.39633, 39.44767 ] } },
{ "type": "Feature", "properties": { "c": "cdss_pond", "n": "POND GROUP NO. 1", "d": "Decreed stock pond · WDID 7003520" }, "geometry": { "type": "Point", "coordinates": [ -108.43628, 39.42147 ] } },
{ "type": "Feature", "properties": { "c": "cdss_spring", "n": "CASTLE SPRING", "d": "Decreed spring · WDID 7005029" }, "geometry": { "type": "Point", "coordinates": [ -108.4124, 39.44074 ] } },
{ "type": "Feature", "properties": { "c": "nhd_spring", "n": "", "d": "USGS topo spring (may be dry)" }, "geometry": { "type": "Point", "coordinates": [ -108.45284, 39.44397 ] } },
{ "type": "Feature", "properties": { "c": "cdss_spring", "n": "EAST COW SPRING", "d": "Decreed spring · WDID 7005263" }, "geometry": { "type": "Point", "coordinates": [ -108.45439, 39.44451 ] } },
{ "type": "Feature", "properties": { "c": "cdss_spring", "n": "PUMP SPRING", "d": "Decreed spring · WDID 7005058" }, "geometry": { "type": "Point", "coordinates": [ -108.4356, 39.45891 ] } },
{ "type": "Feature", "properties": { "c": "nhd_spring", "n": "", "d": "USGS topo spring (may be dry)" }, "geometry": { "type": "Point", "coordinates": [ -108.44266, 39.48417 ] } },
{ "type": "Feature", "properties": { "c": "nhd_spring", "n": "", "d": "USGS topo spring (may be dry)" }, "geometry": { "type": "Point", "coordinates": [ -108.43791, 39.4845 ] } },
{ "type": "Feature", "properties": { "c": "nhd_spring", "n": "", "d": "USGS topo spring (may be dry)" }, "geometry": { "type": "Point", "coordinates": [ -108.44865, 39.48527 ] } },
{ "type": "Feature", "properties": { "c": "nhd_spring", "n": "", "d": "USGS topo spring (may be dry)" }, "geometry": { "type": "Point", "coordinates": [ -108.45802, 39.48516 ] } },
{ "type": "Feature", "properties": { "c": "nhd_spring", "n": "McMullin Spring", "d": "USGS topo spring (may be dry)" }, "geometry": { "type": "Point", "coordinates": [ -108.4727, 39.48589 ] } },
{ "type": "Feature", "properties": { "c": "cdss_pond", "n": "KIMBALL CREEK RANCH POND A", "d": "Decreed stock pond · WDID 7003524" }, "geometry": { "type": "Point", "coordinates": [ -108.38505, 39.44855 ] } },
{ "type": "Feature", "properties": { "c": "cdss_pond", "n": "KIMBALL CREEK RANCH SEDIMENTATION DAM 7", "d": "Decreed stock pond · WDID 7003535" }, "geometry": { "type": "Point", "coordinates": [ -108.39769, 39.4485 ] } },
{ "type": "Feature", "properties": { "c": "cdss_pond", "n": "KIMBALL CREEK RANCH SEDIMENTATION DAM 9", "d": "Decreed stock pond · WDID 7003537" }, "geometry": { "type": "Point", "coordinates": [ -108.39986, 39.44883 ] } },
{ "type": "Feature", "properties": { "c": "cdss_pond", "n": "KIMBALL CREEK RANCH SEDIMENTATION DAM 8", "d": "Decreed stock pond · WDID 7003536" }, "geometry": { "type": "Point", "coordinates": [ -108.39843, 39.44894 ] } },
{ "type": "Feature", "properties": { "c": "cdss_pond", "n": "KIMBALL CREEK RANCH POND C", "d": "Decreed stock pond · WDID 7003526" }, "geometry": { "type": "Point", "coordinates": [ -108.40074, 39.44953 ] } },
{ "type": "Feature", "properties": { "c": "cdss_pond", "n": "KIMBALL CREEK RANCH POND D", "d": "Decreed stock pond · WDID 7003527" }, "geometry": { "type": "Point", "coordinates": [ -108.40435, 39.45063 ] } },
{ "type": "Feature", "properties": { "c": "cdss_pond", "n": "POND E FEEDER DITCH", "d": "Decreed stock pond · WDID 7000652" }, "geometry": { "type": "Point", "coordinates": [ -108.33511, 39.45451 ] } },
{ "type": "Feature", "properties": { "c": "cdss_pond", "n": "KIMBALL CREEK RANCH SEDIMENTATION DAM 10", "d": "Decreed stock pond · WDID 7003538" }, "geometry": { "type": "Point", "coordinates": [ -108.41156, 39.4542 ] } },
{ "type": "Feature", "properties": { "c": "cdss_pond", "n": "KIMBALL CREEK RANCH POND E", "d": "Decreed stock pond · WDID 7003528" }, "geometry": { "type": "Point", "coordinates": [ -108.32906, 39.45847 ] } },
{ "type": "Feature", "properties": { "c": "cdss_spring", "n": "TATER HILLS SPRING", "d": "Decreed spring · WDID 7005277" }, "geometry": { "type": "Point", "coordinates": [ -108.33738, 39.46606 ] } },
{ "type": "Feature", "properties": { "c": "cdss_spring", "n": "HILLSIDE SEEPS", "d": "Decreed spring · WDID 7005167" }, "geometry": { "type": "Point", "coordinates": [ -108.33734, 39.46971 ] } },
{ "type": "Feature", "properties": { "c": "nhd_spring", "n": "", "d": "USGS topo spring (may be dry)" }, "geometry": { "type": "Point", "coordinates": [ -108.37719, 39.47452 ] } },
{ "type": "Feature", "properties": { "c": "cdss_spring", "n": "D BRACKET D SPRING", "d": "Decreed spring · WDID 7000618" }, "geometry": { "type": "Point", "coordinates": [ -108.34274, 39.48616 ] } },
{ "type": "Feature", "properties": { "c": "cdss_pond", "n": "CNR RESERVOIR NO 1", "d": "Decreed stock pond · WDID 7003513" }, "geometry": { "type": "Point", "coordinates": [ -108.39309, 39.51495 ] } },
{ "type": "Feature", "properties": { "c": "cdss_spring", "n": "CNR SPRING NO 1", "d": "Decreed spring · WDID 7005295" }, "geometry": { "type": "Point", "coordinates": [ -108.38818, 39.52297 ] } },
{ "type": "Feature", "properties": { "c": "cdss_spring", "n": "SKINNER RIDGE SPG NO 14", "d": "Decreed spring · WDID 7005072" }, "geometry": { "type": "Point", "coordinates": [ -108.36597, 39.52394 ] } },
{ "type": "Feature", "properties": { "c": "nhd_spring", "n": "", "d": "USGS topo spring (may be dry)" }, "geometry": { "type": "Point", "coordinates": [ -108.34418, 39.53495 ] } },
{ "type": "Feature", "properties": { "c": "nhd_spring", "n": "", "d": "USGS topo spring (may be dry)" }, "geometry": { "type": "Point", "coordinates": [ -108.34439, 39.53684 ] } },
{ "type": "Feature", "properties": { "c": "cdss_spring", "n": "SKINNER RIDGE SPG NO 15", "d": "Decreed spring · WDID 7005073" }, "geometry": { "type": "Point", "coordinates": [ -108.37962, 39.53845 ] } },
{ "type": "Feature", "properties": { "c": "cdss_pond", "n": "CNR RESERVOIR NO 2", "d": "Decreed stock pond · WDID 7003514" }, "geometry": { "type": "Point", "coordinates": [ -108.40695, 39.5389 ] } },
{ "type": "Feature", "properties": { "c": "cdss_spring", "n": "PACIFIC SPRING NO 3", "d": "Decreed spring · WDID 7005137" }, "geometry": { "type": "Point", "coordinates": [ -108.29119, 39.50947 ] } },
{ "type": "Feature", "properties": { "c": "nhd_spring", "n": "", "d": "USGS topo spring (may be dry)" }, "geometry": { "type": "Point", "coordinates": [ -108.28993, 39.51 ] } },
{ "type": "Feature", "properties": { "c": "nhd_spring", "n": "", "d": "USGS topo spring (may be dry)" }, "geometry": { "type": "Point", "coordinates": [ -108.26353, 39.51248 ] } },
{ "type": "Feature", "properties": { "c": "cdss_spring", "n": "CITIES SERVICE SPG 14", "d": "Decreed spring · WDID 7005151" }, "geometry": { "type": "Point", "coordinates": [ -108.2645, 39.51378 ] } },
{ "type": "Feature", "properties": { "c": "cdss_spring", "n": "PACIFIC SPRING NO 5", "d": "Decreed spring · WDID 7005139" }, "geometry": { "type": "Point", "coordinates": [ -108.2645, 39.51378 ] } },
{ "type": "Feature", "properties": { "c": "nhd_spring", "n": "", "d": "USGS topo spring (may be dry)" }, "geometry": { "type": "Point", "coordinates": [ -108.28246, 39.51861 ] } },
{ "type": "Feature", "properties": { "c": "cdss_spring", "n": "PACIFIC SPRING NO 2", "d": "Decreed spring · WDID 7005136" }, "geometry": { "type": "Point", "coordinates": [ -108.28181, 39.52034 ] } },
{ "type": "Feature", "properties": { "c": "nhd_spring", "n": "", "d": "USGS topo spring (may be dry)" }, "geometry": { "type": "Point", "coordinates": [ -108.27528, 39.52966 ] } },
{ "type": "Feature", "properties": { "c": "cdss_spring", "n": "PACIFIC SPRING NO 1", "d": "Decreed spring · WDID 7005145" }, "geometry": { "type": "Point", "coordinates": [ -108.27715, 39.53109 ] } },
{ "type": "Feature", "properties": { "c": "cdss_pond", "n": "DEER PARK GULCH RES", "d": "Decreed stock pond · WDID 7003594" }, "geometry": { "type": "Point", "coordinates": [ -108.32037, 39.54101 ] } },
{ "type": "Feature", "properties": { "c": "nhd_spring", "n": "East Spring", "d": "USGS topo spring (may be dry)" }, "geometry": { "type": "Point", "coordinates": [ -108.48313, 39.48913 ] } },
{ "type": "Feature", "properties": { "c": "nhd_spring", "n": "", "d": "USGS topo spring (may be dry)" }, "geometry": { "type": "Point", "coordinates": [ -108.44988, 39.50664 ] } },
{ "type": "Feature", "properties": { "c": "cdss_spring", "n": "EBY SPRING", "d": "Decreed spring · WDID 7005293" }, "geometry": { "type": "Point", "coordinates": [ -108.43521, 39.51002 ] } },
{ "type": "Feature", "properties": { "c": "nhd_spring", "n": "", "d": "USGS topo spring (may be dry)" }, "geometry": { "type": "Point", "coordinates": [ -108.43703, 39.5309 ] } },
{ "type": "Feature", "properties": { "c": "cdss_spring", "n": "BRUSH MOUNTAIN SPG NO 9", "d": "Decreed spring · WDID 7005027" }, "geometry": { "type": "Point", "coordinates": [ -108.43519, 39.5317 ] } },
{ "type": "Feature", "properties": { "c": "cdss_spring", "n": "SHAW SPRING NO 3", "d": "Decreed spring · WDID 7005066" }, "geometry": { "type": "Point", "coordinates": [ -108.47721, 39.53536 ] } },
{ "type": "Feature", "properties": { "c": "nhd_spring", "n": "", "d": "USGS topo spring (may be dry)" }, "geometry": { "type": "Point", "coordinates": [ -108.45177, 39.53936 ] } },
{ "type": "Feature", "properties": { "c": "cdss_spring", "n": "SHAW SPRING NO 2", "d": "Decreed spring · WDID 7005065" }, "geometry": { "type": "Point", "coordinates": [ -108.47719, 39.53901 ] } },
{ "type": "Feature", "properties": { "c": "cdss_spring", "n": "SHAW SPRING NO 1", "d": "Decreed spring · WDID 7005064" }, "geometry": { "type": "Point", "coordinates": [ -108.47719, 39.53901 ] } },
{ "type": "Feature", "properties": { "c": "cdss_pond", "n": "CNR POND NO 5", "d": "Decreed stock pond · WDID 7003507" }, "geometry": { "type": "Point", "coordinates": [ -108.42103, 39.55331 ] } },
{ "type": "Feature", "properties": { "c": "cdss_spring", "n": "OWENS SPRING", "d": "Decreed spring · WDID 3906043" }, "geometry": { "type": "Point", "coordinates": [ -108.11508, 39.45701 ] } },
{ "type": "Feature", "properties": { "c": "cdss_spring", "n": "RILEY GULCH SPRING", "d": "Decreed spring · WDID 3906042" }, "geometry": { "type": "Point", "coordinates": [ -108.11989, 39.45699 ] } },
{ "type": "Feature", "properties": { "c": "cdss_spring", "n": "SPRING G-7960410-1", "d": "Decreed spring · WDID 3905518" }, "geometry": { "type": "Point", "coordinates": [ -108.11668, 39.46403 ] } },
{ "type": "Feature", "properties": { "c": "cdss_spring", "n": "SPRING G-7960406-3", "d": "Decreed spring · WDID 3905517" }, "geometry": { "type": "Point", "coordinates": [ -108.11623, 39.46763 ] } },
{ "type": "Feature", "properties": { "c": "cdss_spring", "n": "SPRING G-7960406-1", "d": "Decreed spring · WDID 3905515" }, "geometry": { "type": "Point", "coordinates": [ -108.11623, 39.46763 ] } },
{ "type": "Feature", "properties": { "c": "cdss_spring", "n": "SPRING G-7960406-2", "d": "Decreed spring · WDID 3905516" }, "geometry": { "type": "Point", "coordinates": [ -108.11623, 39.46763 ] } },
{ "type": "Feature", "properties": { "c": "cdss_pond", "n": "AMERICAN SODA STORM WATER RETENTION POND", "d": "Decreed stock pond · WDID 3903956" }, "geometry": { "type": "Point", "coordinates": [ -108.0853, 39.4728 ] } },
{ "type": "Feature", "properties": { "c": "cdss_pond", "n": "PUCKETT POND 2", "d": "Decreed stock pond · WDID 3903623" }, "geometry": { "type": "Point", "coordinates": [ -108.1202, 39.49278 ] } },
{ "type": "Feature", "properties": { "c": "cdss_pond", "n": "PUCKETT POND 1", "d": "Decreed stock pond · WDID 3903622" }, "geometry": { "type": "Point", "coordinates": [ -108.12624, 39.49767 ] } },
{ "type": "Feature", "properties": { "c": "cdss_pond", "n": "PUCKETT POND 3", "d": "Decreed stock pond · WDID 3903624" }, "geometry": { "type": "Point", "coordinates": [ -108.12314, 39.4985 ] } },
{ "type": "Feature", "properties": { "c": "nhd_spring", "n": "", "d": "USGS topo spring (may be dry)" }, "geometry": { "type": "Point", "coordinates": [ -108.16605, 39.48382 ] } },
{ "type": "Feature", "properties": { "c": "nhd_spring", "n": "", "d": "USGS topo spring (may be dry)" }, "geometry": { "type": "Point", "coordinates": [ -108.16936, 39.49275 ] } },
{ "type": "Feature", "properties": { "c": "cdss_pond", "n": "EAST HAYSTACK RESERVOIR", "d": "Decreed stock pond · WDID 3903625" }, "geometry": { "type": "Point", "coordinates": [ -108.167, 39.49322 ] } },
{ "type": "Feature", "properties": { "c": "nhd_spring", "n": "Hayward Spring", "d": "USGS topo spring (may be dry)" }, "geometry": { "type": "Point", "coordinates": [ -108.18643, 39.4937 ] } },
{ "type": "Feature", "properties": { "c": "cdss_pond", "n": "WEST HAYSTACK RESERVOIR", "d": "Decreed stock pond · WDID 7003539" }, "geometry": { "type": "Point", "coordinates": [ -108.18585, 39.49437 ] } },
{ "type": "Feature", "properties": { "c": "nhd_spring", "n": "", "d": "USGS topo spring (may be dry)" }, "geometry": { "type": "Point", "coordinates": [ -108.18743, 39.49811 ] } },
{ "type": "Feature", "properties": { "c": "cdss_spring", "n": "CRAWFORD SPRING", "d": "Decreed spring · WDID 3906046" }, "geometry": { "type": "Point", "coordinates": [ -108.14422, 39.49936 ] } },
{ "type": "Feature", "properties": { "c": "cdss_spring", "n": "MAYNARD SPRING", "d": "Decreed spring · WDID 3906048" }, "geometry": { "type": "Point", "coordinates": [ -108.13956, 39.50043 ] } },
{ "type": "Feature", "properties": { "c": "nhd_spring", "n": "", "d": "USGS topo spring (may be dry)" }, "geometry": { "type": "Point", "coordinates": [ -108.17148, 39.50214 ] } },
{ "type": "Feature", "properties": { "c": "cdss_spring", "n": "COLD SPRING", "d": "Decreed spring · WDID 3906047" }, "geometry": { "type": "Point", "coordinates": [ -108.14423, 39.503 ] } },
{ "type": "Feature", "properties": { "c": "nhd_spring", "n": "", "d": "USGS topo spring (may be dry)" }, "geometry": { "type": "Point", "coordinates": [ -108.19587, 39.49397 ] } },
{ "type": "Feature", "properties": { "c": "nhd_spring", "n": "", "d": "USGS topo spring (may be dry)" }, "geometry": { "type": "Point", "coordinates": [ -108.21734, 39.50076 ] } },
{ "type": "Feature", "properties": { "c": "nhd_spring", "n": "", "d": "USGS topo spring (may be dry)" }, "geometry": { "type": "Point", "coordinates": [ -108.25856, 39.50214 ] } },
{ "type": "Feature", "properties": { "c": "cdss_spring", "n": "PACIFIC SPRING NO 4", "d": "Decreed spring · WDID 7005138" }, "geometry": { "type": "Point", "coordinates": [ -108.25979, 39.50292 ] } },
{ "type": "Feature", "properties": { "c": "nhd_spring", "n": "", "d": "USGS topo spring (may be dry)" }, "geometry": { "type": "Point", "coordinates": [ -108.20587, 39.50772 ] } },
{ "type": "Feature", "properties": { "c": "cdss_spring", "n": "CITIES SERVICE SPG 38", "d": "Decreed spring · WDID 7005156" }, "geometry": { "type": "Point", "coordinates": [ -108.20372, 39.51027 ] } },
{ "type": "Feature", "properties": { "c": "nhd_spring", "n": "", "d": "USGS topo spring (may be dry)" }, "geometry": { "type": "Point", "coordinates": [ -108.20149, 39.51043 ] } },
{ "type": "Feature", "properties": { "c": "nhd_spring", "n": "", "d": "USGS topo spring (may be dry)" }, "geometry": { "type": "Point", "coordinates": [ -108.21021, 39.51189 ] } },
{ "type": "Feature", "properties": { "c": "nhd_spring", "n": "", "d": "USGS topo spring (may be dry)" }, "geometry": { "type": "Point", "coordinates": [ -108.20918, 39.51563 ] } },
{ "type": "Feature", "properties": { "c": "nhd_spring", "n": "", "d": "USGS topo spring (may be dry)" }, "geometry": { "type": "Point", "coordinates": [ -108.2091, 39.51606 ] } },
{ "type": "Feature", "properties": { "c": "nhd_spring", "n": "", "d": "USGS topo spring (may be dry)" }, "geometry": { "type": "Point", "coordinates": [ -108.17753, 39.50258 ] } },
{ "type": "Feature", "properties": { "c": "cdss_spring", "n": "SMITH SPRING", "d": "Decreed spring · WDID 3906049" }, "geometry": { "type": "Point", "coordinates": [ -108.13953, 39.50418 ] } },
{ "type": "Feature", "properties": { "c": "nhd_spring", "n": "", "d": "USGS topo spring (may be dry)" }, "geometry": { "type": "Point", "coordinates": [ -108.17017, 39.50345 ] } },
{ "type": "Feature", "properties": { "c": "nhd_spring", "n": "", "d": "USGS topo spring (may be dry)" }, "geometry": { "type": "Point", "coordinates": [ -108.17105, 39.50861 ] } },
{ "type": "Feature", "properties": { "c": "nhd_spring", "n": "", "d": "USGS topo spring (may be dry)" }, "geometry": { "type": "Point", "coordinates": [ -108.18307, 39.5084 ] } },
{ "type": "Feature", "properties": { "c": "nhd_spring", "n": "", "d": "USGS topo spring (may be dry)" }, "geometry": { "type": "Point", "coordinates": [ -108.18225, 39.50907 ] } },
{ "type": "Feature", "properties": { "c": "cdss_spring", "n": "NED'S SPRING", "d": "Decreed spring · WDID 3905720" }, "geometry": { "type": "Point", "coordinates": [ -108.19187, 39.51638 ] } },
{ "type": "Feature", "properties": { "c": "nhd_spring", "n": "", "d": "USGS topo spring (may be dry)" }, "geometry": { "type": "Point", "coordinates": [ -108.17786, 39.51832 ] } },
{ "type": "Feature", "properties": { "c": "nhd_spring", "n": "", "d": "USGS topo spring (may be dry)" }, "geometry": { "type": "Point", "coordinates": [ -108.19326, 39.51904 ] } },
{ "type": "Feature", "properties": { "c": "cdss_spring", "n": "MCKAY GULCH SPRING", "d": "Decreed spring · WDID 3905719" }, "geometry": { "type": "Point", "coordinates": [ -108.19332, 39.51922 ] } },
{ "type": "Feature", "properties": { "c": "nhd_spring", "n": "", "d": "USGS topo spring (may be dry)" }, "geometry": { "type": "Point", "coordinates": [ -108.06096, 39.51584 ] } },
{ "type": "Feature", "properties": { "c": "nhd_spring", "n": "Lone Tree Spring", "d": "USGS topo spring (may be dry)" }, "geometry": { "type": "Point", "coordinates": [ -108.0934, 39.51623 ] } },
{ "type": "Feature", "properties": { "c": "cdss_spring", "n": "MOBILE PARACHUTE SPRNG10", "d": "Decreed spring · WDID 3905659" }, "geometry": { "type": "Point", "coordinates": [ -108.06037, 39.51756 ] } },
{ "type": "Feature", "properties": { "c": "cdss_spring", "n": "MOBILE PARACHUTE SPRNG11", "d": "Decreed spring · WDID 3905660" }, "geometry": { "type": "Point", "coordinates": [ -108.06961, 39.52482 ] } },
{ "type": "Feature", "properties": { "c": "cdss_spring", "n": "MOBILE PARACHUTE SPRNG12", "d": "Decreed spring · WDID 3905661" }, "geometry": { "type": "Point", "coordinates": [ -108.08367, 39.52483 ] } },
{ "type": "Feature", "properties": { "c": "nhd_spring", "n": "", "d": "USGS topo spring (may be dry)" }, "geometry": { "type": "Point", "coordinates": [ -108.08304, 39.52564 ] } },
{ "type": "Feature", "properties": { "c": "cdss_spring", "n": "WAGON SPRING", "d": "Decreed spring · WDID 3906083" }, "geometry": { "type": "Point", "coordinates": [ -108.10238, 39.52845 ] } },
{ "type": "Feature", "properties": { "c": "nhd_spring", "n": "", "d": "USGS topo spring (may be dry)" }, "geometry": { "type": "Point", "coordinates": [ -108.07121, 39.52963 ] } },
{ "type": "Feature", "properties": { "c": "nhd_spring", "n": "", "d": "USGS topo spring (may be dry)" }, "geometry": { "type": "Point", "coordinates": [ -108.10319, 39.5297 ] } },
{ "type": "Feature", "properties": { "c": "nhd_spring", "n": "", "d": "USGS topo spring (may be dry)" }, "geometry": { "type": "Point", "coordinates": [ -108.0902, 39.53423 ] } },
{ "type": "Feature", "properties": { "c": "cdss_spring", "n": "CITIES SERVICE SPG 39", "d": "Decreed spring · WDID 7005157" }, "geometry": { "type": "Point", "coordinates": [ -108.20836, 39.51757 ] } },
{ "type": "Feature", "properties": { "c": "cdss_spring", "n": "CITIES SERVICE SPG 13", "d": "Decreed spring · WDID 7005150" }, "geometry": { "type": "Point", "coordinates": [ -108.25983, 39.51737 ] } },
{ "type": "Feature", "properties": { "c": "cdss_spring", "n": "PACIFIC SPRING NO 9", "d": "Decreed spring · WDID 7005143" }, "geometry": { "type": "Point", "coordinates": [ -108.25983, 39.51737 ] } },
{ "type": "Feature", "properties": { "c": "nhd_spring", "n": "", "d": "USGS topo spring (may be dry)" }, "geometry": { "type": "Point", "coordinates": [ -108.25943, 39.51842 ] } },
{ "type": "Feature", "properties": { "c": "cdss_spring", "n": "CITIES SERVICE SPG 40", "d": "Decreed spring · WDID 7005158" }, "geometry": { "type": "Point", "coordinates": [ -108.21306, 39.52839 ] } },
{ "type": "Feature", "properties": { "c": "nhd_spring", "n": "", "d": "USGS topo spring (may be dry)" }, "geometry": { "type": "Point", "coordinates": [ -108.20731, 39.52935 ] } },
{ "type": "Feature", "properties": { "c": "cdss_spring", "n": "CITIES SERVICE SPG 11A", "d": "Decreed spring · WDID 7005149" }, "geometry": { "type": "Point", "coordinates": [ -108.25513, 39.52819 ] } },
{ "type": "Feature", "properties": { "c": "nhd_spring", "n": "", "d": "USGS topo spring (may be dry)" }, "geometry": { "type": "Point", "coordinates": [ -108.2562, 39.52983 ] } },
{ "type": "Feature", "properties": { "c": "nhd_spring", "n": "", "d": "USGS topo spring (may be dry)" }, "geometry": { "type": "Point", "coordinates": [ -108.22621, 39.53087 ] } },
{ "type": "Feature", "properties": { "c": "cdss_pond", "n": "CONN CREEK RESERVOIR", "d": "Decreed stock pond · WDID 7003593" }, "geometry": { "type": "Point", "coordinates": [ -108.24927, 39.53089 ] } },
{ "type": "Feature", "properties": { "c": "nhd_spring", "n": "", "d": "USGS topo spring (may be dry)" }, "geometry": { "type": "Point", "coordinates": [ -108.16891, 39.52054 ] } },
{ "type": "Feature", "properties": { "c": "nhd_spring", "n": "", "d": "USGS topo spring (may be dry)" }, "geometry": { "type": "Point", "coordinates": [ -108.15433, 39.52125 ] } },
{ "type": "Feature", "properties": { "c": "cdss_spring", "n": "DICK'S SPRING", "d": "Decreed spring · WDID 3905718" }, "geometry": { "type": "Point", "coordinates": [ -108.18706, 39.5232 ] } },
{ "type": "Feature", "properties": { "c": "nhd_spring", "n": "", "d": "USGS topo spring (may be dry)" }, "geometry": { "type": "Point", "coordinates": [ -108.195, 39.52405 ] } },
{ "type": "Feature", "properties": { "c": "cdss_spring", "n": "DONNA'S CABIN SPRING", "d": "Decreed spring · WDID 3905716" }, "geometry": { "type": "Point", "coordinates": [ -108.19538, 39.5242 ] } },
{ "type": "Feature", "properties": { "c": "cdss_spring", "n": "DICK'S CABIN EAST SPRING", "d": "Decreed spring · WDID 3905717" }, "geometry": { "type": "Point", "coordinates": [ -108.18214, 39.52482 ] } },
{ "type": "Feature", "properties": { "c": "nhd_spring", "n": "", "d": "USGS topo spring (may be dry)" }, "geometry": { "type": "Point", "coordinates": [ -108.19477, 39.53242 ] } },
{ "type": "Feature", "properties": { "c": "cdss_pond", "n": "FOREVER YOUNG PDC POND", "d": "Decreed stock pond · WDID 3903608" }, "geometry": { "type": "Point", "coordinates": [ -108.19248, 39.53392 ] } },
{ "type": "Feature", "properties": { "c": "nhd_spring", "n": "", "d": "USGS topo spring (may be dry)" }, "geometry": { "type": "Point", "coordinates": [ -108.17625, 39.53797 ] } },
{ "type": "Feature", "properties": { "c": "cdss_spring", "n": "CORRAL GULCH EAST SPRING", "d": "Decreed spring · WDID 3905715" }, "geometry": { "type": "Point", "coordinates": [ -108.19607, 39.54067 ] } },
{ "type": "Feature", "properties": { "c": "cdss_spring", "n": "CITIES SERVICE SPG 03", "d": "Decreed spring · WDID 7005146" }, "geometry": { "type": "Point", "coordinates": [ -108.22709, 39.53189 ] } },
{ "type": "Feature", "properties": { "c": "cdss_spring", "n": "PACIFIC SPRING NO 6", "d": "Decreed spring · WDID 7005140" }, "geometry": { "type": "Point", "coordinates": [ -108.25512, 39.53179 ] } },
{ "type": "Feature", "properties": { "c": "cdss_pond", "n": "CASCADE CANYON RESERVOIR", "d": "Decreed stock pond · WDID 7003592" }, "geometry": { "type": "Point", "coordinates": [ -108.21705, 39.53482 ] } },
{ "type": "Feature", "properties": { "c": "cdss_spring", "n": "CITIES SERVICE SPG 30", "d": "Decreed spring · WDID 3905439" }, "geometry": { "type": "Point", "coordinates": [ -108.19904, 39.53556 ] } },
{ "type": "Feature", "properties": { "c": "nhd_spring", "n": "", "d": "USGS topo spring (may be dry)" }, "geometry": { "type": "Point", "coordinates": [ -108.1981, 39.5358 ] } },
{ "type": "Feature", "properties": { "c": "nhd_spring", "n": "", "d": "USGS topo spring (may be dry)" }, "geometry": { "type": "Point", "coordinates": [ -108.25309, 39.53532 ] } },
{ "type": "Feature", "properties": { "c": "cdss_spring", "n": "PACIFIC SPRING NO 10", "d": "Decreed spring · WDID 7005144" }, "geometry": { "type": "Point", "coordinates": [ -108.2551, 39.53541 ] } },
{ "type": "Feature", "properties": { "c": "cdss_spring", "n": "CITIES SERVICE SPG 41", "d": "Decreed spring · WDID 7005159" }, "geometry": { "type": "Point", "coordinates": [ -108.21304, 39.5392 ] } },
{ "type": "Feature", "properties": { "c": "nhd_spring", "n": "", "d": "USGS topo spring (may be dry)" }, "geometry": { "type": "Point", "coordinates": [ -108.21399, 39.53961 ] } },
{ "type": "Feature", "properties": { "c": "nhd_spring", "n": "", "d": "USGS topo spring (may be dry)" }, "geometry": { "type": "Point", "coordinates": [ -108.22529, 39.54288 ] } },
{ "type": "Feature", "properties": { "c": "cdss_spring", "n": "HELM GULCH SPRING NO 2", "d": "Decreed spring · WDID 3906081" }, "geometry": { "type": "Point", "coordinates": [ -108.09308, 39.53566 ] } },
{ "type": "Feature", "properties": { "c": "nhd_spring", "n": "", "d": "USGS topo spring (may be dry)" }, "geometry": { "type": "Point", "coordinates": [ -108.09072, 39.538 ] } },
{ "type": "Feature", "properties": { "c": "cdss_spring", "n": "HELM GULCH SPRING NO 1", "d": "Decreed spring · WDID 3906080" }, "geometry": { "type": "Point", "coordinates": [ -108.09309, 39.53928 ] } },
{ "type": "Feature", "properties": { "c": "cdss_spring", "n": "FEATHER SPRINGS", "d": "Decreed spring · WDID 3906082" }, "geometry": { "type": "Point", "coordinates": [ -108.09777, 39.53928 ] } },
{ "type": "Feature", "properties": { "c": "cdss_pond", "n": "PARACHUTE CREEK RESERVOIR", "d": "Decreed stock pond · WDID 3903943" }, "geometry": { "type": "Point", "coordinates": [ -108.12358, 39.54072 ] } },
{ "type": "Feature", "properties": { "c": "cdss_pond", "n": "RULISON GULCH TERM RES", "d": "Decreed stock pond · WDID 3903520" }, "geometry": { "type": "Point", "coordinates": [ -108.07907, 39.54287 ] } },
{ "type": "Feature", "properties": { "c": "cdss_spring", "n": "MOBILE PARACHUTE SPRING7", "d": "Decreed spring · WDID 3905656" }, "geometry": { "type": "Point", "coordinates": [ -108.06029, 39.54649 ] } },
{ "type": "Feature", "properties": { "c": "nhd_spring", "n": "", "d": "USGS topo spring (may be dry)" }, "geometry": { "type": "Point", "coordinates": [ -108.06137, 39.54826 ] } },
{ "type": "Feature", "properties": { "c": "cdss_spring", "n": "PARKHURST CABIN SPG NO 2", "d": "Decreed spring · WDID 3906086" }, "geometry": { "type": "Point", "coordinates": [ -108.08374, 39.55368 ] } },
{ "type": "Feature", "properties": { "c": "cdss_spring", "n": "PARKHURST CABIN SPG NO 1", "d": "Decreed spring · WDID 3906085" }, "geometry": { "type": "Point", "coordinates": [ -108.08374, 39.55368 ] } },
{ "type": "Feature", "properties": { "c": "nhd_spring", "n": "", "d": "USGS topo spring (may be dry)" }, "geometry": { "type": "Point", "coordinates": [ -108.19616, 39.54078 ] } },
{ "type": "Feature", "properties": { "c": "nhd_spring", "n": "", "d": "USGS topo spring (may be dry)" }, "geometry": { "type": "Point", "coordinates": [ -108.1621, 39.54324 ] } },
{ "type": "Feature", "properties": { "c": "cdss_spring", "n": "SMEARCHECK SPRING", "d": "Decreed spring · WDID 3905714" }, "geometry": { "type": "Point", "coordinates": [ -108.18458, 39.54605 ] } },
{ "type": "Feature", "properties": { "c": "nhd_spring", "n": "", "d": "USGS topo spring (may be dry)" }, "geometry": { "type": "Point", "coordinates": [ -108.15355, 39.54821 ] } },
{ "type": "Feature", "properties": { "c": "nhd_spring", "n": "", "d": "USGS topo spring (may be dry)" }, "geometry": { "type": "Point", "coordinates": [ -108.19381, 39.54879 ] } },
{ "type": "Feature", "properties": { "c": "cdss_spring", "n": "CIRCLE DOT UPPER SPRING", "d": "Decreed spring · WDID 3905713" }, "geometry": { "type": "Point", "coordinates": [ -108.19381, 39.54883 ] } },
{ "type": "Feature", "properties": { "c": "nhd_spring", "n": "", "d": "USGS topo spring (may be dry)" }, "geometry": { "type": "Point", "coordinates": [ -108.19225, 39.54927 ] } },
{ "type": "Feature", "properties": { "c": "cdss_spring", "n": "CIRCLE DOT LOWER SPRING", "d": "Decreed spring · WDID 3905712" }, "geometry": { "type": "Point", "coordinates": [ -108.19221, 39.54931 ] } },
{ "type": "Feature", "properties": { "c": "nhd_spring", "n": "", "d": "USGS topo spring (may be dry)" }, "geometry": { "type": "Point", "coordinates": [ -108.13879, 39.5527 ] } },
{ "type": "Feature", "properties": { "c": "cdss_spring", "n": "WILDIE SPRING NO 1", "d": "Decreed spring · WDID 3905578" }, "geometry": { "type": "Point", "coordinates": [ -108.17108, 39.55363 ] } },
{ "type": "Feature", "properties": { "c": "cdss_spring", "n": "CITIES SERVICE SPG 22", "d": "Decreed spring · WDID 7005155" }, "geometry": { "type": "Point", "coordinates": [ -108.22237, 39.54637 ] } },
{ "type": "Feature", "properties": { "c": "nhd_spring", "n": "", "d": "USGS topo spring (may be dry)" }, "geometry": { "type": "Point", "coordinates": [ -108.2223, 39.54674 ] } },
{ "type": "Feature", "properties": { "c": "nhd_spring", "n": "", "d": "USGS topo spring (may be dry)" }, "geometry": { "type": "Point", "coordinates": [ -108.23953, 39.54834 ] } },
{ "type": "Feature", "properties": { "c": "cdss_spring", "n": "CITIES SERVICE SPG 18", "d": "Decreed spring · WDID 7005154" }, "geometry": { "type": "Point", "coordinates": [ -108.23966, 39.54863 ] } },
{ "type": "Feature", "properties": { "c": "nhd_spring", "n": "", "d": "USGS topo spring (may be dry)" }, "geometry": { "type": "Point", "coordinates": [ -108.20138, 39.5511 ] } },
{ "type": "Feature", "properties": { "c": "cdss_spring", "n": "CITIES SERVICE SPG 08", "d": "Decreed spring · WDID 7005148" }, "geometry": { "type": "Point", "coordinates": [ -108.25511, 39.54992 ] } },
{ "type": "Feature", "properties": { "c": "cdss_spring", "n": "PACIFIC SPRING NO 8", "d": "Decreed spring · WDID 7005142" }, "geometry": { "type": "Point", "coordinates": [ -108.25511, 39.54992 ] } },
{ "type": "Feature", "properties": { "c": "cdss_spring", "n": "CITIES SERVICE SPG 17", "d": "Decreed spring · WDID 7005153" }, "geometry": { "type": "Point", "coordinates": [ -108.23294, 39.55071 ] } },
{ "type": "Feature", "properties": { "c": "nhd_spring", "n": "", "d": "USGS topo spring (may be dry)" }, "geometry": { "type": "Point", "coordinates": [ -108.23279, 39.55072 ] } },
{ "type": "Feature", "properties": { "c": "nhd_spring", "n": "", "d": "USGS topo spring (may be dry)" }, "geometry": { "type": "Point", "coordinates": [ -108.25618, 39.55152 ] } },
{ "type": "Feature", "properties": { "c": "cdss_spring", "n": "CITIES SERVICE SPG 25", "d": "Decreed spring · WDID 3905438" }, "geometry": { "type": "Point", "coordinates": [ -108.19906, 39.55363 ] } },
{ "type": "Feature", "properties": { "c": "cdss_spring", "n": "CITIES SERVICE SPG 23", "d": "Decreed spring · WDID 3905436" }, "geometry": { "type": "Point", "coordinates": [ -108.21774, 39.55363 ] } },
{ "type": "Feature", "properties": { "c": "cdss_spring", "n": "CITIES SERVICE SPG 07", "d": "Decreed spring · WDID 7005147" }, "geometry": { "type": "Point", "coordinates": [ -108.25047, 39.55354 ] } },
{ "type": "Feature", "properties": { "c": "nhd_spring", "n": "", "d": "USGS topo spring (may be dry)" }, "geometry": { "type": "Point", "coordinates": [ -108.21603, 39.55529 ] } },
{ "type": "Feature", "properties": { "c": "nhd_spring", "n": "", "d": "USGS topo spring (may be dry)" }, "geometry": { "type": "Point", "coordinates": [ -108.24845, 39.55627 ] } },
{ "type": "Feature", "properties": { "c": "cdss_spring", "n": "CITIES SERVICE SPG 19", "d": "Decreed spring · WDID 3905435" }, "geometry": { "type": "Point", "coordinates": [ -108.22713, 39.55907 ] } },
{ "type": "Feature", "properties": { "c": "cdss_spring", "n": "REDD SPRING NO 2", "d": "Decreed spring · WDID 3905574" }, "geometry": { "type": "Point", "coordinates": [ -108.20845, 39.55989 ] } },
{ "type": "Feature", "properties": { "c": "cdss_spring", "n": "CITIES SERVICE SPG 24", "d": "Decreed spring · WDID 3905437" }, "geometry": { "type": "Point", "coordinates": [ -108.20845, 39.55989 ] } },
{ "type": "Feature", "properties": { "c": "cdss_spring", "n": "REDD SPRING NO 5", "d": "Decreed spring · WDID 3905577" }, "geometry": { "type": "Point", "coordinates": [ -108.21777, 39.55989 ] } },
{ "type": "Feature", "properties": { "c": "nhd_spring", "n": "", "d": "USGS topo spring (may be dry)" }, "geometry": { "type": "Point", "coordinates": [ -108.2245, 39.56329 ] } },
{ "type": "Feature", "properties": { "c": "cdss_spring", "n": "WILDIE SPRING NO 3", "d": "Decreed spring · WDID 3905580" }, "geometry": { "type": "Point", "coordinates": [ -108.18034, 39.55368 ] } },
{ "type": "Feature", "properties": { "c": "nhd_spring", "n": "", "d": "USGS topo spring (may be dry)" }, "geometry": { "type": "Point", "coordinates": [ -108.14629, 39.56042 ] } },
{ "type": "Feature", "properties": { "c": "cdss_spring", "n": "WILDIE SPRING NO 2", "d": "Decreed spring · WDID 3905579" }, "geometry": { "type": "Point", "coordinates": [ -108.1757, 39.55989 ] } },
{ "type": "Feature", "properties": { "c": "nhd_spring", "n": "", "d": "USGS topo spring (may be dry)" }, "geometry": { "type": "Point", "coordinates": [ -108.1318, 39.56238 ] } },
{ "type": "Feature", "properties": { "c": "cdss_spring", "n": "REDD SPRING NO 4", "d": "Decreed spring · WDID 3905576" }, "geometry": { "type": "Point", "coordinates": [ -108.18108, 39.56614 ] } },
{ "type": "Feature", "properties": { "c": "nhd_spring", "n": "", "d": "USGS topo spring (may be dry)" }, "geometry": { "type": "Point", "coordinates": [ -108.18292, 39.5665 ] } },
{ "type": "Feature", "properties": { "c": "nhd_spring", "n": "", "d": "USGS topo spring (may be dry)" }, "geometry": { "type": "Point", "coordinates": [ -108.16987, 39.57492 ] } },
{ "type": "Feature", "properties": { "c": "cdss_spring", "n": "HOUSE LOG GULCH SPG NO 1", "d": "Decreed spring · WDID 3906063" }, "geometry": { "type": "Point", "coordinates": [ -108.1623, 39.57699 ] } },
{ "type": "Feature", "properties": { "c": "cdss_spring", "n": "HOUSE LOG GULCH SPG NO 5", "d": "Decreed spring · WDID 3906067" }, "geometry": { "type": "Point", "coordinates": [ -108.16699, 39.57699 ] } },
{ "type": "Feature", "properties": { "c": "cdss_spring", "n": "HOUSE LOG GULCH SPG NO 3", "d": "Decreed spring · WDID 3906065" }, "geometry": { "type": "Point", "coordinates": [ -108.17167, 39.57698 ] } },
{ "type": "Feature", "properties": { "c": "nhd_spring", "n": "", "d": "USGS topo spring (may be dry)" }, "geometry": { "type": "Point", "coordinates": [ -108.22286, 39.56539 ] } },
{ "type": "Feature", "properties": { "c": "cdss_spring", "n": "GETTY SPRING 09B", "d": "Decreed spring · WDID 7005189" }, "geometry": { "type": "Point", "coordinates": [ -108.25723, 39.56444 ] } },
{ "type": "Feature", "properties": { "c": "cdss_spring", "n": "REDD SPRING NO 3", "d": "Decreed spring · WDID 3905575" }, "geometry": { "type": "Point", "coordinates": [ -108.19979, 39.56616 ] } },
{ "type": "Feature", "properties": { "c": "nhd_spring", "n": "", "d": "USGS topo spring (may be dry)" }, "geometry": { "type": "Point", "coordinates": [ -108.25141, 39.56537 ] } },
{ "type": "Feature", "properties": { "c": "nhd_spring", "n": "", "d": "USGS topo spring (may be dry)" }, "geometry": { "type": "Point", "coordinates": [ -108.25757, 39.56631 ] } },
{ "type": "Feature", "properties": { "c": "cdss_spring", "n": "GETTY SPRING 8E", "d": "Decreed spring · WDID 3905489" }, "geometry": { "type": "Point", "coordinates": [ -108.23374, 39.56814 ] } },
{ "type": "Feature", "properties": { "c": "cdss_spring", "n": "GETTY SPRING 8D", "d": "Decreed spring · WDID 3905488" }, "geometry": { "type": "Point", "coordinates": [ -108.22909, 39.57177 ] } },
{ "type": "Feature", "properties": { "c": "cdss_spring", "n": "GETTY SPRING 09A", "d": "Decreed spring · WDID 7005188" }, "geometry": { "type": "Point", "coordinates": [ -108.25253, 39.57169 ] } },
{ "type": "Feature", "properties": { "c": "nhd_spring", "n": "", "d": "USGS topo spring (may be dry)" }, "geometry": { "type": "Point", "coordinates": [ -108.23045, 39.57239 ] } },
{ "type": "Feature", "properties": { "c": "nhd_spring", "n": "", "d": "USGS topo spring (may be dry)" }, "geometry": { "type": "Point", "coordinates": [ -108.25221, 39.57237 ] } },
{ "type": "Feature", "properties": { "c": "nhd_spring", "n": "", "d": "USGS topo spring (may be dry)" }, "geometry": { "type": "Point", "coordinates": [ -108.22826, 39.57396 ] } },
{ "type": "Feature", "properties": { "c": "nhd_spring", "n": "", "d": "USGS topo spring (may be dry)" }, "geometry": { "type": "Point", "coordinates": [ -108.22065, 39.5752 ] } },
{ "type": "Feature", "properties": { "c": "nhd_spring", "n": "", "d": "USGS topo spring (may be dry)" }, "geometry": { "type": "Point", "coordinates": [ -108.21957, 39.57553 ] } },
{ "type": "Feature", "properties": { "c": "cdss_spring", "n": "GETTY SPRING 8B", "d": "Decreed spring · WDID 3905486" }, "geometry": { "type": "Point", "coordinates": [ -108.22443, 39.57545 ] } },
{ "type": "Feature", "properties": { "c": "cdss_spring", "n": "GETTY SPRING 8C", "d": "Decreed spring · WDID 3905487" }, "geometry": { "type": "Point", "coordinates": [ -108.22911, 39.57543 ] } },
{ "type": "Feature", "properties": { "c": "nhd_spring", "n": "", "d": "USGS topo spring (may be dry)" }, "geometry": { "type": "Point", "coordinates": [ -108.22464, 39.57673 ] } },
{ "type": "Feature", "properties": { "c": "nhd_spring", "n": "", "d": "USGS topo spring (may be dry)" }, "geometry": { "type": "Point", "coordinates": [ -108.26235, 39.57693 ] } },
{ "type": "Feature", "properties": { "c": "cdss_spring", "n": "GETTY SPRING 10D", "d": "Decreed spring · WDID 7005193" }, "geometry": { "type": "Point", "coordinates": [ -108.26241, 39.57706 ] } },
{ "type": "Feature", "properties": { "c": "nhd_spring", "n": "", "d": "USGS topo spring (may be dry)" }, "geometry": { "type": "Point", "coordinates": [ -108.26215, 39.5774 ] } },
{ "type": "Feature", "properties": { "c": "nhd_spring", "n": "", "d": "USGS topo spring (may be dry)" }, "geometry": { "type": "Point", "coordinates": [ -108.2281, 39.57872 ] } },
{ "type": "Feature", "properties": { "c": "nhd_spring", "n": "", "d": "USGS topo spring (may be dry)" }, "geometry": { "type": "Point", "coordinates": [ -108.08526, 39.55451 ] } },
{ "type": "Feature", "properties": { "c": "nhd_spring", "n": "", "d": "USGS topo spring (may be dry)" }, "geometry": { "type": "Point", "coordinates": [ -108.08834, 39.5549 ] } },
{ "type": "Feature", "properties": { "c": "cdss_spring", "n": "PETE SPRING", "d": "Decreed spring · WDID 3906087" }, "geometry": { "type": "Point", "coordinates": [ -108.08501, 39.56846 ] } },
{ "type": "Feature", "properties": { "c": "nhd_spring", "n": "", "d": "USGS topo spring (may be dry)" }, "geometry": { "type": "Point", "coordinates": [ -108.08732, 39.57019 ] } },
{ "type": "Feature", "properties": { "c": "cdss_spring", "n": "GRASSY SPRING", "d": "Decreed spring · WDID 3906088" }, "geometry": { "type": "Point", "coordinates": [ -108.06624, 39.57932 ] } },
{ "type": "Feature", "properties": { "c": "nhd_spring", "n": "", "d": "USGS topo spring (may be dry)" }, "geometry": { "type": "Point", "coordinates": [ -108.0668, 39.57981 ] } },
{ "type": "Feature", "properties": { "c": "cdss_spring", "n": "SPRING DITCH", "d": "Decreed spring · WDID 3900666" }, "geometry": { "type": "Point", "coordinates": [ -108.10838, 39.58897 ] } },
{ "type": "Feature", "properties": { "c": "cdss_spring", "n": "LONG RIDGE SPRING NO 1", "d": "Decreed spring · WDID 3906075" }, "geometry": { "type": "Point", "coordinates": [ -108.07097, 39.59744 ] } },
{ "type": "Feature", "properties": { "c": "nhd_spring", "n": "", "d": "USGS topo spring (may be dry)" }, "geometry": { "type": "Point", "coordinates": [ -108.07334, 39.59871 ] } },
{ "type": "Feature", "properties": { "c": "cdss_pond", "n": "COLONY SEDIMENT POND C", "d": "Decreed stock pond · WDID 3903545" }, "geometry": { "type": "Point", "coordinates": [ -108.10557, 39.60752 ] } },
{ "type": "Feature", "properties": { "c": "cdss_spring", "n": "GETTY SPRING 8A", "d": "Decreed spring · WDID 3905485" }, "geometry": { "type": "Point", "coordinates": [ -108.22912, 39.5791 ] } },
{ "type": "Feature", "properties": { "c": "nhd_spring", "n": "", "d": "USGS topo spring (may be dry)" }, "geometry": { "type": "Point", "coordinates": [ -108.26132, 39.57881 ] } },
{ "type": "Feature", "properties": { "c": "cdss_spring", "n": "GETTY SPRING 10C", "d": "Decreed spring · WDID 7005192" }, "geometry": { "type": "Point", "coordinates": [ -108.26127, 39.57884 ] } },
{ "type": "Feature", "properties": { "c": "cdss_spring", "n": "LATHAM SPRING NO 1", "d": "Decreed spring · WDID 3905571" }, "geometry": { "type": "Point", "coordinates": [ -108.19982, 39.58059 ] } },
{ "type": "Feature", "properties": { "c": "cdss_spring", "n": "GETTY SPRING 10B", "d": "Decreed spring · WDID 7005191" }, "geometry": { "type": "Point", "coordinates": [ -108.26072, 39.57958 ] } },
{ "type": "Feature", "properties": { "c": "nhd_spring", "n": "", "d": "USGS topo spring (may be dry)" }, "geometry": { "type": "Point", "coordinates": [ -108.2603, 39.57993 ] } },
{ "type": "Feature", "properties": { "c": "cdss_spring", "n": "GETTY SPRING 10A", "d": "Decreed spring · WDID 7005190" }, "geometry": { "type": "Point", "coordinates": [ -108.26025, 39.58009 ] } },
{ "type": "Feature", "properties": { "c": "nhd_spring", "n": "", "d": "USGS topo spring (may be dry)" }, "geometry": { "type": "Point", "coordinates": [ -108.25995, 39.58014 ] } },
{ "type": "Feature", "properties": { "c": "cdss_spring", "n": "GETTY SPRING 7A", "d": "Decreed spring · WDID 3905479" }, "geometry": { "type": "Point", "coordinates": [ -108.23388, 39.58633 ] } },
{ "type": "Feature", "properties": { "c": "nhd_spring", "n": "", "d": "USGS topo spring (may be dry)" }, "geometry": { "type": "Point", "coordinates": [ -108.23598, 39.58689 ] } },
{ "type": "Feature", "properties": { "c": "cdss_spring", "n": "HOUSE LOG GULCH SPG NO 4", "d": "Decreed spring · WDID 3906066" }, "geometry": { "type": "Point", "coordinates": [ -108.17167, 39.57698 ] } },
{ "type": "Feature", "properties": { "c": "cdss_spring", "n": "LATHAM SPRING NO 2", "d": "Decreed spring · WDID 3905572" }, "geometry": { "type": "Point", "coordinates": [ -108.19051, 39.57699 ] } },
{ "type": "Feature", "properties": { "c": "nhd_spring", "n": "", "d": "USGS topo spring (may be dry)" }, "geometry": { "type": "Point", "coordinates": [ -108.15998, 39.58007 ] } },
{ "type": "Feature", "properties": { "c": "cdss_spring", "n": "RED SPRING NO 1", "d": "Decreed spring · WDID 3906062" }, "geometry": { "type": "Point", "coordinates": [ -108.16229, 39.58059 ] } },
{ "type": "Feature", "properties": { "c": "cdss_spring", "n": "HOUSE LOG GULCH SPG NO 2", "d": "Decreed spring · WDID 3906064" }, "geometry": { "type": "Point", "coordinates": [ -108.17167, 39.58059 ] } },
{ "type": "Feature", "properties": { "c": "cdss_spring", "n": "LATHAM SPRING NO 3", "d": "Decreed spring · WDID 3905573" }, "geometry": { "type": "Point", "coordinates": [ -108.18582, 39.58058 ] } },
{ "type": "Feature", "properties": { "c": "cdss_spring", "n": "SQUIRE'S SPRING", "d": "Decreed spring · WDID 3906068" }, "geometry": { "type": "Point", "coordinates": [ -108.17168, 39.58783 ] } },
{ "type": "Feature", "properties": { "c": "cdss_spring", "n": "CABIN SPRING", "d": "Decreed spring · WDID 3906069" }, "geometry": { "type": "Point", "coordinates": [ -108.17168, 39.59149 ] } },
{ "type": "Feature", "properties": { "c": "cdss_spring", "n": "LIGHT GULCH SPRING NO 1", "d": "Decreed spring · WDID 3906060" }, "geometry": { "type": "Point", "coordinates": [ -108.14366, 39.60239 ] } },
{ "type": "Feature", "properties": { "c": "cdss_spring", "n": "LIGHT GULCH SPRING NO 2", "d": "Decreed spring · WDID 3906061" }, "geometry": { "type": "Point", "coordinates": [ -108.14368, 39.60604 ] } },
{ "type": "Feature", "properties": { "c": "cdss_spring", "n": "GETTY SPRING 7B", "d": "Decreed spring · WDID 3905480" }, "geometry": { "type": "Point", "coordinates": [ -108.23392, 39.58998 ] } },
{ "type": "Feature", "properties": { "c": "nhd_spring", "n": "", "d": "USGS topo spring (may be dry)" }, "geometry": { "type": "Point", "coordinates": [ -108.23436, 39.59059 ] } },
{ "type": "Feature", "properties": { "c": "nhd_spring", "n": "", "d": "USGS topo spring (may be dry)" }, "geometry": { "type": "Point", "coordinates": [ -108.22638, 39.59276 ] } },
{ "type": "Feature", "properties": { "c": "nhd_spring", "n": "", "d": "USGS topo spring (may be dry)" }, "geometry": { "type": "Point", "coordinates": [ -108.2297, 39.59293 ] } },
{ "type": "Feature", "properties": { "c": "nhd_spring", "n": "", "d": "USGS topo spring (may be dry)" }, "geometry": { "type": "Point", "coordinates": [ -108.22667, 39.59323 ] } },
{ "type": "Feature", "properties": { "c": "nhd_spring", "n": "", "d": "USGS topo spring (may be dry)" }, "geometry": { "type": "Point", "coordinates": [ -108.22866, 39.59319 ] } },
{ "type": "Feature", "properties": { "c": "cdss_spring", "n": "GETTY SPRING 7F", "d": "Decreed spring · WDID 3905484" }, "geometry": { "type": "Point", "coordinates": [ -108.22451, 39.59367 ] } },
{ "type": "Feature", "properties": { "c": "cdss_spring", "n": "GETTY SPRING 7E", "d": "Decreed spring · WDID 3905483" }, "geometry": { "type": "Point", "coordinates": [ -108.22451, 39.59367 ] } },
{ "type": "Feature", "properties": { "c": "cdss_spring", "n": "GETTY SPRING 7C", "d": "Decreed spring · WDID 3905481" }, "geometry": { "type": "Point", "coordinates": [ -108.22919, 39.59365 ] } },
{ "type": "Feature", "properties": { "c": "cdss_spring", "n": "GETTY SPRING 7D", "d": "Decreed spring · WDID 3905482" }, "geometry": { "type": "Point", "coordinates": [ -108.22919, 39.59365 ] } },
{ "type": "Feature", "properties": { "c": "nhd_spring", "n": "", "d": "USGS topo spring (may be dry)" }, "geometry": { "type": "Point", "coordinates": [ -108.21742, 39.59676 ] } },
{ "type": "Feature", "properties": { "c": "cdss_spring", "n": "GETTY SPRING 6I", "d": "Decreed spring · WDID 3905478" }, "geometry": { "type": "Point", "coordinates": [ -108.24801, 39.5972 ] } },
{ "type": "Feature", "properties": { "c": "nhd_spring", "n": "", "d": "USGS topo spring (may be dry)" }, "geometry": { "type": "Point", "coordinates": [ -108.24593, 39.59842 ] } },
{ "type": "Feature", "properties": { "c": "cdss_spring", "n": "GETTY SPRING 6H", "d": "Decreed spring · WDID 3905477" }, "geometry": { "type": "Point", "coordinates": [ -108.24331, 39.60084 ] } },
{ "type": "Feature", "properties": { "c": "cdss_spring", "n": "GETTY SPRING 6G", "d": "Decreed spring · WDID 3905476" }, "geometry": { "type": "Point", "coordinates": [ -108.24331, 39.60084 ] } },
{ "type": "Feature", "properties": { "c": "nhd_spring", "n": "", "d": "USGS topo spring (may be dry)" }, "geometry": { "type": "Point", "coordinates": [ -108.24353, 39.60218 ] } },
{ "type": "Feature", "properties": { "c": "cdss_spring", "n": "GETTY SPRING 6E", "d": "Decreed spring · WDID 3905474" }, "geometry": { "type": "Point", "coordinates": [ -108.23393, 39.6045 ] } },
{ "type": "Feature", "properties": { "c": "nhd_spring", "n": "", "d": "USGS topo spring (may be dry)" }, "geometry": { "type": "Point", "coordinates": [ -108.25176, 39.60431 ] } },
{ "type": "Feature", "properties": { "c": "nhd_spring", "n": "", "d": "USGS topo spring (may be dry)" }, "geometry": { "type": "Point", "coordinates": [ -108.23441, 39.60545 ] } },
{ "type": "Feature", "properties": { "c": "nhd_spring", "n": "", "d": "USGS topo spring (may be dry)" }, "geometry": { "type": "Point", "coordinates": [ -108.25078, 39.60555 ] } },
{ "type": "Feature", "properties": { "c": "cdss_spring", "n": "SKINNER RIDGE SPG NO 12", "d": "Decreed spring · WDID 7005070" }, "geometry": { "type": "Point", "coordinates": [ -108.35663, 39.542 ] } },
{ "type": "Feature", "properties": { "c": "cdss_spring", "n": "CNR SPRING NO 2", "d": "Decreed spring · WDID 7005296" }, "geometry": { "type": "Point", "coordinates": [ -108.40587, 39.54182 ] } },
{ "type": "Feature", "properties": { "c": "cdss_pond", "n": "CNR POND NO 1", "d": "Decreed stock pond · WDID 7003503" }, "geometry": { "type": "Point", "coordinates": [ -108.40937, 39.54176 ] } },
{ "type": "Feature", "properties": { "c": "cdss_pond", "n": "CNR POND NO 2", "d": "Decreed stock pond · WDID 7003504" }, "geometry": { "type": "Point", "coordinates": [ -108.40819, 39.54216 ] } },
{ "type": "Feature", "properties": { "c": "cdss_pond", "n": "CNR POND NO 3", "d": "Decreed stock pond · WDID 7003505" }, "geometry": { "type": "Point", "coordinates": [ -108.40908, 39.54327 ] } },
{ "type": "Feature", "properties": { "c": "nhd_spring", "n": "Scott Spring", "d": "USGS topo spring (may be dry)" }, "geometry": { "type": "Point", "coordinates": [ -108.35201, 39.54553 ] } },
{ "type": "Feature", "properties": { "c": "cdss_spring", "n": "SKINNER RIDGE SPG NO 13", "d": "Decreed spring · WDID 7005071" }, "geometry": { "type": "Point", "coordinates": [ -108.35196, 39.54562 ] } },
{ "type": "Feature", "properties": { "c": "cdss_pond", "n": "CNR POND NO 4", "d": "Decreed stock pond · WDID 7003506" }, "geometry": { "type": "Point", "coordinates": [ -108.41455, 39.54826 ] } },
{ "type": "Feature", "properties": { "c": "cdss_spring", "n": "ELK CABIN SPRING", "d": "Decreed spring · WDID 7005297" }, "geometry": { "type": "Point", "coordinates": [ -108.40343, 39.56091 ] } },
{ "type": "Feature", "properties": { "c": "nhd_spring", "n": "", "d": "USGS topo spring (may be dry)" }, "geometry": { "type": "Point", "coordinates": [ -108.36673, 39.56382 ] } },
{ "type": "Feature", "properties": { "c": "cdss_spring", "n": "PACIFIC SPRING NO 7", "d": "Decreed spring · WDID 7005141" }, "geometry": { "type": "Point", "coordinates": [ -108.26443, 39.54269 ] } },
{ "type": "Feature", "properties": { "c": "nhd_spring", "n": "", "d": "USGS topo spring (may be dry)" }, "geometry": { "type": "Point", "coordinates": [ -108.26659, 39.54405 ] } },
{ "type": "Feature", "properties": { "c": "cdss_spring", "n": "GETTY SPRING 17A", "d": "Decreed spring · WDID 7005221" }, "geometry": { "type": "Point", "coordinates": [ -108.3006, 39.55999 ] } },
{ "type": "Feature", "properties": { "c": "cdss_spring", "n": "GETTY SPRING 10G", "d": "Decreed spring · WDID 7005196" }, "geometry": { "type": "Point", "coordinates": [ -108.26502, 39.57244 ] } },
{ "type": "Feature", "properties": { "c": "nhd_spring", "n": "", "d": "USGS topo spring (may be dry)" }, "geometry": { "type": "Point", "coordinates": [ -108.26455, 39.57289 ] } },
{ "type": "Feature", "properties": { "c": "nhd_spring", "n": "", "d": "USGS topo spring (may be dry)" }, "geometry": { "type": "Point", "coordinates": [ -108.26399, 39.57384 ] } },
{ "type": "Feature", "properties": { "c": "cdss_spring", "n": "GETTY SPRING 10F", "d": "Decreed spring · WDID 7005195" }, "geometry": { "type": "Point", "coordinates": [ -108.26412, 39.57391 ] } },
{ "type": "Feature", "properties": { "c": "cdss_spring", "n": "GETTY SPRING 10E", "d": "Decreed spring · WDID 7005194" }, "geometry": { "type": "Point", "coordinates": [ -108.26374, 39.57453 ] } },
{ "type": "Feature", "properties": { "c": "nhd_spring", "n": "", "d": "USGS topo spring (may be dry)" }, "geometry": { "type": "Point", "coordinates": [ -108.26365, 39.57454 ] } },
{ "type": "Feature", "properties": { "c": "nhd_spring", "n": "", "d": "USGS topo spring (may be dry)" }, "geometry": { "type": "Point", "coordinates": [ -108.27208, 39.57486 ] } },
{ "type": "Feature", "properties": { "c": "cdss_spring", "n": "BRUSH MOUNTAIN SPG NO 6", "d": "Decreed spring · WDID 7005025" }, "geometry": { "type": "Point", "coordinates": [ -108.44469, 39.55342 ] } },
{ "type": "Feature", "properties": { "c": "nhd_spring", "n": "", "d": "USGS topo spring (may be dry)" }, "geometry": { "type": "Point", "coordinates": [ -108.44414, 39.55356 ] } },
{ "type": "Feature", "properties": { "c": "cdss_spring", "n": "BRUSH MOUNTAIN SPG NO 8", "d": "Decreed spring · WDID 7005026" }, "geometry": { "type": "Point", "coordinates": [ -108.44937, 39.55344 ] } },
{ "type": "Feature", "properties": { "c": "cdss_pond", "n": "CNR POND NO 6", "d": "Decreed stock pond · WDID 7003508" }, "geometry": { "type": "Point", "coordinates": [ -108.42534, 39.5581 ] } },
{ "type": "Feature", "properties": { "c": "cdss_pond", "n": "CNR POND NO 7", "d": "Decreed stock pond · WDID 7003509" }, "geometry": { "type": "Point", "coordinates": [ -108.43276, 39.56357 ] } },
{ "type": "Feature", "properties": { "c": "cdss_pond", "n": "BRUSH CREEK RESERVOIR", "d": "Decreed stock pond · WDID 7003590" }, "geometry": { "type": "Point", "coordinates": [ -108.42545, 39.56472 ] } },
{ "type": "Feature", "properties": { "c": "cdss_pond", "n": "CNR POND NO 8", "d": "Decreed stock pond · WDID 7003510" }, "geometry": { "type": "Point", "coordinates": [ -108.43404, 39.56577 ] } },
{ "type": "Feature", "properties": { "c": "nhd_spring", "n": "", "d": "USGS topo spring (may be dry)" }, "geometry": { "type": "Point", "coordinates": [ -108.45415, 39.5653 ] } },
{ "type": "Feature", "properties": { "c": "cdss_spring", "n": "BRUSH MOUNTAIN SPG NO 5B", "d": "Decreed spring · WDID 7005024" }, "geometry": { "type": "Point", "coordinates": [ -108.45332, 39.56558 ] } },
{ "type": "Feature", "properties": { "c": "cdss_spring", "n": "BRUSH MOUNTAIN SPG NO 4", "d": "Decreed spring · WDID 7005022" }, "geometry": { "type": "Point", "coordinates": [ -108.48154, 39.56839 ] } },
{ "type": "Feature", "properties": { "c": "nhd_spring", "n": "", "d": "USGS topo spring (may be dry)" }, "geometry": { "type": "Point", "coordinates": [ -108.3666, 39.56418 ] } },
{ "type": "Feature", "properties": { "c": "cdss_spring", "n": "SKINNER RIDGE SPG NO 11", "d": "Decreed spring · WDID 7005069" }, "geometry": { "type": "Point", "coordinates": [ -108.36473, 39.56466 ] } },
{ "type": "Feature", "properties": { "c": "cdss_spring", "n": "BRUZZONE SPRING", "d": "Decreed spring · WDID 7005187" }, "geometry": { "type": "Point", "coordinates": [ -108.36473, 39.56466 ] } },
{ "type": "Feature", "properties": { "c": "cdss_spring", "n": "BLANEY SPRING", "d": "Decreed spring · WDID 7005186" }, "geometry": { "type": "Point", "coordinates": [ -108.36473, 39.56466 ] } },
{ "type": "Feature", "properties": { "c": "cdss_spring", "n": "SKINNER RIDGE SPG NO 16", "d": "Decreed spring · WDID 7005074" }, "geometry": { "type": "Point", "coordinates": [ -108.37409, 39.56467 ] } },
{ "type": "Feature", "properties": { "c": "cdss_pond", "n": "CHEVRON FRESH WATER POND", "d": "Decreed stock pond · WDID 7003523" }, "geometry": { "type": "Point", "coordinates": [ -108.34756, 39.5724 ] } },
{ "type": "Feature", "properties": { "c": "cdss_spring", "n": "SKINNER RIDGE SPG NO 10", "d": "Decreed spring · WDID 7005068" }, "geometry": { "type": "Point", "coordinates": [ -108.37876, 39.57193 ] } },
{ "type": "Feature", "properties": { "c": "cdss_pond", "n": "CHEVRON FRESH WATER POND PUMP", "d": "Decreed stock pond · WDID 7000646" }, "geometry": { "type": "Point", "coordinates": [ -108.34867, 39.57323 ] } },
{ "type": "Feature", "properties": { "c": "cdss_pond", "n": "CHEVRON FRESH WATER POND FEEDER PIPELINE", "d": "Decreed stock pond · WDID 7000633" }, "geometry": { "type": "Point", "coordinates": [ -108.34867, 39.57323 ] } },
{ "type": "Feature", "properties": { "c": "nhd_spring", "n": "", "d": "USGS topo spring (may be dry)" }, "geometry": { "type": "Point", "coordinates": [ -108.37873, 39.57304 ] } },
{ "type": "Feature", "properties": { "c": "cdss_spring", "n": "GETTY SPRING 13E", "d": "Decreed spring · WDID 7005210" }, "geometry": { "type": "Point", "coordinates": [ -108.27227, 39.57503 ] } },
{ "type": "Feature", "properties": { "c": "nhd_spring", "n": "", "d": "USGS topo spring (may be dry)" }, "geometry": { "type": "Point", "coordinates": [ -108.2717, 39.57579 ] } },
{ "type": "Feature", "properties": { "c": "cdss_spring", "n": "GETTY SPRING 13D", "d": "Decreed spring · WDID 7005209" }, "geometry": { "type": "Point", "coordinates": [ -108.27185, 39.57579 ] } },
{ "type": "Feature", "properties": { "c": "cdss_spring", "n": "GETTY SPRING 13C", "d": "Decreed spring · WDID 7005208" }, "geometry": { "type": "Point", "coordinates": [ -108.27157, 39.5778 ] } },
{ "type": "Feature", "properties": { "c": "nhd_spring", "n": "", "d": "USGS topo spring (may be dry)" }, "geometry": { "type": "Point", "coordinates": [ -108.27755, 39.57773 ] } },
{ "type": "Feature", "properties": { "c": "nhd_spring", "n": "", "d": "USGS topo spring (may be dry)" }, "geometry": { "type": "Point", "coordinates": [ -108.29338, 39.57864 ] } },
{ "type": "Feature", "properties": { "c": "cdss_spring", "n": "GETTY SPRING 16C", "d": "Decreed spring · WDID 7005220" }, "geometry": { "type": "Point", "coordinates": [ -108.2948, 39.57901 ] } },
{ "type": "Feature", "properties": { "c": "cdss_spring", "n": "GETTY SPRING 16B", "d": "Decreed spring · WDID 7005219" }, "geometry": { "type": "Point", "coordinates": [ -108.2948, 39.57901 ] } },
{ "type": "Feature", "properties": { "c": "cdss_spring", "n": "GETTY SPRING 16A", "d": "Decreed spring · WDID 7005218" }, "geometry": { "type": "Point", "coordinates": [ -108.2948, 39.57901 ] } },
{ "type": "Feature", "properties": { "c": "nhd_spring", "n": "", "d": "USGS topo spring (may be dry)" }, "geometry": { "type": "Point", "coordinates": [ -108.27063, 39.58285 ] } },
{ "type": "Feature", "properties": { "c": "cdss_spring", "n": "GETTY SPRING 13B", "d": "Decreed spring · WDID 7005207" }, "geometry": { "type": "Point", "coordinates": [ -108.27069, 39.58297 ] } },
{ "type": "Feature", "properties": { "c": "cdss_spring", "n": "GETTY SPRING 11C", "d": "Decreed spring · WDID 7005199" }, "geometry": { "type": "Point", "coordinates": [ -108.26957, 39.58592 ] } },
{ "type": "Feature", "properties": { "c": "nhd_spring", "n": "", "d": "USGS topo spring (may be dry)" }, "geometry": { "type": "Point", "coordinates": [ -108.27132, 39.58601 ] } },
{ "type": "Feature", "properties": { "c": "cdss_spring", "n": "GETTY SPRING 13A", "d": "Decreed spring · WDID 7005206" }, "geometry": { "type": "Point", "coordinates": [ -108.27148, 39.58612 ] } },
{ "type": "Feature", "properties": { "c": "cdss_spring", "n": "GETTY SPRING 12A", "d": "Decreed spring · WDID 7005203" }, "geometry": { "type": "Point", "coordinates": [ -108.27131, 39.58658 ] } },
{ "type": "Feature", "properties": { "c": "cdss_spring", "n": "GETTY SPRING 11F", "d": "Decreed spring · WDID 7005202" }, "geometry": { "type": "Point", "coordinates": [ -108.27108, 39.58687 ] } },
{ "type": "Feature", "properties": { "c": "cdss_spring", "n": "GETTY SPRING 12B", "d": "Decreed spring · WDID 7005204" }, "geometry": { "type": "Point", "coordinates": [ -108.27202, 39.58688 ] } },
{ "type": "Feature", "properties": { "c": "cdss_spring", "n": "GETTY SPRING 14E", "d": "Decreed spring · WDID 7005215" }, "geometry": { "type": "Point", "coordinates": [ -108.29483, 39.58625 ] } },
{ "type": "Feature", "properties": { "c": "nhd_spring", "n": "", "d": "USGS topo spring (may be dry)" }, "geometry": { "type": "Point", "coordinates": [ -108.27162, 39.58702 ] } },
{ "type": "Feature", "properties": { "c": "cdss_spring", "n": "GETTY SPRING 19C", "d": "Decreed spring · WDID 7005227" }, "geometry": { "type": "Point", "coordinates": [ -108.31356, 39.58629 ] } },
{ "type": "Feature", "properties": { "c": "cdss_spring", "n": "GETTY SPRING 11E", "d": "Decreed spring · WDID 7005201" }, "geometry": { "type": "Point", "coordinates": [ -108.27021, 39.58791 ] } },
{ "type": "Feature", "properties": { "c": "cdss_spring", "n": "GETTY SPRING 11D", "d": "Decreed spring · WDID 7005200" }, "geometry": { "type": "Point", "coordinates": [ -108.26964, 39.58841 ] } },
{ "type": "Feature", "properties": { "c": "nhd_spring", "n": "", "d": "USGS topo spring (may be dry)" }, "geometry": { "type": "Point", "coordinates": [ -108.29292, 39.58798 ] } },
{ "type": "Feature", "properties": { "c": "cdss_spring", "n": "GETTY SPRING 11B", "d": "Decreed spring · WDID 7005198" }, "geometry": { "type": "Point", "coordinates": [ -108.2687, 39.58996 ] } },
{ "type": "Feature", "properties": { "c": "nhd_spring", "n": "", "d": "USGS topo spring (may be dry)" }, "geometry": { "type": "Point", "coordinates": [ -108.26875, 39.59 ] } },
{ "type": "Feature", "properties": { "c": "cdss_spring", "n": "GETTY SPRING 11A", "d": "Decreed spring · WDID 7005197" }, "geometry": { "type": "Point", "coordinates": [ -108.26806, 39.5905 ] } },
{ "type": "Feature", "properties": { "c": "cdss_spring", "n": "GETTY SPRING 14D", "d": "Decreed spring · WDID 7005214" }, "geometry": { "type": "Point", "coordinates": [ -108.29016, 39.58994 ] } },
{ "type": "Feature", "properties": { "c": "nhd_spring", "n": "", "d": "USGS topo spring (may be dry)" }, "geometry": { "type": "Point", "coordinates": [ -108.26787, 39.59073 ] } },
{ "type": "Feature", "properties": { "c": "cdss_spring", "n": "GETTY SPRING 19A", "d": "Decreed spring · WDID 7005225" }, "geometry": { "type": "Point", "coordinates": [ -108.30891, 39.58992 ] } },
{ "type": "Feature", "properties": { "c": "cdss_spring", "n": "GETTY SPRING 19B", "d": "Decreed spring · WDID 7005226" }, "geometry": { "type": "Point", "coordinates": [ -108.30891, 39.58992 ] } },
{ "type": "Feature", "properties": { "c": "nhd_spring", "n": "", "d": "USGS topo spring (may be dry)" }, "geometry": { "type": "Point", "coordinates": [ -108.47976, 39.56956 ] } },
{ "type": "Feature", "properties": { "c": "cdss_pond", "n": "CNR POND NO 9", "d": "Decreed stock pond · WDID 7003511" }, "geometry": { "type": "Point", "coordinates": [ -108.44242, 39.5722 ] } },
{ "type": "Feature", "properties": { "c": "cdss_pond", "n": "CNR POND NO 10", "d": "Decreed stock pond · WDID 7003512" }, "geometry": { "type": "Point", "coordinates": [ -108.44334, 39.57259 ] } },
{ "type": "Feature", "properties": { "c": "cdss_spring", "n": "ELK GULCH SPRING", "d": "Decreed spring · WDID 7005037" }, "geometry": { "type": "Point", "coordinates": [ -108.46289, 39.57556 ] } },
{ "type": "Feature", "properties": { "c": "cdss_spring", "n": "SKINNER RIDGE SPG NO 5", "d": "Decreed spring · WDID 7005078" }, "geometry": { "type": "Point", "coordinates": [ -108.42081, 39.57917 ] } },
{ "type": "Feature", "properties": { "c": "cdss_spring", "n": "SKINNER RIDGE SPG NO 4", "d": "Decreed spring · WDID 7005077" }, "geometry": { "type": "Point", "coordinates": [ -108.4395, 39.58276 ] } },
{ "type": "Feature", "properties": { "c": "nhd_spring", "n": "", "d": "USGS topo spring (may be dry)" }, "geometry": { "type": "Point", "coordinates": [ -108.484, 39.58453 ] } },
{ "type": "Feature", "properties": { "c": "cdss_spring", "n": "BRIDGES SPRING", "d": "Decreed spring · WDID 7005021" }, "geometry": { "type": "Point", "coordinates": [ -108.48149, 39.59008 ] } },
{ "type": "Feature", "properties": { "c": "nhd_spring", "n": "", "d": "USGS topo spring (may be dry)" }, "geometry": { "type": "Point", "coordinates": [ -108.45751, 39.59685 ] } },
{ "type": "Feature", "properties": { "c": "cdss_spring", "n": "SKINNER RIDGE SPG NO 1", "d": "Decreed spring · WDID 7005067" }, "geometry": { "type": "Point", "coordinates": [ -108.47685, 39.60456 ] } },
{ "type": "Feature", "properties": { "c": "nhd_spring", "n": "", "d": "USGS topo spring (may be dry)" }, "geometry": { "type": "Point", "coordinates": [ -108.29072, 39.59112 ] } },
{ "type": "Feature", "properties": { "c": "nhd_spring", "n": "", "d": "USGS topo spring (may be dry)" }, "geometry": { "type": "Point", "coordinates": [ -108.27487, 39.59178 ] } },
{ "type": "Feature", "properties": { "c": "cdss_spring", "n": "GETTY SPRING 12C", "d": "Decreed spring · WDID 7005205" }, "geometry": { "type": "Point", "coordinates": [ -108.27503, 39.59178 ] } },
{ "type": "Feature", "properties": { "c": "nhd_spring", "n": "", "d": "USGS topo spring (may be dry)" }, "geometry": { "type": "Point", "coordinates": [ -108.29655, 39.59274 ] } },
{ "type": "Feature", "properties": { "c": "cdss_spring", "n": "GETTY SPRING 14C", "d": "Decreed spring · WDID 7005213" }, "geometry": { "type": "Point", "coordinates": [ -108.2902, 39.59364 ] } },
{ "type": "Feature", "properties": { "c": "cdss_spring", "n": "GETTY SPRING 15A", "d": "Decreed spring · WDID 7005216" }, "geometry": { "type": "Point", "coordinates": [ -108.29488, 39.59363 ] } },
{ "type": "Feature", "properties": { "c": "cdss_spring", "n": "GETTY SPRING 20A", "d": "Decreed spring · WDID 7005228" }, "geometry": { "type": "Point", "coordinates": [ -108.32299, 39.59363 ] } },
{ "type": "Feature", "properties": { "c": "nhd_spring", "n": "", "d": "USGS topo spring (may be dry)" }, "geometry": { "type": "Point", "coordinates": [ -108.28994, 39.596 ] } },
{ "type": "Feature", "properties": { "c": "nhd_spring", "n": "", "d": "USGS topo spring (may be dry)" }, "geometry": { "type": "Point", "coordinates": [ -108.27496, 39.59762 ] } },
{ "type": "Feature", "properties": { "c": "cdss_spring", "n": "GETTY SPRING 14B", "d": "Decreed spring · WDID 7005212" }, "geometry": { "type": "Point", "coordinates": [ -108.29021, 39.59726 ] } },
{ "type": "Feature", "properties": { "c": "nhd_spring", "n": "", "d": "USGS topo spring (may be dry)" }, "geometry": { "type": "Point", "coordinates": [ -108.38397, 39.57502 ] } },
{ "type": "Feature", "properties": { "c": "nhd_spring", "n": "", "d": "USGS topo spring (may be dry)" }, "geometry": { "type": "Point", "coordinates": [ -108.38265, 39.57518 ] } },
{ "type": "Feature", "properties": { "c": "cdss_spring", "n": "SKINNER RIDGE SPG NO 9", "d": "Decreed spring · WDID 7005082" }, "geometry": { "type": "Point", "coordinates": [ -108.37875, 39.57552 ] } },
{ "type": "Feature", "properties": { "c": "cdss_spring", "n": "SKINNER RIDGE SPG NO 8", "d": "Decreed spring · WDID 7005081" }, "geometry": { "type": "Point", "coordinates": [ -108.38336, 39.57553 ] } },
{ "type": "Feature", "properties": { "c": "cdss_spring", "n": "SKINNER RIDGE SPG NO 7", "d": "Decreed spring · WDID 7005080" }, "geometry": { "type": "Point", "coordinates": [ -108.38799, 39.57913 ] } },
{ "type": "Feature", "properties": { "c": "nhd_spring", "n": "", "d": "USGS topo spring (may be dry)" }, "geometry": { "type": "Point", "coordinates": [ -108.3988, 39.58589 ] } },
{ "type": "Feature", "properties": { "c": "cdss_spring", "n": "SKINNER RIDGE SPG NO 6", "d": "Decreed spring · WDID 7005079" }, "geometry": { "type": "Point", "coordinates": [ -108.39741, 39.58639 ] } },
{ "type": "Feature", "properties": { "c": "nhd_spring", "n": "", "d": "USGS topo spring (may be dry)" }, "geometry": { "type": "Point", "coordinates": [ -108.32879, 39.60666 ] } },
{ "type": "Feature", "properties": { "c": "nhd_spring", "n": "", "d": "USGS topo spring (may be dry)" }, "geometry": { "type": "Point", "coordinates": [ -108.35057, 39.60924 ] } },
{ "type": "Feature", "properties": { "c": "nhd_spring", "n": "", "d": "USGS topo spring (may be dry)" }, "geometry": { "type": "Point", "coordinates": [ -108.34849, 39.61755 ] } },
{ "type": "Feature", "properties": { "c": "cdss_spring", "n": "BEST SPRING", "d": "Decreed spring · WDID 3905551" }, "geometry": { "type": "Point", "coordinates": [ -107.97749, 39.57939 ] } },
{ "type": "Feature", "properties": { "c": "cdss_spring", "n": "BOG SPRING", "d": "Decreed spring · WDID 3905555" }, "geometry": { "type": "Point", "coordinates": [ -108.00089, 39.57936 ] } },
{ "type": "Feature", "properties": { "c": "cdss_spring", "n": "ELK TRAIL SPRING", "d": "Decreed spring · WDID 3906302" }, "geometry": { "type": "Point", "coordinates": [ -107.96561, 39.5823 ] } },
{ "type": "Feature", "properties": { "c": "cdss_spring", "n": "BLIP SPRING", "d": "Decreed spring · WDID 3905550" }, "geometry": { "type": "Point", "coordinates": [ -107.9775, 39.58301 ] } },
{ "type": "Feature", "properties": { "c": "cdss_spring", "n": "SWP SPRING #1", "d": "Decreed spring · WDID 3906299" }, "geometry": { "type": "Point", "coordinates": [ -107.98854, 39.58328 ] } },
{ "type": "Feature", "properties": { "c": "cdss_spring", "n": "BEN GOODE SPRING #2", "d": "Decreed spring · WDID 3906298" }, "geometry": { "type": "Point", "coordinates": [ -107.97889, 39.58655 ] } },
{ "type": "Feature", "properties": { "c": "cdss_spring", "n": "BUCK SPRING", "d": "Decreed spring · WDID 3905556" }, "geometry": { "type": "Point", "coordinates": [ -108.00556, 39.58663 ] } },
{ "type": "Feature", "properties": { "c": "cdss_spring", "n": "JQS TRAIL SPRING", "d": "Decreed spring · WDID 3906357" }, "geometry": { "type": "Point", "coordinates": [ -107.97305, 39.58793 ] } },
{ "type": "Feature", "properties": { "c": "cdss_spring", "n": "BEN GOODE SPRING #1", "d": "Decreed spring · WDID 3906297" }, "geometry": { "type": "Point", "coordinates": [ -107.98103, 39.58847 ] } },
{ "type": "Feature", "properties": { "c": "cdss_spring", "n": "NOSR SPRING #2", "d": "Decreed spring · WDID 3906301" }, "geometry": { "type": "Point", "coordinates": [ -107.95922, 39.59047 ] } },
{ "type": "Feature", "properties": { "c": "cdss_spring", "n": "RUTH ELLEN SPRING", "d": "Decreed spring · WDID 3906361" }, "geometry": { "type": "Point", "coordinates": [ -107.94751, 39.58876 ] } },
{ "type": "Feature", "properties": { "c": "cdss_spring", "n": "FIRST WATER SPRING", "d": "Decreed spring · WDID 3906365" }, "geometry": { "type": "Point", "coordinates": [ -107.92354, 39.58982 ] } },
{ "type": "Feature", "properties": { "c": "cdss_spring", "n": "RM SPRING", "d": "Decreed spring · WDID 3906310" }, "geometry": { "type": "Point", "coordinates": [ -107.93449, 39.59035 ] } },
{ "type": "Feature", "properties": { "c": "cdss_spring", "n": "ROAN CLIFFS SPRING NO 45", "d": "Decreed spring · WDID 3906036" }, "geometry": { "type": "Point", "coordinates": [ -107.90626, 39.5912 ] } },
{ "type": "Feature", "properties": { "c": "cdss_spring", "n": "BANE SPRING", "d": "Decreed spring · WDID 3905526" }, "geometry": { "type": "Point", "coordinates": [ -107.92855, 39.59119 ] } },
{ "type": "Feature", "properties": { "c": "cdss_spring", "n": "BLUE CABIN SPRING #2", "d": "Decreed spring · WDID 3906363" }, "geometry": { "type": "Point", "coordinates": [ -107.91716, 39.59367 ] } },
{ "type": "Feature", "properties": { "c": "cdss_spring", "n": "BLUE CABIN SPRING", "d": "Decreed spring · WDID 3905548" }, "geometry": { "type": "Point", "coordinates": [ -107.91661, 39.59411 ] } },
{ "type": "Feature", "properties": { "c": "cdss_spring", "n": "JQS SPRING NO 2", "d": "Decreed spring · WDID 3905560" }, "geometry": { "type": "Point", "coordinates": [ -107.93533, 39.59407 ] } },
{ "type": "Feature", "properties": { "c": "cdss_spring", "n": "RASPBERRY SPRING", "d": "Decreed spring · WDID 3906358" }, "geometry": { "type": "Point", "coordinates": [ -107.94196, 39.59648 ] } },
{ "type": "Feature", "properties": { "c": "cdss_spring", "n": "JQS SPRING", "d": "Decreed spring · WDID 3905562" }, "geometry": { "type": "Point", "coordinates": [ -107.90725, 39.59772 ] } },
{ "type": "Feature", "properties": { "c": "cdss_spring", "n": "HIDDEN SPRING", "d": "Decreed spring · WDID 3906089" }, "geometry": { "type": "Point", "coordinates": [ -108.04751, 39.57213 ] } },
{ "type": "Feature", "properties": { "c": "nhd_spring", "n": "", "d": "USGS topo spring (may be dry)" }, "geometry": { "type": "Point", "coordinates": [ -108.01808, 39.57411 ] } },
{ "type": "Feature", "properties": { "c": "cdss_spring", "n": "SWP NO 5 SPRING", "d": "Decreed spring · WDID 3905543" }, "geometry": { "type": "Point", "coordinates": [ -108.00558, 39.57578 ] } },
{ "type": "Feature", "properties": { "c": "cdss_spring", "n": "SWP SPRING NO 2", "d": "Decreed spring · WDID 3905564" }, "geometry": { "type": "Point", "coordinates": [ -108.01939, 39.57578 ] } },
{ "type": "Feature", "properties": { "c": "cdss_pond", "n": "NOSR E PARACHUTE CR RES", "d": "Decreed stock pond · WDID 3904013" }, "geometry": { "type": "Point", "coordinates": [ -108.0288, 39.57576 ] } },
{ "type": "Feature", "properties": { "c": "nhd_spring", "n": "", "d": "USGS topo spring (may be dry)" }, "geometry": { "type": "Point", "coordinates": [ -108.00598, 39.58534 ] } },
{ "type": "Feature", "properties": { "c": "cdss_spring", "n": "LONG RIDGE SPRING NO 3", "d": "Decreed spring · WDID 3906077" }, "geometry": { "type": "Point", "coordinates": [ -108.03356, 39.59752 ] } },
{ "type": "Feature", "properties": { "c": "nhd_spring", "n": "", "d": "USGS topo spring (may be dry)" }, "geometry": { "type": "Point", "coordinates": [ -108.06125, 39.59697 ] } },
{ "type": "Feature", "properties": { "c": "cdss_spring", "n": "LONG RIDGE SPRING NO 2", "d": "Decreed spring · WDID 3906076" }, "geometry": { "type": "Point", "coordinates": [ -108.06163, 39.59747 ] } },
{ "type": "Feature", "properties": { "c": "nhd_spring", "n": "", "d": "USGS topo spring (may be dry)" }, "geometry": { "type": "Point", "coordinates": [ -108.01461, 39.6113 ] } },
{ "type": "Feature", "properties": { "c": "cdss_spring", "n": "NOSR SPRING #1", "d": "Decreed spring · WDID 3906300" }, "geometry": { "type": "Point", "coordinates": [ -107.96365, 39.59059 ] } },
{ "type": "Feature", "properties": { "c": "cdss_spring", "n": "ELDERBERRY SPRING", "d": "Decreed spring · WDID 3906360" }, "geometry": { "type": "Point", "coordinates": [ -107.95268, 39.59572 ] } },
{ "type": "Feature", "properties": { "c": "cdss_spring", "n": "TURKEY SPRING", "d": "Decreed spring · WDID 3906296" }, "geometry": { "type": "Point", "coordinates": [ -107.95783, 39.59707 ] } },
{ "type": "Feature", "properties": { "c": "cdss_spring", "n": "COTTONWOOD SPRING NO 1", "d": "Decreed spring · WDID 3905530" }, "geometry": { "type": "Point", "coordinates": [ -107.98224, 39.59746 ] } },
{ "type": "Feature", "properties": { "c": "cdss_spring", "n": "NEP SPRING NO 3", "d": "Decreed spring · WDID 3905559" }, "geometry": { "type": "Point", "coordinates": [ -107.97301, 39.59836 ] } },
{ "type": "Feature", "properties": { "c": "cdss_spring", "n": "ROAN CLIFFS SPRING NO 35", "d": "Decreed spring · WDID 3906035" }, "geometry": { "type": "Point", "coordinates": [ -107.96866, 39.59945 ] } },
{ "type": "Feature", "properties": { "c": "cdss_spring", "n": "BUR SPRING", "d": "Decreed spring · WDID 3905528" }, "geometry": { "type": "Point", "coordinates": [ -107.98226, 39.60108 ] } },
{ "type": "Feature", "properties": { "c": "cdss_spring", "n": "BUY SPRING", "d": "Decreed spring · WDID 3905553" }, "geometry": { "type": "Point", "coordinates": [ -107.98694, 39.60108 ] } },
{ "type": "Feature", "properties": { "c": "cdss_spring", "n": "NEP SPRING NO 2", "d": "Decreed spring · WDID 3905563" }, "geometry": { "type": "Point", "coordinates": [ -107.99157, 39.60107 ] } },
{ "type": "Feature", "properties": { "c": "cdss_spring", "n": "ROAN CLIFFS SPRING NO 33", "d": "Decreed spring · WDID 3906033" }, "geometry": { "type": "Point", "coordinates": [ -107.97277, 39.60381 ] } },
{ "type": "Feature", "properties": { "c": "cdss_spring", "n": "ROAN CLIFFS SPRING NO 37", "d": "Decreed spring · WDID 3906020" }, "geometry": { "type": "Point", "coordinates": [ -107.93535, 39.59769 ] } },
{ "type": "Feature", "properties": { "c": "cdss_spring", "n": "WALLOW SPRING #2", "d": "Decreed spring · WDID 3906359" }, "geometry": { "type": "Point", "coordinates": [ -107.94623, 39.59865 ] } },
{ "type": "Feature", "properties": { "c": "cdss_spring", "n": "SPRUCE DRAW SPRING", "d": "Decreed spring · WDID 3906355" }, "geometry": { "type": "Point", "coordinates": [ -107.93365, 39.60002 ] } },
{ "type": "Feature", "properties": { "c": "cdss_spring", "n": "SUMMER SPRING", "d": "Decreed spring · WDID 3906366" }, "geometry": { "type": "Point", "coordinates": [ -107.92145, 39.60196 ] } },
{ "type": "Feature", "properties": { "c": "cdss_spring", "n": "STOCK SPRING", "d": "Decreed spring · WDID 3906341" }, "geometry": { "type": "Point", "coordinates": [ -107.90536, 39.60335 ] } },
{ "type": "Feature", "properties": { "c": "cdss_spring", "n": "BELLA SPRING", "d": "Decreed spring · WDID 3906367" }, "geometry": { "type": "Point", "coordinates": [ -107.92571, 39.60305 ] } },
{ "type": "Feature", "properties": { "c": "cdss_spring", "n": "CLOUGH SPRING", "d": "Decreed spring · WDID 3906354" }, "geometry": { "type": "Point", "coordinates": [ -107.93881, 39.60372 ] } },
{ "type": "Feature", "properties": { "c": "cdss_spring", "n": "LONG RIDGE SPRING", "d": "Decreed spring · WDID 3906364" }, "geometry": { "type": "Point", "coordinates": [ -107.91509, 39.60594 ] } },
{ "type": "Feature", "properties": { "c": "cdss_spring", "n": "LITTLE SPRUCE DRAW SPRING", "d": "Decreed spring · WDID 3906353" }, "geometry": { "type": "Point", "coordinates": [ -107.93048, 39.60785 ] } },
{ "type": "Feature", "properties": { "c": "cdss_spring", "n": "TWIN SPRING", "d": "Decreed spring · WDID 3906352" }, "geometry": { "type": "Point", "coordinates": [ -107.9319, 39.6084 ] } },
{ "type": "Feature", "properties": { "c": "cdss_spring", "n": "ROAN CLIFFS SPRING NO 34", "d": "Decreed spring · WDID 3906034" }, "geometry": { "type": "Point", "coordinates": [ -107.97277, 39.60381 ] } },
{ "type": "Feature", "properties": { "c": "cdss_spring", "n": "ROAN CLIFFS SPRING NO 31", "d": "Decreed spring · WDID 3906031" }, "geometry": { "type": "Point", "coordinates": [ -107.96428, 39.60469 ] } },
{ "type": "Feature", "properties": { "c": "cdss_spring", "n": "NE NEP SPRING", "d": "Decreed spring · WDID 3905542" }, "geometry": { "type": "Point", "coordinates": [ -107.9776, 39.60472 ] } },
{ "type": "Feature", "properties": { "c": "cdss_spring", "n": "ROAN CLIFFS SPRING NO 32", "d": "Decreed spring · WDID 3906032" }, "geometry": { "type": "Point", "coordinates": [ -107.96674, 39.60577 ] } },
{ "type": "Feature", "properties": { "c": "cdss_spring", "n": "NEP SPRING NO 1", "d": "Decreed spring · WDID 3905545" }, "geometry": { "type": "Point", "coordinates": [ -108.00004, 39.60563 ] } },
{ "type": "Feature", "properties": { "c": "cdss_spring", "n": "LINDAUER SPRING", "d": "Decreed spring · WDID 3906345" }, "geometry": { "type": "Point", "coordinates": [ -107.97863, 39.60668 ] } },
{ "type": "Feature", "properties": { "c": "nhd_spring", "n": "", "d": "USGS topo spring (may be dry)" }, "geometry": { "type": "Point", "coordinates": [ -107.97894, 39.60675 ] } },
{ "type": "Feature", "properties": { "c": "cdss_spring", "n": "ROAN CLIFFS SPRING NO 22", "d": "Decreed spring · WDID 3906016" }, "geometry": { "type": "Point", "coordinates": [ -107.95415, 39.60848 ] } },
{ "type": "Feature", "properties": { "c": "cdss_spring", "n": "BEE SPRING", "d": "Decreed spring · WDID 3906320" }, "geometry": { "type": "Point", "coordinates": [ -108.00419, 39.61164 ] } },
{ "type": "Feature", "properties": { "c": "cdss_spring", "n": "SOUTH COOK SPRING", "d": "Decreed spring · WDID 3905533" }, "geometry": { "type": "Point", "coordinates": [ -107.99158, 39.61198 ] } },
{ "type": "Feature", "properties": { "c": "cdss_spring", "n": "ROAN CLIFFS SPRING NO 20", "d": "Decreed spring · WDID 3906014" }, "geometry": { "type": "Point", "coordinates": [ -107.94478, 39.60853 ] } },
{ "type": "Feature", "properties": { "c": "cdss_spring", "n": "ROAN CLIFFS SPRING NO 23", "d": "Decreed spring · WDID 3906017" }, "geometry": { "type": "Point", "coordinates": [ -107.94946, 39.6085 ] } },
{ "type": "Feature", "properties": { "c": "cdss_spring", "n": "BLAIR SPRING", "d": "Decreed spring · WDID 3906349" }, "geometry": { "type": "Point", "coordinates": [ -107.91916, 39.60992 ] } },
{ "type": "Feature", "properties": { "c": "cdss_spring", "n": "CABIN DRAW SPRING", "d": "Decreed spring · WDID 3906347" }, "geometry": { "type": "Point", "coordinates": [ -107.91294, 39.61226 ] } },
{ "type": "Feature", "properties": { "c": "cdss_spring", "n": "BRONCOS LOST SPRING", "d": "Decreed spring · WDID 3906350" }, "geometry": { "type": "Point", "coordinates": [ -107.9195, 39.6148 ] } },
{ "type": "Feature", "properties": { "c": "cdss_spring", "n": "N. NORTHWATER SPRING", "d": "Decreed spring · WDID 3906351" }, "geometry": { "type": "Point", "coordinates": [ -107.92357, 39.61603 ] } },
{ "type": "Feature", "properties": { "c": "cdss_spring", "n": "BULL WALLOW SPRING", "d": "Decreed spring · WDID 3906328" }, "geometry": { "type": "Point", "coordinates": [ -107.93349, 39.61712 ] } },
{ "type": "Feature", "properties": { "c": "cdss_spring", "n": "HORSE PASTURE SPRING", "d": "Decreed spring · WDID 3906348" }, "geometry": { "type": "Point", "coordinates": [ -107.90842, 39.61838 ] } },
{ "type": "Feature", "properties": { "c": "cdss_spring", "n": "ROAN CLIFFS SPRING NO 16", "d": "Decreed spring · WDID 3906013" }, "geometry": { "type": "Point", "coordinates": [ -107.92129, 39.61944 ] } },
{ "type": "Feature", "properties": { "c": "cdss_spring", "n": "TRICHNER SPRING", "d": "Decreed spring · WDID 3906330" }, "geometry": { "type": "Point", "coordinates": [ -107.94005, 39.62232 ] } },
{ "type": "Feature", "properties": { "c": "cdss_spring", "n": "SOUTH COOK SPRING #2", "d": "Decreed spring · WDID 3906346" }, "geometry": { "type": "Point", "coordinates": [ -107.98467, 39.61422 ] } },
{ "type": "Feature", "properties": { "c": "cdss_spring", "n": "ROAN CLIFFS SPRING NO 21", "d": "Decreed spring · WDID 3906015" }, "geometry": { "type": "Point", "coordinates": [ -107.95416, 39.61572 ] } },
{ "type": "Feature", "properties": { "c": "cdss_spring", "n": "SOUTH COOK SPRING #3", "d": "Decreed spring · WDID 3906333" }, "geometry": { "type": "Point", "coordinates": [ -107.97255, 39.6156 ] } },
{ "type": "Feature", "properties": { "c": "cdss_spring", "n": "ROAN CLIFFS SPRING NO 24", "d": "Decreed spring · WDID 3906018" }, "geometry": { "type": "Point", "coordinates": [ -107.95888, 39.61931 ] } },
{ "type": "Feature", "properties": { "c": "cdss_spring", "n": "ROAN CLIFFS SPRING NO 26", "d": "Decreed spring · WDID 3906019" }, "geometry": { "type": "Point", "coordinates": [ -107.97289, 39.61925 ] } },
{ "type": "Feature", "properties": { "c": "cdss_spring", "n": "BC SPRING", "d": "Decreed spring · WDID 3906332" }, "geometry": { "type": "Point", "coordinates": [ -107.96614, 39.62106 ] } },
{ "type": "Feature", "properties": { "c": "cdss_spring", "n": "ROAN CLIFFS SPRING NO 10", "d": "Decreed spring · WDID 3906011" }, "geometry": { "type": "Point", "coordinates": [ -107.95887, 39.62293 ] } },
{ "type": "Feature", "properties": { "c": "cdss_spring", "n": "ROAN CLIFFS SPRING NO 9", "d": "Decreed spring · WDID 3906010" }, "geometry": { "type": "Point", "coordinates": [ -107.97753, 39.62289 ] } },
{ "type": "Feature", "properties": { "c": "cdss_spring", "n": "NORTH COOK SPRING", "d": "Decreed spring · WDID 3905532" }, "geometry": { "type": "Point", "coordinates": [ -107.98222, 39.62289 ] } },
{ "type": "Feature", "properties": { "c": "cdss_spring", "n": "C A LINE SPRING", "d": "Decreed spring · WDID 3905538" }, "geometry": { "type": "Point", "coordinates": [ -107.98386, 39.62494 ] } },
{ "type": "Feature", "properties": { "c": "cdss_spring", "n": "CLOE SPRING", "d": "Decreed spring · WDID 3905557" }, "geometry": { "type": "Point", "coordinates": [ -108.01488, 39.61199 ] } },
{ "type": "Feature", "properties": { "c": "cdss_spring", "n": "NWP SPRING NO 2", "d": "Decreed spring · WDID 3905535" }, "geometry": { "type": "Point", "coordinates": [ -108.01956, 39.61198 ] } },
{ "type": "Feature", "properties": { "c": "nhd_spring", "n": "", "d": "USGS topo spring (may be dry)" }, "geometry": { "type": "Point", "coordinates": [ -108.04359, 39.61448 ] } },
{ "type": "Feature", "properties": { "c": "cdss_spring", "n": "NWP SPRING #1", "d": "Decreed spring · WDID 3906319" }, "geometry": { "type": "Point", "coordinates": [ -108.02686, 39.61546 ] } },
{ "type": "Feature", "properties": { "c": "nhd_spring", "n": "", "d": "USGS topo spring (may be dry)" }, "geometry": { "type": "Point", "coordinates": [ -108.02683, 39.61556 ] } },
{ "type": "Feature", "properties": { "c": "cdss_spring", "n": "LONG RIDGE SPRING NO 4", "d": "Decreed spring · WDID 3906078" }, "geometry": { "type": "Point", "coordinates": [ -108.03363, 39.61557 ] } },
{ "type": "Feature", "properties": { "c": "cdss_spring", "n": "LONG RIDGE SPRING NO 5", "d": "Decreed spring · WDID 3906079" }, "geometry": { "type": "Point", "coordinates": [ -108.04302, 39.61919 ] } },
{ "type": "Feature", "properties": { "c": "cdss_pond", "n": "EAST MIDDLE FORK RES", "d": "Decreed stock pond · WDID 3903929" }, "geometry": { "type": "Point", "coordinates": [ -108.04074, 39.61953 ] } },
{ "type": "Feature", "properties": { "c": "nhd_spring", "n": "", "d": "USGS topo spring (may be dry)" }, "geometry": { "type": "Point", "coordinates": [ -108.059, 39.62371 ] } },
{ "type": "Feature", "properties": { "c": "nhd_spring", "n": "", "d": "USGS topo spring (may be dry)" }, "geometry": { "type": "Point", "coordinates": [ -108.04825, 39.62619 ] } },
{ "type": "Feature", "properties": { "c": "cdss_spring", "n": "THREE TANK SPRING #2", "d": "Decreed spring · WDID 3906331" }, "geometry": { "type": "Point", "coordinates": [ -107.94272, 39.62422 ] } },
{ "type": "Feature", "properties": { "c": "cdss_spring", "n": "BEMIS SPRING", "d": "Decreed spring · WDID 3905565" }, "geometry": { "type": "Point", "coordinates": [ -107.94254, 39.62563 ] } },
{ "type": "Feature", "properties": { "c": "cdss_spring", "n": "LITTLE TRICHNER SPRING", "d": "Decreed spring · WDID 3906329" }, "geometry": { "type": "Point", "coordinates": [ -107.9422, 39.62632 ] } },
{ "type": "Feature", "properties": { "c": "cdss_spring", "n": "ROAN CLIFFS SPRING NO 11", "d": "Decreed spring · WDID 3906012" }, "geometry": { "type": "Point", "coordinates": [ -107.94481, 39.63392 ] } },
{ "type": "Feature", "properties": { "c": "cdss_spring", "n": "ROAN CLIFFS SPRING NO 4", "d": "Decreed spring · WDID 3906005" }, "geometry": { "type": "Point", "coordinates": [ -107.93544, 39.63762 ] } },
{ "type": "Feature", "properties": { "c": "cdss_spring", "n": "ROAN CLIFFS SPRING NO 3", "d": "Decreed spring · WDID 3906004" }, "geometry": { "type": "Point", "coordinates": [ -107.93544, 39.63762 ] } },
{ "type": "Feature", "properties": { "c": "cdss_spring", "n": "GEORGIA SPRING", "d": "Decreed spring · WDID 3906342" }, "geometry": { "type": "Point", "coordinates": [ -107.93477, 39.64075 ] } },
{ "type": "Feature", "properties": { "c": "cdss_spring", "n": "ROAN CLIFFS SPRING NO 6", "d": "Decreed spring · WDID 3906007" }, "geometry": { "type": "Point", "coordinates": [ -107.94013, 39.64123 ] } },
{ "type": "Feature", "properties": { "c": "cdss_spring", "n": "ROAN CLIFFS SPRING NO 2", "d": "Decreed spring · WDID 3906003" }, "geometry": { "type": "Point", "coordinates": [ -107.93543, 39.64893 ] } },
{ "type": "Feature", "properties": { "c": "cdss_spring", "n": "COW CANYON #1 SPRING", "d": "Decreed spring · WDID 4301976" }, "geometry": { "type": "Point", "coordinates": [ -107.9523, 39.65952 ] } },
{ "type": "Feature", "properties": { "c": "nhd_spring", "n": "", "d": "USGS topo spring (may be dry)" }, "geometry": { "type": "Point", "coordinates": [ -108.23425, 39.60727 ] } },
{ "type": "Feature", "properties": { "c": "nhd_spring", "n": "", "d": "USGS topo spring (may be dry)" }, "geometry": { "type": "Point", "coordinates": [ -108.23865, 39.60726 ] } },
{ "type": "Feature", "properties": { "c": "cdss_spring", "n": "GETTY SPRING 6D", "d": "Decreed spring · WDID 3905473" }, "geometry": { "type": "Point", "coordinates": [ -108.23395, 39.60813 ] } },
{ "type": "Feature", "properties": { "c": "cdss_spring", "n": "GETTY SPRING 6F", "d": "Decreed spring · WDID 3905475" }, "geometry": { "type": "Point", "coordinates": [ -108.23862, 39.60813 ] } },
{ "type": "Feature", "properties": { "c": "cdss_spring", "n": "GETTY SPRING 1E", "d": "Decreed spring · WDID 3905461" }, "geometry": { "type": "Point", "coordinates": [ -108.24798, 39.60811 ] } },
{ "type": "Feature", "properties": { "c": "cdss_spring", "n": "GETTY SPRING 1D", "d": "Decreed spring · WDID 3905460" }, "geometry": { "type": "Point", "coordinates": [ -108.24798, 39.60811 ] } },
{ "type": "Feature", "properties": { "c": "cdss_spring", "n": "GETTY SPRING 1B", "d": "Decreed spring · WDID 3905458" }, "geometry": { "type": "Point", "coordinates": [ -108.25272, 39.60811 ] } },
{ "type": "Feature", "properties": { "c": "cdss_spring", "n": "GETTY SPRING 1C", "d": "Decreed spring · WDID 3905459" }, "geometry": { "type": "Point", "coordinates": [ -108.25272, 39.60811 ] } },
{ "type": "Feature", "properties": { "c": "nhd_spring", "n": "", "d": "USGS topo spring (may be dry)" }, "geometry": { "type": "Point", "coordinates": [ -108.26031, 39.60805 ] } },
{ "type": "Feature", "properties": { "c": "cdss_spring", "n": "GETTY SPRING 1A", "d": "Decreed spring · WDID 3905457" }, "geometry": { "type": "Point", "coordinates": [ -108.26214, 39.60814 ] } },
{ "type": "Feature", "properties": { "c": "nhd_spring", "n": "", "d": "USGS topo spring (may be dry)" }, "geometry": { "type": "Point", "coordinates": [ -108.25219, 39.60915 ] } },
{ "type": "Feature", "properties": { "c": "nhd_spring", "n": "", "d": "USGS topo spring (may be dry)" }, "geometry": { "type": "Point", "coordinates": [ -108.25013, 39.60933 ] } },
{ "type": "Feature", "properties": { "c": "nhd_spring", "n": "", "d": "USGS topo spring (may be dry)" }, "geometry": { "type": "Point", "coordinates": [ -108.23241, 39.61162 ] } },
{ "type": "Feature", "properties": { "c": "cdss_spring", "n": "GETTY SPRING 6C", "d": "Decreed spring · WDID 3905472" }, "geometry": { "type": "Point", "coordinates": [ -108.23397, 39.61175 ] } },
{ "type": "Feature", "properties": { "c": "nhd_spring", "n": "", "d": "USGS topo spring (may be dry)" }, "geometry": { "type": "Point", "coordinates": [ -108.22929, 39.61458 ] } },
{ "type": "Feature", "properties": { "c": "nhd_spring", "n": "", "d": "USGS topo spring (may be dry)" }, "geometry": { "type": "Point", "coordinates": [ -108.21143, 39.6152 ] } },
{ "type": "Feature", "properties": { "c": "cdss_spring", "n": "GETTY SPRING 6B", "d": "Decreed spring · WDID 3905471" }, "geometry": { "type": "Point", "coordinates": [ -108.2293, 39.61538 ] } },
{ "type": "Feature", "properties": { "c": "cdss_spring", "n": "GETTY SPRING 6A", "d": "Decreed spring · WDID 3905470" }, "geometry": { "type": "Point", "coordinates": [ -108.22463, 39.61902 ] } },
{ "type": "Feature", "properties": { "c": "nhd_spring", "n": "", "d": "USGS topo spring (may be dry)" }, "geometry": { "type": "Point", "coordinates": [ -108.20961, 39.61955 ] } },
{ "type": "Feature", "properties": { "c": "nhd_spring", "n": "", "d": "USGS topo spring (may be dry)" }, "geometry": { "type": "Point", "coordinates": [ -108.20884, 39.62021 ] } },
{ "type": "Feature", "properties": { "c": "nhd_spring", "n": "", "d": "USGS topo spring (may be dry)" }, "geometry": { "type": "Point", "coordinates": [ -108.16817, 39.60852 ] } },
{ "type": "Feature", "properties": { "c": "nhd_spring", "n": "", "d": "USGS topo spring (may be dry)" }, "geometry": { "type": "Point", "coordinates": [ -108.16818, 39.60878 ] } },
{ "type": "Feature", "properties": { "c": "cdss_spring", "n": "SHEEP GULCH SPRING", "d": "Decreed spring · WDID 3906074" }, "geometry": { "type": "Point", "coordinates": [ -108.16707, 39.60965 ] } },
{ "type": "Feature", "properties": { "c": "cdss_spring", "n": "JACK RABBIT RIDGE SPRING", "d": "Decreed spring · WDID 3905426" }, "geometry": { "type": "Point", "coordinates": [ -108.19979, 39.61314 ] } },
{ "type": "Feature", "properties": { "c": "nhd_spring", "n": "", "d": "USGS topo spring (may be dry)" }, "geometry": { "type": "Point", "coordinates": [ -108.19627, 39.62224 ] } },
{ "type": "Feature", "properties": { "c": "cdss_spring", "n": "CALF SPRING", "d": "Decreed spring · WDID 3906070" }, "geometry": { "type": "Point", "coordinates": [ -108.16714, 39.62771 ] } },
{ "type": "Feature", "properties": { "c": "nhd_spring", "n": "", "d": "USGS topo spring (may be dry)" }, "geometry": { "type": "Point", "coordinates": [ -108.19911, 39.63338 ] } },
{ "type": "Feature", "properties": { "c": "nhd_spring", "n": "", "d": "USGS topo spring (may be dry)" }, "geometry": { "type": "Point", "coordinates": [ -108.18752, 39.63864 ] } },
{ "type": "Feature", "properties": { "c": "cdss_spring", "n": "SEEP SPRING NO 3", "d": "Decreed spring · WDID 3906073" }, "geometry": { "type": "Point", "coordinates": [ -108.19992, 39.63859 ] } },
{ "type": "Feature", "properties": { "c": "cdss_spring", "n": "SEEP SPRING NO 2", "d": "Decreed spring · WDID 3906072" }, "geometry": { "type": "Point", "coordinates": [ -108.19992, 39.63859 ] } },
{ "type": "Feature", "properties": { "c": "cdss_pond", "n": "LOWER E MIDDLE FORK RES", "d": "Decreed stock pond · WDID 3903523" }, "geometry": { "type": "Point", "coordinates": [ -108.09444, 39.60845 ] } },
{ "type": "Feature", "properties": { "c": "cdss_pond", "n": "COLONY SEDIMENT POND B", "d": "Decreed stock pond · WDID 3903544" }, "geometry": { "type": "Point", "coordinates": [ -108.10604, 39.60884 ] } },
{ "type": "Feature", "properties": { "c": "cdss_pond", "n": "COLONY SEDIMENT POND A", "d": "Decreed stock pond · WDID 3903543" }, "geometry": { "type": "Point", "coordinates": [ -108.10747, 39.61315 ] } },
{ "type": "Feature", "properties": { "c": "cdss_pond", "n": "DAVIS GULCH RESERVOIR", "d": "Decreed stock pond · WDID 3903503" }, "geometry": { "type": "Point", "coordinates": [ -108.11364, 39.6288 ] } },
{ "type": "Feature", "properties": { "c": "cdss_pond", "n": "MIDDLE FORK RESERVOIR", "d": "Decreed stock pond · WDID 3903941" }, "geometry": { "type": "Point", "coordinates": [ -108.09912, 39.63529 ] } },
{ "type": "Feature", "properties": { "c": "cdss_spring", "n": "COLONY SPRING NO 1", "d": "Decreed spring · WDID 3905063" }, "geometry": { "type": "Point", "coordinates": [ -108.12052, 39.64588 ] } },
{ "type": "Feature", "properties": { "c": "cdss_spring", "n": "DAVIS SPRING", "d": "Decreed spring · WDID 3905075" }, "geometry": { "type": "Point", "coordinates": [ -108.12052, 39.64588 ] } },
{ "type": "Feature", "properties": { "c": "nhd_spring", "n": "", "d": "USGS topo spring (may be dry)" }, "geometry": { "type": "Point", "coordinates": [ -108.12066, 39.64716 ] } },
{ "type": "Feature", "properties": { "c": "nhd_spring", "n": "", "d": "USGS topo spring (may be dry)" }, "geometry": { "type": "Point", "coordinates": [ -108.12087, 39.64745 ] } },
{ "type": "Feature", "properties": { "c": "cdss_spring", "n": "EISAGUIRRE SPRING NO 1", "d": "Decreed spring · WDID 3905495" }, "geometry": { "type": "Point", "coordinates": [ -108.07573, 39.64896 ] } },
{ "type": "Feature", "properties": { "c": "cdss_spring", "n": "GETTY SPRING 1F", "d": "Decreed spring · WDID 3905462" }, "geometry": { "type": "Point", "coordinates": [ -108.22934, 39.62266 ] } },
{ "type": "Feature", "properties": { "c": "nhd_spring", "n": "", "d": "USGS topo spring (may be dry)" }, "geometry": { "type": "Point", "coordinates": [ -108.25424, 39.62284 ] } },
{ "type": "Feature", "properties": { "c": "cdss_spring", "n": "WOLF CR SPG & STK W POND", "d": "Decreed spring · WDID 3900997" }, "geometry": { "type": "Point", "coordinates": [ -108.21693, 39.62413 ] } },
{ "type": "Feature", "properties": { "c": "nhd_spring", "n": "", "d": "USGS topo spring (may be dry)" }, "geometry": { "type": "Point", "coordinates": [ -108.22745, 39.62387 ] } },
{ "type": "Feature", "properties": { "c": "cdss_spring", "n": "GETTY SPRING 2C", "d": "Decreed spring · WDID 3905465" }, "geometry": { "type": "Point", "coordinates": [ -108.2576, 39.62626 ] } },
{ "type": "Feature", "properties": { "c": "nhd_spring", "n": "", "d": "USGS topo spring (may be dry)" }, "geometry": { "type": "Point", "coordinates": [ -108.25965, 39.62744 ] } },
{ "type": "Feature", "properties": { "c": "nhd_spring", "n": "", "d": "USGS topo spring (may be dry)" }, "geometry": { "type": "Point", "coordinates": [ -108.25627, 39.62892 ] } },
{ "type": "Feature", "properties": { "c": "nhd_spring", "n": "", "d": "USGS topo spring (may be dry)" }, "geometry": { "type": "Point", "coordinates": [ -108.26484, 39.62939 ] } },
{ "type": "Feature", "properties": { "c": "cdss_spring", "n": "GETTY SPRING 2B", "d": "Decreed spring · WDID 3905464" }, "geometry": { "type": "Point", "coordinates": [ -108.25759, 39.62989 ] } },
{ "type": "Feature", "properties": { "c": "nhd_spring", "n": "", "d": "USGS topo spring (may be dry)" }, "geometry": { "type": "Point", "coordinates": [ -108.26506, 39.62995 ] } },
{ "type": "Feature", "properties": { "c": "nhd_spring", "n": "", "d": "USGS topo spring (may be dry)" }, "geometry": { "type": "Point", "coordinates": [ -108.2451, 39.63106 ] } },
{ "type": "Feature", "properties": { "c": "cdss_spring", "n": "OLDLAND SPRING NO 1", "d": "Decreed spring · WDID 3905193" }, "geometry": { "type": "Point", "coordinates": [ -108.22472, 39.6371 ] } },
{ "type": "Feature", "properties": { "c": "cdss_spring", "n": "GETTY SPRING 2A", "d": "Decreed spring · WDID 3905463" }, "geometry": { "type": "Point", "coordinates": [ -108.23896, 39.63716 ] } },
{ "type": "Feature", "properties": { "c": "cdss_spring", "n": "BLM SPRING 186-09", "d": "Decreed spring · WDID 3905697" }, "geometry": { "type": "Point", "coordinates": [ -108.20929, 39.63862 ] } },
{ "type": "Feature", "properties": { "c": "cdss_spring", "n": "BLM SPRING 186-09", "d": "Decreed spring · WDID 3905490" }, "geometry": { "type": "Point", "coordinates": [ -108.20929, 39.63862 ] } },
{ "type": "Feature", "properties": { "c": "nhd_spring", "n": "", "d": "USGS topo spring (may be dry)" }, "geometry": { "type": "Point", "coordinates": [ -108.2094, 39.63994 ] } },
{ "type": "Feature", "properties": { "c": "cdss_pond", "n": "GETTY W FK PARACHUTE CR", "d": "Decreed stock pond · WDID 3903933" }, "geometry": { "type": "Point", "coordinates": [ -108.22474, 39.64072 ] } },
{ "type": "Feature", "properties": { "c": "cdss_spring", "n": "GETTY SPRING 4A", "d": "Decreed spring · WDID 3905469" }, "geometry": { "type": "Point", "coordinates": [ -108.23899, 39.64079 ] } },
{ "type": "Feature", "properties": { "c": "cdss_spring", "n": "SUMMERS SPG & STK W POND", "d": "Decreed spring · WDID 3905284" }, "geometry": { "type": "Point", "coordinates": [ -108.23899, 39.64079 ] } },
{ "type": "Feature", "properties": { "c": "cdss_spring", "n": "OLDLAND SPRING NO 2 & PL", "d": "Decreed spring · WDID 3905194" }, "geometry": { "type": "Point", "coordinates": [ -108.23903, 39.64441 ] } },
{ "type": "Feature", "properties": { "c": "cdss_spring", "n": "SEEP SPRING NO 1", "d": "Decreed spring · WDID 3906071" }, "geometry": { "type": "Point", "coordinates": [ -108.19992, 39.63859 ] } },
{ "type": "Feature", "properties": { "c": "nhd_spring", "n": "", "d": "USGS topo spring (may be dry)" }, "geometry": { "type": "Point", "coordinates": [ -108.18784, 39.63951 ] } },
{ "type": "Feature", "properties": { "c": "nhd_spring", "n": "", "d": "USGS topo spring (may be dry)" }, "geometry": { "type": "Point", "coordinates": [ -108.16956, 39.64029 ] } },
{ "type": "Feature", "properties": { "c": "nhd_spring", "n": "", "d": "USGS topo spring (may be dry)" }, "geometry": { "type": "Point", "coordinates": [ -108.17957, 39.64014 ] } },
{ "type": "Feature", "properties": { "c": "nhd_spring", "n": "", "d": "USGS topo spring (may be dry)" }, "geometry": { "type": "Point", "coordinates": [ -108.20021, 39.64007 ] } },
{ "type": "Feature", "properties": { "c": "nhd_spring", "n": "", "d": "USGS topo spring (may be dry)" }, "geometry": { "type": "Point", "coordinates": [ -108.18024, 39.6408 ] } },
{ "type": "Feature", "properties": { "c": "nhd_spring", "n": "", "d": "USGS topo spring (may be dry)" }, "geometry": { "type": "Point", "coordinates": [ -108.18077, 39.64111 ] } },
{ "type": "Feature", "properties": { "c": "nhd_spring", "n": "", "d": "USGS topo spring (may be dry)" }, "geometry": { "type": "Point", "coordinates": [ -108.20091, 39.6406 ] } },
{ "type": "Feature", "properties": { "c": "nhd_spring", "n": "", "d": "USGS topo spring (may be dry)" }, "geometry": { "type": "Point", "coordinates": [ -108.18123, 39.64158 ] } },
{ "type": "Feature", "properties": { "c": "cdss_spring", "n": "SAGE SPRING NO 2", "d": "Decreed spring · WDID 3905492" }, "geometry": { "type": "Point", "coordinates": [ -108.17176, 39.64225 ] } },
{ "type": "Feature", "properties": { "c": "cdss_spring", "n": "SAGE SPRING NO 1", "d": "Decreed spring · WDID 3905491" }, "geometry": { "type": "Point", "coordinates": [ -108.18115, 39.64223 ] } },
{ "type": "Feature", "properties": { "c": "nhd_spring", "n": "", "d": "USGS topo spring (may be dry)" }, "geometry": { "type": "Point", "coordinates": [ -108.18147, 39.64293 ] } },
{ "type": "Feature", "properties": { "c": "nhd_spring", "n": "", "d": "USGS topo spring (may be dry)" }, "geometry": { "type": "Point", "coordinates": [ -108.17133, 39.64441 ] } },
{ "type": "Feature", "properties": { "c": "cdss_spring", "n": "CROUCH SPRING & POND", "d": "Decreed spring · WDID 4301344" }, "geometry": { "type": "Point", "coordinates": [ -108.18455, 39.66378 ] } },
{ "type": "Feature", "properties": { "c": "nhd_spring", "n": "Crouch Spring", "d": "USGS topo spring (may be dry)" }, "geometry": { "type": "Point", "coordinates": [ -108.18478, 39.6638 ] } },
{ "type": "Feature", "properties": { "c": "cdss_spring", "n": "BRAGG SPG 1 & POND", "d": "Decreed spring · WDID 4301276" }, "geometry": { "type": "Point", "coordinates": [ -108.18865, 39.6694 ] } },
{ "type": "Feature", "properties": { "c": "nhd_spring", "n": "Bragg Spring", "d": "USGS topo spring (may be dry)" }, "geometry": { "type": "Point", "coordinates": [ -108.1887, 39.66945 ] } },
{ "type": "Feature", "properties": { "c": "nhd_spring", "n": "", "d": "USGS topo spring (may be dry)" }, "geometry": { "type": "Point", "coordinates": [ -108.19874, 39.66987 ] } },
{ "type": "Feature", "properties": { "c": "cdss_spring", "n": "CUTOFF SPG 2 & POND", "d": "Decreed spring · WDID 4301279" }, "geometry": { "type": "Point", "coordinates": [ -108.19872, 39.66989 ] } },
{ "type": "Feature", "properties": { "c": "cdss_spring", "n": "BRAGG SPG 2 & POND", "d": "Decreed spring · WDID 4301277" }, "geometry": { "type": "Point", "coordinates": [ -108.18499, 39.67126 ] } },
{ "type": "Feature", "properties": { "c": "nhd_spring", "n": "", "d": "USGS topo spring (may be dry)" }, "geometry": { "type": "Point", "coordinates": [ -108.07409, 39.64975 ] } },
{ "type": "Feature", "properties": { "c": "cdss_spring", "n": "SCHUTTE SPRING NO 1", "d": "Decreed spring · WDID 3905493" }, "geometry": { "type": "Point", "coordinates": [ -108.09144, 39.65692 ] } },
{ "type": "Feature", "properties": { "c": "nhd_spring", "n": "", "d": "USGS topo spring (may be dry)" }, "geometry": { "type": "Point", "coordinates": [ -108.13344, 39.65584 ] } },
{ "type": "Feature", "properties": { "c": "cdss_spring", "n": "DAVIS SPRING NO 1", "d": "Decreed spring · WDID 3905524" }, "geometry": { "type": "Point", "coordinates": [ -108.13358, 39.65685 ] } },
{ "type": "Feature", "properties": { "c": "nhd_spring", "n": "", "d": "USGS topo spring (may be dry)" }, "geometry": { "type": "Point", "coordinates": [ -108.09082, 39.65835 ] } },
{ "type": "Feature", "properties": { "c": "cdss_spring", "n": "SCHUTTE SPRING NO 2", "d": "Decreed spring · WDID 3905494" }, "geometry": { "type": "Point", "coordinates": [ -108.09142, 39.66054 ] } },
{ "type": "Feature", "properties": { "c": "cdss_spring", "n": "SCHUTTE SPRING", "d": "Decreed spring · WDID 3905256" }, "geometry": { "type": "Point", "coordinates": [ -108.09142, 39.66054 ] } },
{ "type": "Feature", "properties": { "c": "cdss_spring", "n": "STORY SPRING 1", "d": "Decreed spring · WDID 4301069" }, "geometry": { "type": "Point", "coordinates": [ -108.08715, 39.6846 ] } },
{ "type": "Feature", "properties": { "c": "nhd_spring", "n": "", "d": "USGS topo spring (may be dry)" }, "geometry": { "type": "Point", "coordinates": [ -108.08689, 39.68473 ] } },
{ "type": "Feature", "properties": { "c": "cdss_spring", "n": "STEWART SPRING NO 2", "d": "Decreed spring · WDID 4301755" }, "geometry": { "type": "Point", "coordinates": [ -108.13465, 39.68348 ] } },
{ "type": "Feature", "properties": { "c": "nhd_spring", "n": "", "d": "USGS topo spring (may be dry)" }, "geometry": { "type": "Point", "coordinates": [ -108.23768, 39.66132 ] } },
{ "type": "Feature", "properties": { "c": "cdss_spring", "n": "CONNLEY SPG 1 & POND", "d": "Decreed spring · WDID 4301253" }, "geometry": { "type": "Point", "coordinates": [ -108.23764, 39.66139 ] } },
{ "type": "Feature", "properties": { "c": "nhd_spring", "n": "", "d": "USGS topo spring (may be dry)" }, "geometry": { "type": "Point", "coordinates": [ -108.21725, 39.6751 ] } },
{ "type": "Feature", "properties": { "c": "cdss_spring", "n": "PORCUPINE SPG 1 & POND", "d": "Decreed spring · WDID 4301447" }, "geometry": { "type": "Point", "coordinates": [ -108.21726, 39.67511 ] } },
{ "type": "Feature", "properties": { "c": "cdss_spring", "n": "BLM SPRING 186-12", "d": "Decreed spring · WDID 4301664" }, "geometry": { "type": "Point", "coordinates": [ -108.21473, 39.67732 ] } },
{ "type": "Feature", "properties": { "c": "nhd_spring", "n": "", "d": "USGS topo spring (may be dry)" }, "geometry": { "type": "Point", "coordinates": [ -108.21635, 39.67755 ] } },
{ "type": "Feature", "properties": { "c": "cdss_spring", "n": "PORCUPINE SPG 2 & POND", "d": "Decreed spring · WDID 4301439" }, "geometry": { "type": "Point", "coordinates": [ -108.21632, 39.67756 ] } },
{ "type": "Feature", "properties": { "c": "cdss_spring", "n": "BLM SPRING 186-07", "d": "Decreed spring · WDID 4301416" }, "geometry": { "type": "Point", "coordinates": [ -108.21678, 39.67795 ] } },
{ "type": "Feature", "properties": { "c": "cdss_spring", "n": "CONNLEY SPG 2 & POND", "d": "Decreed spring · WDID 4301417" }, "geometry": { "type": "Point", "coordinates": [ -108.22943, 39.68068 ] } },
{ "type": "Feature", "properties": { "c": "nhd_spring", "n": "", "d": "USGS topo spring (may be dry)" }, "geometry": { "type": "Point", "coordinates": [ -108.22945, 39.68074 ] } },
{ "type": "Feature", "properties": { "c": "cdss_spring", "n": "GETTY SPRING 14A", "d": "Decreed spring · WDID 7005211" }, "geometry": { "type": "Point", "coordinates": [ -108.29021, 39.59726 ] } },
{ "type": "Feature", "properties": { "c": "cdss_spring", "n": "GETTY SPRING 15B", "d": "Decreed spring · WDID 7005217" }, "geometry": { "type": "Point", "coordinates": [ -108.2996, 39.59722 ] } },
{ "type": "Feature", "properties": { "c": "nhd_spring", "n": "", "d": "USGS topo spring (may be dry)" }, "geometry": { "type": "Point", "coordinates": [ -108.29786, 39.59826 ] } },
{ "type": "Feature", "properties": { "c": "cdss_spring", "n": "GETTY SPRING 18C", "d": "Decreed spring · WDID 7005224" }, "geometry": { "type": "Point", "coordinates": [ -108.31149, 39.59891 ] } },
{ "type": "Feature", "properties": { "c": "nhd_spring", "n": "", "d": "USGS topo spring (may be dry)" }, "geometry": { "type": "Point", "coordinates": [ -108.31123, 39.59917 ] } },
{ "type": "Feature", "properties": { "c": "cdss_pond", "n": "GETTY-SLEEPY GULCH RES", "d": "Decreed stock pond · WDID 7003597" }, "geometry": { "type": "Point", "coordinates": [ -108.30786, 39.60721 ] } },
{ "type": "Feature", "properties": { "c": "cdss_spring", "n": "SNOW SNAKE SPRING", "d": "Decreed spring · WDID 7005126" }, "geometry": { "type": "Point", "coordinates": [ -108.32748, 39.60817 ] } },
{ "type": "Feature", "properties": { "c": "cdss_spring", "n": "GETTY SPRING 18A", "d": "Decreed spring · WDID 7005222" }, "geometry": { "type": "Point", "coordinates": [ -108.3061, 39.60884 ] } },
{ "type": "Feature", "properties": { "c": "nhd_spring", "n": "", "d": "USGS topo spring (may be dry)" }, "geometry": { "type": "Point", "coordinates": [ -108.30658, 39.60975 ] } },
{ "type": "Feature", "properties": { "c": "cdss_spring", "n": "GETTY SPRING 18B", "d": "Decreed spring · WDID 7005223" }, "geometry": { "type": "Point", "coordinates": [ -108.30657, 39.6098 ] } },
{ "type": "Feature", "properties": { "c": "nhd_spring", "n": "", "d": "USGS topo spring (may be dry)" }, "geometry": { "type": "Point", "coordinates": [ -108.28184, 39.6142 ] } },
{ "type": "Feature", "properties": { "c": "cdss_spring", "n": "GETTY SPRING 2D", "d": "Decreed spring · WDID 3905466" }, "geometry": { "type": "Point", "coordinates": [ -108.28092, 39.61543 ] } },
{ "type": "Feature", "properties": { "c": "nhd_spring", "n": "", "d": "USGS topo spring (may be dry)" }, "geometry": { "type": "Point", "coordinates": [ -108.26809, 39.61774 ] } },
{ "type": "Feature", "properties": { "c": "nhd_spring", "n": "", "d": "USGS topo spring (may be dry)" }, "geometry": { "type": "Point", "coordinates": [ -108.27643, 39.61855 ] } },
{ "type": "Feature", "properties": { "c": "cdss_spring", "n": "GETTY SPRING 2E", "d": "Decreed spring · WDID 3905467" }, "geometry": { "type": "Point", "coordinates": [ -108.27628, 39.61905 ] } },
{ "type": "Feature", "properties": { "c": "nhd_spring", "n": "", "d": "USGS topo spring (may be dry)" }, "geometry": { "type": "Point", "coordinates": [ -108.27051, 39.62258 ] } },
{ "type": "Feature", "properties": { "c": "cdss_spring", "n": "GETTY SPRING 2F", "d": "Decreed spring · WDID 3905468" }, "geometry": { "type": "Point", "coordinates": [ -108.27165, 39.62264 ] } },
{ "type": "Feature", "properties": { "c": "nhd_spring", "n": "", "d": "USGS topo spring (may be dry)" }, "geometry": { "type": "Point", "coordinates": [ -108.31515, 39.62246 ] } },
{ "type": "Feature", "properties": { "c": "cdss_spring", "n": "SPARKLE SPRING", "d": "Decreed spring · WDID 7005123" }, "geometry": { "type": "Point", "coordinates": [ -108.30911, 39.62268 ] } },
{ "type": "Feature", "properties": { "c": "nhd_spring", "n": "", "d": "USGS topo spring (may be dry)" }, "geometry": { "type": "Point", "coordinates": [ -108.28341, 39.6235 ] } },
{ "type": "Feature", "properties": { "c": "cdss_spring", "n": "ANNIE GREEN SPRING", "d": "Decreed spring · WDID 7005116" }, "geometry": { "type": "Point", "coordinates": [ -108.31379, 39.62267 ] } },
{ "type": "Feature", "properties": { "c": "cdss_spring", "n": "RIPPLE SPRING", "d": "Decreed spring · WDID 7005122" }, "geometry": { "type": "Point", "coordinates": [ -108.31847, 39.62267 ] } },
{ "type": "Feature", "properties": { "c": "nhd_spring", "n": "", "d": "USGS topo spring (may be dry)" }, "geometry": { "type": "Point", "coordinates": [ -108.31658, 39.62356 ] } },
{ "type": "Feature", "properties": { "c": "nhd_spring", "n": "", "d": "USGS topo spring (may be dry)" }, "geometry": { "type": "Point", "coordinates": [ -108.31097, 39.62387 ] } },
{ "type": "Feature", "properties": { "c": "nhd_spring", "n": "", "d": "USGS topo spring (may be dry)" }, "geometry": { "type": "Point", "coordinates": [ -108.27973, 39.6248 ] } },
{ "type": "Feature", "properties": { "c": "nhd_spring", "n": "", "d": "USGS topo spring (may be dry)" }, "geometry": { "type": "Point", "coordinates": [ -108.30862, 39.62619 ] } },
{ "type": "Feature", "properties": { "c": "cdss_spring", "n": "WILDCAT SPRING", "d": "Decreed spring · WDID 7005115" }, "geometry": { "type": "Point", "coordinates": [ -108.30445, 39.62994 ] } },
{ "type": "Feature", "properties": { "c": "cdss_spring", "n": "GETTY SPRING 3A", "d": "Decreed spring · WDID 4301124" }, "geometry": { "type": "Point", "coordinates": [ -108.28955, 39.633 ] } },
{ "type": "Feature", "properties": { "c": "nhd_spring", "n": "", "d": "USGS topo spring (may be dry)" }, "geometry": { "type": "Point", "coordinates": [ -108.28504, 39.63337 ] } },
{ "type": "Feature", "properties": { "c": "nhd_spring", "n": "", "d": "USGS topo spring (may be dry)" }, "geometry": { "type": "Point", "coordinates": [ -108.28895, 39.63426 ] } },
{ "type": "Feature", "properties": { "c": "cdss_spring", "n": "ROUSTABOUT SPRING", "d": "Decreed spring · WDID 7005117" }, "geometry": { "type": "Point", "coordinates": [ -108.35078, 39.61902 ] } },
{ "type": "Feature", "properties": { "c": "cdss_spring", "n": "BLM SPG 185-18", "d": "Decreed spring · WDID 7005314" }, "geometry": { "type": "Point", "coordinates": [ -108.36767, 39.62501 ] } },
{ "type": "Feature", "properties": { "c": "cdss_spring", "n": "BLM SPRING 194-09", "d": "Decreed spring · WDID 7005244" }, "geometry": { "type": "Point", "coordinates": [ -108.33669, 39.62629 ] } },
{ "type": "Feature", "properties": { "c": "cdss_spring", "n": "BUCK POINT NO 2 SPRING", "d": "Decreed spring · WDID 7005259" }, "geometry": { "type": "Point", "coordinates": [ -108.36482, 39.62625 ] } },
{ "type": "Feature", "properties": { "c": "cdss_spring", "n": "BLM SPRING 185-49", "d": "Decreed spring · WDID 7005245" }, "geometry": { "type": "Point", "coordinates": [ -108.33201, 39.6299 ] } },
{ "type": "Feature", "properties": { "c": "nhd_spring", "n": "", "d": "USGS topo spring (may be dry)" }, "geometry": { "type": "Point", "coordinates": [ -108.34088, 39.62966 ] } },
{ "type": "Feature", "properties": { "c": "cdss_spring", "n": "FIEDLER SPRING", "d": "Decreed spring · WDID 7005124" }, "geometry": { "type": "Point", "coordinates": [ -108.34138, 39.62991 ] } },
{ "type": "Feature", "properties": { "c": "nhd_spring", "n": "", "d": "USGS topo spring (may be dry)" }, "geometry": { "type": "Point", "coordinates": [ -108.33096, 39.63648 ] } },
{ "type": "Feature", "properties": { "c": "cdss_spring", "n": "LAME HORSE SPRING", "d": "Decreed spring · WDID 7005125" }, "geometry": { "type": "Point", "coordinates": [ -108.33202, 39.63709 ] } },
{ "type": "Feature", "properties": { "c": "cdss_spring", "n": "DRIBBLING SPRING", "d": "Decreed spring · WDID 7005129" }, "geometry": { "type": "Point", "coordinates": [ -108.35082, 39.64081 ] } },
{ "type": "Feature", "properties": { "c": "cdss_spring", "n": "GETTY SPRING 3B", "d": "Decreed spring · WDID 4301135" }, "geometry": { "type": "Point", "coordinates": [ -108.28902, 39.63437 ] } },
{ "type": "Feature", "properties": { "c": "nhd_spring", "n": "", "d": "USGS topo spring (may be dry)" }, "geometry": { "type": "Point", "coordinates": [ -108.2886, 39.63448 ] } },
{ "type": "Feature", "properties": { "c": "cdss_spring", "n": "GETTY SPRING 3C", "d": "Decreed spring · WDID 4301136" }, "geometry": { "type": "Point", "coordinates": [ -108.28849, 39.63471 ] } },
{ "type": "Feature", "properties": { "c": "nhd_spring", "n": "", "d": "USGS topo spring (may be dry)" }, "geometry": { "type": "Point", "coordinates": [ -108.32944, 39.63535 ] } },
{ "type": "Feature", "properties": { "c": "nhd_spring", "n": "", "d": "USGS topo spring (may be dry)" }, "geometry": { "type": "Point", "coordinates": [ -108.31703, 39.63678 ] } },
{ "type": "Feature", "properties": { "c": "cdss_spring", "n": "HOMESTEAD SPRING", "d": "Decreed spring · WDID 7005121" }, "geometry": { "type": "Point", "coordinates": [ -108.31858, 39.6371 ] } },
{ "type": "Feature", "properties": { "c": "cdss_spring", "n": "MUD LOGGER SPRING", "d": "Decreed spring · WDID 7005132" }, "geometry": { "type": "Point", "coordinates": [ -108.32327, 39.63709 ] } },
{ "type": "Feature", "properties": { "c": "cdss_spring", "n": "BOGGY SPRING", "d": "Decreed spring · WDID 7005118" }, "geometry": { "type": "Point", "coordinates": [ -108.32764, 39.63708 ] } },
{ "type": "Feature", "properties": { "c": "nhd_spring", "n": "", "d": "USGS topo spring (may be dry)" }, "geometry": { "type": "Point", "coordinates": [ -108.29287, 39.63892 ] } },
{ "type": "Feature", "properties": { "c": "cdss_spring", "n": "BLM SPRING 185-40", "d": "Decreed spring · WDID 4302509" }, "geometry": { "type": "Point", "coordinates": [ -108.29285, 39.63896 ] } },
{ "type": "Feature", "properties": { "c": "nhd_spring", "n": "", "d": "USGS topo spring (may be dry)" }, "geometry": { "type": "Point", "coordinates": [ -108.47637, 39.60517 ] } },
{ "type": "Feature", "properties": { "c": "cdss_spring", "n": "SKINNER RIDGE SPG NO 3", "d": "Decreed spring · WDID 7005076" }, "geometry": { "type": "Point", "coordinates": [ -108.45352, 39.61179 ] } },
{ "type": "Feature", "properties": { "c": "nhd_spring", "n": "", "d": "USGS topo spring (may be dry)" }, "geometry": { "type": "Point", "coordinates": [ -108.45538, 39.61215 ] } },
{ "type": "Feature", "properties": { "c": "nhd_spring", "n": "", "d": "USGS topo spring (may be dry)" }, "geometry": { "type": "Point", "coordinates": [ -108.4611, 39.61488 ] } },
{ "type": "Feature", "properties": { "c": "cdss_spring", "n": "SKINNER RIDGE SPG NO 2", "d": "Decreed spring · WDID 7005075" }, "geometry": { "type": "Point", "coordinates": [ -108.44416, 39.61539 ] } },
{ "type": "Feature", "properties": { "c": "nhd_spring", "n": "", "d": "USGS topo spring (may be dry)" }, "geometry": { "type": "Point", "coordinates": [ -108.46345, 39.61695 ] } },
{ "type": "Feature", "properties": { "c": "cdss_spring", "n": "HARTT SPRING NO 1", "d": "Decreed spring · WDID 7000621" }, "geometry": { "type": "Point", "coordinates": [ -108.47239, 39.62264 ] } },
{ "type": "Feature", "properties": { "c": "cdss_spring", "n": "HARTT SPRING NO 3", "d": "Decreed spring · WDID 7000623" }, "geometry": { "type": "Point", "coordinates": [ -108.48636, 39.62263 ] } },
{ "type": "Feature", "properties": { "c": "cdss_spring", "n": "HARTT SPRING NO 2", "d": "Decreed spring · WDID 7000622" }, "geometry": { "type": "Point", "coordinates": [ -108.48636, 39.62625 ] } },
{ "type": "Feature", "properties": { "c": "nhd_spring", "n": "", "d": "USGS topo spring (may be dry)" }, "geometry": { "type": "Point", "coordinates": [ -108.44502, 39.67017 ] } },
{ "type": "Feature", "properties": { "c": "nhd_spring", "n": "", "d": "USGS topo spring (may be dry)" }, "geometry": { "type": "Point", "coordinates": [ -108.3254, 39.63868 ] } },
{ "type": "Feature", "properties": { "c": "nhd_spring", "n": "", "d": "USGS topo spring (may be dry)" }, "geometry": { "type": "Point", "coordinates": [ -108.28947, 39.63977 ] } },
{ "type": "Feature", "properties": { "c": "cdss_spring", "n": "WENDEROTH SPRING", "d": "Decreed spring · WDID 7005120" }, "geometry": { "type": "Point", "coordinates": [ -108.3186, 39.64073 ] } },
{ "type": "Feature", "properties": { "c": "cdss_spring", "n": "ROUGHNECK SPRING", "d": "Decreed spring · WDID 7005119" }, "geometry": { "type": "Point", "coordinates": [ -108.32328, 39.64071 ] } },
{ "type": "Feature", "properties": { "c": "nhd_spring", "n": "", "d": "USGS topo spring (may be dry)" }, "geometry": { "type": "Point", "coordinates": [ -108.31866, 39.64098 ] } },
{ "type": "Feature", "properties": { "c": "nhd_spring", "n": "", "d": "USGS topo spring (may be dry)" }, "geometry": { "type": "Point", "coordinates": [ -108.32269, 39.64194 ] } },
{ "type": "Feature", "properties": { "c": "cdss_spring", "n": "FILENER SPG NO 1 POND", "d": "Decreed spring · WDID 4301534" }, "geometry": { "type": "Point", "coordinates": [ -108.29072, 39.65007 ] } },
{ "type": "Feature", "properties": { "c": "cdss_spring", "n": "FILENER SPG NO 2 POND", "d": "Decreed spring · WDID 4301533" }, "geometry": { "type": "Point", "coordinates": [ -108.29073, 39.65124 ] } },
{ "type": "Feature", "properties": { "c": "nhd_spring", "n": "", "d": "USGS topo spring (may be dry)" }, "geometry": { "type": "Point", "coordinates": [ -108.28567, 39.65437 ] } },
{ "type": "Feature", "properties": { "c": "nhd_spring", "n": "", "d": "USGS topo spring (may be dry)" }, "geometry": { "type": "Point", "coordinates": [ -108.28535, 39.65453 ] } },
{ "type": "Feature", "properties": { "c": "nhd_spring", "n": "", "d": "USGS topo spring (may be dry)" }, "geometry": { "type": "Point", "coordinates": [ -108.38364, 39.64015 ] } },
{ "type": "Feature", "properties": { "c": "cdss_spring", "n": "TOBACCO PLUG SPRING", "d": "Decreed spring · WDID 7005131" }, "geometry": { "type": "Point", "coordinates": [ -108.38349, 39.64081 ] } },
{ "type": "Feature", "properties": { "c": "nhd_spring", "n": "", "d": "USGS topo spring (may be dry)" }, "geometry": { "type": "Point", "coordinates": [ -108.35248, 39.64268 ] } },
{ "type": "Feature", "properties": { "c": "cdss_spring", "n": "RIPPLING SPRING", "d": "Decreed spring · WDID 7005130" }, "geometry": { "type": "Point", "coordinates": [ -108.3555, 39.64444 ] } },
{ "type": "Feature", "properties": { "c": "nhd_spring", "n": "", "d": "USGS topo spring (may be dry)" }, "geometry": { "type": "Point", "coordinates": [ -108.35549, 39.64449 ] } },
{ "type": "Feature", "properties": { "c": "nhd_spring", "n": "", "d": "USGS topo spring (may be dry)" }, "geometry": { "type": "Point", "coordinates": [ -108.35626, 39.65102 ] } },
{ "type": "Feature", "properties": { "c": "nhd_spring", "n": "", "d": "USGS topo spring (may be dry)" }, "geometry": { "type": "Point", "coordinates": [ -108.3914, 39.65395 ] } },
{ "type": "Feature", "properties": { "c": "nhd_spring", "n": "", "d": "USGS topo spring (may be dry)" }, "geometry": { "type": "Point", "coordinates": [ -108.39915, 39.65826 ] } },
{ "type": "Feature", "properties": { "c": "cdss_spring", "n": "MOO POND SPRING", "d": "Decreed spring · WDID 4301154" }, "geometry": { "type": "Point", "coordinates": [ -108.36376, 39.6632 ] } },
{ "type": "Feature", "properties": { "c": "nhd_spring", "n": "", "d": "USGS topo spring (may be dry)" }, "geometry": { "type": "Point", "coordinates": [ -108.36373, 39.66322 ] } },
{ "type": "Feature", "properties": { "c": "cdss_spring", "n": "HOWELL SPG NO 1", "d": "Decreed spring · WDID 4301540" }, "geometry": { "type": "Point", "coordinates": [ -108.28916, 39.65462 ] } },
{ "type": "Feature", "properties": { "c": "cdss_spring", "n": "HOWELL SPG NO 2", "d": "Decreed spring · WDID 4301541" }, "geometry": { "type": "Point", "coordinates": [ -108.28852, 39.65574 ] } },
{ "type": "Feature", "properties": { "c": "nhd_spring", "n": "", "d": "USGS topo spring (may be dry)" }, "geometry": { "type": "Point", "coordinates": [ -108.32592, 39.65849 ] } },
{ "type": "Feature", "properties": { "c": "cdss_pond", "n": "FILENER RESERVOIR", "d": "Decreed stock pond · WDID 4303934" }, "geometry": { "type": "Point", "coordinates": [ -108.28417, 39.66413 ] } },
{ "type": "Feature", "properties": { "c": "cdss_spring", "n": "PJ SPG NO 3 & POND", "d": "Decreed spring · WDID 4301536" }, "geometry": { "type": "Point", "coordinates": [ -108.28158, 39.67775 ] } },
{ "type": "Feature", "properties": { "c": "cdss_spring", "n": "PJ SPG NO 2 & POND", "d": "Decreed spring · WDID 4301535" }, "geometry": { "type": "Point", "coordinates": [ -108.28113, 39.67883 ] } },
{ "type": "Feature", "properties": { "c": "cdss_spring", "n": "PJ SPG NO 1 & POND", "d": "Decreed spring · WDID 4301537" }, "geometry": { "type": "Point", "coordinates": [ -108.28088, 39.68068 ] } },
{ "type": "Feature", "properties": { "c": "cdss_spring", "n": "LOUIS SPG NO 2 & POND", "d": "Decreed spring · WDID 4301538" }, "geometry": { "type": "Point", "coordinates": [ -108.28258, 39.68952 ] } },
{ "type": "Feature", "properties": { "c": "cdss_spring", "n": "DIETZ SPRING NO 1", "d": "Decreed spring · WDID 4301547" }, "geometry": { "type": "Point", "coordinates": [ -108.31654, 39.68964 ] } },
{ "type": "Feature", "properties": { "c": "cdss_pond", "n": "DIETZ SPG POND 1", "d": "Decreed stock pond · WDID 4303935" }, "geometry": { "type": "Point", "coordinates": [ -108.31708, 39.68971 ] } },
{ "type": "Feature", "properties": { "c": "cdss_spring", "n": "PETERSON SPG", "d": "Decreed spring · WDID 4301546" }, "geometry": { "type": "Point", "coordinates": [ -108.33339, 39.66447 ] } },
{ "type": "Feature", "properties": { "c": "nhd_spring", "n": "", "d": "USGS topo spring (may be dry)" }, "geometry": { "type": "Point", "coordinates": [ -108.33319, 39.66471 ] } },
{ "type": "Feature", "properties": { "c": "nhd_spring", "n": "", "d": "USGS topo spring (may be dry)" }, "geometry": { "type": "Point", "coordinates": [ -108.41432, 39.6643 ] } },
{ "type": "Feature", "properties": { "c": "nhd_spring", "n": "", "d": "USGS topo spring (may be dry)" }, "geometry": { "type": "Point", "coordinates": [ -108.41495, 39.66487 ] } },
{ "type": "Feature", "properties": { "c": "cdss_spring", "n": "ON THE BORDER SPRING", "d": "Decreed spring · WDID 7005127" }, "geometry": { "type": "Point", "coordinates": [ -108.41658, 39.66638 ] } },
{ "type": "Feature", "properties": { "c": "cdss_spring", "n": "SLIPPERY SPRING", "d": "Decreed spring · WDID 7005128" }, "geometry": { "type": "Point", "coordinates": [ -108.41668, 39.67 ] } },
{ "type": "Feature", "properties": { "c": "nhd_spring", "n": "", "d": "USGS topo spring (may be dry)" }, "geometry": { "type": "Point", "coordinates": [ -108.39853, 39.68103 ] } },
{ "type": "Feature", "properties": { "c": "cdss_spring", "n": "SYLVAN SPRING", "d": "Decreed spring · WDID 4301153" }, "geometry": { "type": "Point", "coordinates": [ -108.39838, 39.68104 ] } },
{ "type": "Feature", "properties": { "c": "cdss_pond", "n": "WEST HUNTER CREEK POND", "d": "Decreed stock pond · WDID 4304311" }, "geometry": { "type": "Point", "coordinates": [ -108.3805, 39.69734 ] } },
{ "type": "Feature", "properties": { "c": "cdss_pond", "n": "MJB DITCH NO 2 & POND", "d": "Decreed stock pond · WDID 4301550" }, "geometry": { "type": "Point", "coordinates": [ -108.41415, 39.69832 ] } },
{ "type": "Feature", "properties": { "c": "cdss_spring", "n": "ROAN CLIFFS SPRING NO 65", "d": "Decreed spring · WDID 3906027" }, "geometry": { "type": "Point", "coordinates": [ -108.04769, 39.62647 ] } },
{ "type": "Feature", "properties": { "c": "cdss_spring", "n": "ROAN CLIFFS SPRING NO 64", "d": "Decreed spring · WDID 3906026" }, "geometry": { "type": "Point", "coordinates": [ -108.03835, 39.63372 ] } },
{ "type": "Feature", "properties": { "c": "nhd_spring", "n": "", "d": "USGS topo spring (may be dry)" }, "geometry": { "type": "Point", "coordinates": [ -108.03663, 39.63416 ] } },
{ "type": "Feature", "properties": { "c": "cdss_spring", "n": "BLM SPRING 187-05", "d": "Decreed spring · WDID 3905034" }, "geometry": { "type": "Point", "coordinates": [ -108.04299, 39.64095 ] } },
{ "type": "Feature", "properties": { "c": "cdss_spring", "n": "BLM SPRING 187-05", "d": "Decreed spring · WDID 3905343" }, "geometry": { "type": "Point", "coordinates": [ -108.04299, 39.64095 ] } },
{ "type": "Feature", "properties": { "c": "nhd_spring", "n": "", "d": "USGS topo spring (may be dry)" }, "geometry": { "type": "Point", "coordinates": [ -108.04363, 39.6439 ] } },
{ "type": "Feature", "properties": { "c": "cdss_spring", "n": "ROAN CLIFFS SPRING NO 61", "d": "Decreed spring · WDID 3906024" }, "geometry": { "type": "Point", "coordinates": [ -108.01024, 39.649 ] } },
{ "type": "Feature", "properties": { "c": "cdss_spring", "n": "ROAN CLIFFS SPRING NO 62", "d": "Decreed spring · WDID 3906025" }, "geometry": { "type": "Point", "coordinates": [ -108.03824, 39.64897 ] } },
{ "type": "Feature", "properties": { "c": "nhd_spring", "n": "", "d": "USGS topo spring (may be dry)" }, "geometry": { "type": "Point", "coordinates": [ -108.02295, 39.65115 ] } },
{ "type": "Feature", "properties": { "c": "cdss_spring", "n": "STORY SPRING 2", "d": "Decreed spring · WDID 4301138" }, "geometry": { "type": "Point", "coordinates": [ -108.046, 39.6562 ] } },
{ "type": "Feature", "properties": { "c": "cdss_spring", "n": "EDGELEY SPRING", "d": "Decreed spring · WDID 3906344" }, "geometry": { "type": "Point", "coordinates": [ -107.95296, 39.62601 ] } },
{ "type": "Feature", "properties": { "c": "cdss_spring", "n": "HUBERT SPRING", "d": "Decreed spring · WDID 3906343" }, "geometry": { "type": "Point", "coordinates": [ -107.95509, 39.626 ] } },
{ "type": "Feature", "properties": { "c": "cdss_spring", "n": "ROAN CLIFFS SPRING NO 8", "d": "Decreed spring · WDID 3906009" }, "geometry": { "type": "Point", "coordinates": [ -107.97756, 39.63383 ] } },
{ "type": "Feature", "properties": { "c": "cdss_spring", "n": "ROAN CLIFFS SPRING NO 5", "d": "Decreed spring · WDID 3906006" }, "geometry": { "type": "Point", "coordinates": [ -107.95417, 39.64118 ] } },
{ "type": "Feature", "properties": { "c": "cdss_spring", "n": "ROAN CLIFFS SPRING NO 8", "d": "Decreed spring · WDID 3906008" }, "geometry": { "type": "Point", "coordinates": [ -107.98692, 39.64109 ] } },
{ "type": "Feature", "properties": { "c": "cdss_spring", "n": "ROAN CLIFFS SPRING NO 1", "d": "Decreed spring · WDID 3906002" }, "geometry": { "type": "Point", "coordinates": [ -107.96354, 39.64478 ] } },
{ "type": "Feature", "properties": { "c": "cdss_spring", "n": "BLM SPRING 188-12", "d": "Decreed spring · WDID 4301637" }, "geometry": { "type": "Point", "coordinates": [ -107.96737, 39.6599 ] } },
{ "type": "Feature", "properties": { "c": "cdss_spring", "n": "BLM SPRING 188-09", "d": "Decreed spring · WDID 4302513" }, "geometry": { "type": "Point", "coordinates": [ -107.96184, 39.67397 ] } },
{ "type": "Feature", "properties": { "c": "cdss_spring", "n": "BITTER SPRING NO 1", "d": "Decreed spring · WDID 4301757" }, "geometry": { "type": "Point", "coordinates": [ -107.99727, 39.67867 ] } },
{ "type": "Feature", "properties": { "c": "cdss_spring", "n": "COW SPRING 1", "d": "Decreed spring · WDID 4301140" }, "geometry": { "type": "Point", "coordinates": [ -108.00337, 39.69347 ] } },
{ "type": "Feature", "properties": { "c": "cdss_spring", "n": "CORRAL SPRING NO 1", "d": "Decreed spring · WDID 3905496" }, "geometry": { "type": "Point", "coordinates": [ -108.02097, 39.657 ] } },
{ "type": "Feature", "properties": { "c": "nhd_spring", "n": "", "d": "USGS topo spring (may be dry)" }, "geometry": { "type": "Point", "coordinates": [ -108.02296, 39.65701 ] } },
{ "type": "Feature", "properties": { "c": "cdss_spring", "n": "BLM SPRING 187-08", "d": "Decreed spring · WDID 4302511" }, "geometry": { "type": "Point", "coordinates": [ -108.04582, 39.65648 ] } },
{ "type": "Feature", "properties": { "c": "nhd_spring", "n": "", "d": "USGS topo spring (may be dry)" }, "geometry": { "type": "Point", "coordinates": [ -108.04532, 39.65827 ] } },
{ "type": "Feature", "properties": { "c": "cdss_spring", "n": "STORY SPRING NO 3", "d": "Decreed spring · WDID 4301754" }, "geometry": { "type": "Point", "coordinates": [ -108.04565, 39.6584 ] } },
{ "type": "Feature", "properties": { "c": "cdss_spring", "n": "BLM SPRING 180-25", "d": "Decreed spring · WDID 4301812" }, "geometry": { "type": "Point", "coordinates": [ -108.00981, 39.66087 ] } },
{ "type": "Feature", "properties": { "c": "cdss_spring", "n": "FELIX SPRING 1", "d": "Decreed spring · WDID 4301137" }, "geometry": { "type": "Point", "coordinates": [ -108.03021, 39.66417 ] } },
{ "type": "Feature", "properties": { "c": "nhd_spring", "n": "", "d": "USGS topo spring (may be dry)" }, "geometry": { "type": "Point", "coordinates": [ -108.01526, 39.66506 ] } },
{ "type": "Feature", "properties": { "c": "cdss_spring", "n": "ELK SPRING 1", "d": "Decreed spring · WDID 4301142" }, "geometry": { "type": "Point", "coordinates": [ -108.01528, 39.66522 ] } },
{ "type": "Feature", "properties": { "c": "cdss_spring", "n": "CABIN SPRING 1", "d": "Decreed spring · WDID 4301160" }, "geometry": { "type": "Point", "coordinates": [ -108.03254, 39.66655 ] } },
{ "type": "Feature", "properties": { "c": "nhd_spring", "n": "", "d": "USGS topo spring (may be dry)" }, "geometry": { "type": "Point", "coordinates": [ -108.03258, 39.66661 ] } },
{ "type": "Feature", "properties": { "c": "cdss_spring", "n": "MCCARTHY SPRING 1", "d": "Decreed spring · WDID 4301074" }, "geometry": { "type": "Point", "coordinates": [ -108.03876, 39.66784 ] } },
{ "type": "Feature", "properties": { "c": "cdss_spring", "n": "MCCARTHY SPRING 3", "d": "Decreed spring · WDID 4301040" }, "geometry": { "type": "Point", "coordinates": [ -108.03949, 39.67089 ] } },
{ "type": "Feature", "properties": { "c": "cdss_spring", "n": "MCCARTHY SPRING 4", "d": "Decreed spring · WDID 4301049" }, "geometry": { "type": "Point", "coordinates": [ -108.03667, 39.67603 ] } },
{ "type": "Feature", "properties": { "c": "cdss_pond", "n": "JOHNSON POND  5", "d": "Decreed stock pond · WDID 4304460" }, "geometry": { "type": "Point", "coordinates": [ -108.05649, 39.67718 ] } },
{ "type": "Feature", "properties": { "c": "nhd_spring", "n": "", "d": "USGS topo spring (may be dry)" }, "geometry": { "type": "Point", "coordinates": [ -108.05034, 39.68063 ] } },
{ "type": "Feature", "properties": { "c": "cdss_spring", "n": "JOHNSON SPRING  1", "d": "Decreed spring · WDID 4302417" }, "geometry": { "type": "Point", "coordinates": [ -108.06165, 39.6805 ] } },
{ "type": "Feature", "properties": { "c": "cdss_pond", "n": "JOHNSON POND  4", "d": "Decreed stock pond · WDID 4304459" }, "geometry": { "type": "Point", "coordinates": [ -108.06306, 39.68054 ] } },
{ "type": "Feature", "properties": { "c": "cdss_spring", "n": "MCCARTHY SPRING 2", "d": "Decreed spring · WDID 4301050" }, "geometry": { "type": "Point", "coordinates": [ -108.03923, 39.68493 ] } },
{ "type": "Feature", "properties": { "c": "cdss_pond", "n": "JOHNSON POND  3", "d": "Decreed stock pond · WDID 4304458" }, "geometry": { "type": "Point", "coordinates": [ -108.06429, 39.68501 ] } },
{ "type": "Feature", "properties": { "c": "cdss_spring", "n": "NORTH SPRING NO 2", "d": "Decreed spring · WDID 3905013" }, "geometry": { "type": "Point", "coordinates": [ -107.90789, 39.67445 ] } },
{ "type": "Feature", "properties": { "c": "cdss_spring", "n": "ALVIN DEWITT SPRING NO 1", "d": "Decreed spring · WDID 3905012" }, "geometry": { "type": "Point", "coordinates": [ -107.90791, 39.67801 ] } },
{ "type": "Feature", "properties": { "c": "cdss_spring", "n": "PINE #1 SPRING", "d": "Decreed spring · WDID 4301975" }, "geometry": { "type": "Point", "coordinates": [ -107.94367, 39.68342 ] } },
{ "type": "Feature", "properties": { "c": "cdss_spring", "n": "WIGINGTON CAMP SPG", "d": "Decreed spring · WDID 4302220" }, "geometry": { "type": "Point", "coordinates": [ -107.93432, 39.71428 ] } },
{ "type": "Feature", "properties": { "c": "cdss_spring", "n": "CAMERON SPRING", "d": "Decreed spring · WDID 4301209" }, "geometry": { "type": "Point", "coordinates": [ -107.93637, 39.72367 ] } },
{ "type": "Feature", "properties": { "c": "cdss_pond", "n": "LARSON RESERVOIR", "d": "Decreed stock pond · WDID 4303647" }, "geometry": { "type": "Point", "coordinates": [ -107.945, 39.74319 ] } },
{ "type": "Feature", "properties": { "c": "cdss_pond", "n": "LARSON RES NO 2", "d": "Decreed stock pond · WDID 4303529" }, "geometry": { "type": "Point", "coordinates": [ -107.945, 39.74559 ] } },
{ "type": "Feature", "properties": { "c": "cdss_spring", "n": "EISAGUIRRE SPRING PL", "d": "Decreed spring · WDID 4300622" }, "geometry": { "type": "Point", "coordinates": [ -107.94487, 39.74794 ] } },
{ "type": "Feature", "properties": { "c": "cdss_spring", "n": "BLM SPRING 188-18", "d": "Decreed spring · WDID 4301653" }, "geometry": { "type": "Point", "coordinates": [ -107.96454, 39.715 ] } },
{ "type": "Feature", "properties": { "c": "cdss_spring", "n": "SCHOULTZ GL SPRING", "d": "Decreed spring · WDID 4301974" }, "geometry": { "type": "Point", "coordinates": [ -107.96418, 39.71613 ] } },
{ "type": "Feature", "properties": { "c": "cdss_pond", "n": "LOWER PICEANCE RES", "d": "Decreed stock pond · WDID 4304466" }, "geometry": { "type": "Point", "coordinates": [ -107.95999, 39.73358 ] } },
{ "type": "Feature", "properties": { "c": "cdss_spring", "n": "BLM SPRING 188-03", "d": "Decreed spring · WDID 4302512" }, "geometry": { "type": "Point", "coordinates": [ -107.9742, 39.73366 ] } },
{ "type": "Feature", "properties": { "c": "cdss_spring", "n": "BLM SPRING 188-01", "d": "Decreed spring · WDID 4301652" }, "geometry": { "type": "Point", "coordinates": [ -107.9797, 39.74003 ] } },
{ "type": "Feature", "properties": { "c": "cdss_pond", "n": "CONFLUENCE POND", "d": "Decreed stock pond · WDID 4303250" }, "geometry": { "type": "Point", "coordinates": [ -108.0084, 39.74068 ] } },
{ "type": "Feature", "properties": { "c": "cdss_spring", "n": "MCCARTHY SPRING DITCH", "d": "Decreed spring · WDID 4300797" }, "geometry": { "type": "Point", "coordinates": [ -108.00878, 39.7425 ] } },
{ "type": "Feature", "properties": { "c": "cdss_pond", "n": "PICEANCE POND", "d": "Decreed stock pond · WDID 4303249" }, "geometry": { "type": "Point", "coordinates": [ -108.01161, 39.74674 ] } },
{ "type": "Feature", "properties": { "c": "cdss_spring", "n": "SHED GULCH SPRING", "d": "Decreed spring · WDID 4301962" }, "geometry": { "type": "Point", "coordinates": [ -107.99658, 39.7473 ] } },
{ "type": "Feature", "properties": { "c": "cdss_spring", "n": "BLM SPRING 169-06", "d": "Decreed spring · WDID 4302324" }, "geometry": { "type": "Point", "coordinates": [ -107.97798, 39.75789 ] } },
{ "type": "Feature", "properties": { "c": "cdss_pond", "n": "JOHNSON POND  1", "d": "Decreed stock pond · WDID 4304456" }, "geometry": { "type": "Point", "coordinates": [ -108.06549, 39.69038 ] } },
{ "type": "Feature", "properties": { "c": "nhd_spring", "n": "", "d": "USGS topo spring (may be dry)" }, "geometry": { "type": "Point", "coordinates": [ -108.02099, 39.71642 ] } },
{ "type": "Feature", "properties": { "c": "cdss_spring", "n": "SCHUTTE GL #2 SPRING", "d": "Decreed spring · WDID 4301937" }, "geometry": { "type": "Point", "coordinates": [ -108.03911, 39.74523 ] } },
{ "type": "Feature", "properties": { "c": "cdss_spring", "n": "BLM SPRING 170-40", "d": "Decreed spring · WDID 4302466" }, "geometry": { "type": "Point", "coordinates": [ -108.02397, 39.75318 ] } },
{ "type": "Feature", "properties": { "c": "cdss_spring", "n": "BLM SPRING 170-29", "d": "Decreed spring · WDID 4302453" }, "geometry": { "type": "Point", "coordinates": [ -108.02488, 39.75459 ] } },
{ "type": "Feature", "properties": { "c": "cdss_spring", "n": "GORDON GULCH #2 SPRING", "d": "Decreed spring · WDID 4301960" }, "geometry": { "type": "Point", "coordinates": [ -108.05803, 39.77418 ] } },
{ "type": "Feature", "properties": { "c": "cdss_spring", "n": "BLM SPRING 170-30", "d": "Decreed spring · WDID 4302459" }, "geometry": { "type": "Point", "coordinates": [ -108.04667, 39.77867 ] } },
{ "type": "Feature", "properties": { "c": "cdss_spring", "n": "BLM SPRING 170-41", "d": "Decreed spring · WDID 4302479" }, "geometry": { "type": "Point", "coordinates": [ -108.04661, 39.78018 ] } },
{ "type": "Feature", "properties": { "c": "cdss_spring", "n": "FOURTEENMILE SPRING 1", "d": "Decreed spring · WDID 4302432" }, "geometry": { "type": "Point", "coordinates": [ -108.05257, 39.79402 ] } },
{ "type": "Feature", "properties": { "c": "cdss_spring", "n": "BLM SPRING 170-31", "d": "Decreed spring · WDID 4302333" }, "geometry": { "type": "Point", "coordinates": [ -108.02762, 39.80219 ] } },
{ "type": "Feature", "properties": { "c": "cdss_pond", "n": "VOLCANO TANK", "d": "Decreed stock pond · WDID 4315003" }, "geometry": { "type": "Point", "coordinates": [ -107.95432, 39.75056 ] } },
{ "type": "Feature", "properties": { "c": "cdss_pond", "n": "ROBINSON POND 33NE", "d": "Decreed stock pond · WDID 4303511" }, "geometry": { "type": "Point", "coordinates": [ -107.9458, 39.75204 ] } },
{ "type": "Feature", "properties": { "c": "cdss_pond", "n": "DUNK TANK", "d": "Decreed stock pond · WDID 4315002" }, "geometry": { "type": "Point", "coordinates": [ -107.95301, 39.75367 ] } },
{ "type": "Feature", "properties": { "c": "cdss_pond", "n": "THINK TANK", "d": "Decreed stock pond · WDID 4315000" }, "geometry": { "type": "Point", "coordinates": [ -107.95301, 39.75367 ] } },
{ "type": "Feature", "properties": { "c": "cdss_pond", "n": "SHARK TANK", "d": "Decreed stock pond · WDID 4315001" }, "geometry": { "type": "Point", "coordinates": [ -107.95476, 39.7578 ] } },
{ "type": "Feature", "properties": { "c": "cdss_pond", "n": "CANVASBACK RESERVOIR", "d": "Decreed stock pond · WDID 4303831" }, "geometry": { "type": "Point", "coordinates": [ -107.95037, 39.75921 ] } },
{ "type": "Feature", "properties": { "c": "cdss_pond", "n": "ROBINSON POND 28NE", "d": "Decreed stock pond · WDID 4303512" }, "geometry": { "type": "Point", "coordinates": [ -107.94887, 39.7618 ] } },
{ "type": "Feature", "properties": { "c": "cdss_spring", "n": "ROBINSON SPG 28NW", "d": "Decreed spring · WDID 4301725" }, "geometry": { "type": "Point", "coordinates": [ -107.94941, 39.76262 ] } },
{ "type": "Feature", "properties": { "c": "cdss_pond", "n": "ROBINSON POND 28NENW", "d": "Decreed stock pond · WDID 4303522" }, "geometry": { "type": "Point", "coordinates": [ -107.94931, 39.76578 ] } },
{ "type": "Feature", "properties": { "c": "cdss_pond", "n": "ROBINSON POND 21SE", "d": "Decreed stock pond · WDID 4303513" }, "geometry": { "type": "Point", "coordinates": [ -107.94784, 39.76894 ] } },
{ "type": "Feature", "properties": { "c": "nhd_spring", "n": "", "d": "USGS topo spring (may be dry)" }, "geometry": { "type": "Point", "coordinates": [ -108.19793, 39.6731 ] } },
{ "type": "Feature", "properties": { "c": "cdss_spring", "n": "CUTOFF SPG 1 & POND", "d": "Decreed spring · WDID 4301278" }, "geometry": { "type": "Point", "coordinates": [ -108.19695, 39.6741 ] } },
{ "type": "Feature", "properties": { "c": "cdss_spring", "n": "STEWART SPRING 1", "d": "Decreed spring · WDID 4301073" }, "geometry": { "type": "Point", "coordinates": [ -108.14492, 39.67911 ] } },
{ "type": "Feature", "properties": { "c": "nhd_spring", "n": "", "d": "USGS topo spring (may be dry)" }, "geometry": { "type": "Point", "coordinates": [ -108.14598, 39.68499 ] } },
{ "type": "Feature", "properties": { "c": "cdss_spring", "n": "EAST STEWART SPG NO 11", "d": "Decreed spring · WDID 4302425" }, "geometry": { "type": "Point", "coordinates": [ -108.14477, 39.69079 ] } },
{ "type": "Feature", "properties": { "c": "nhd_spring", "n": "", "d": "USGS topo spring (may be dry)" }, "geometry": { "type": "Point", "coordinates": [ -108.14501, 39.6911 ] } },
{ "type": "Feature", "properties": { "c": "cdss_spring", "n": "EAST STEWART SPG NO 12", "d": "Decreed spring · WDID 4302426" }, "geometry": { "type": "Point", "coordinates": [ -108.14489, 39.69114 ] } },
{ "type": "Feature", "properties": { "c": "nhd_spring", "n": "", "d": "USGS topo spring (may be dry)" }, "geometry": { "type": "Point", "coordinates": [ -108.14425, 39.69279 ] } },
{ "type": "Feature", "properties": { "c": "cdss_pond", "n": "JOHNSON RESERVOIR NO 2", "d": "Decreed stock pond · WDID 4304430" }, "geometry": { "type": "Point", "coordinates": [ -108.14273, 39.69981 ] } },
{ "type": "Feature", "properties": { "c": "nhd_spring", "n": "", "d": "USGS topo spring (may be dry)" }, "geometry": { "type": "Point", "coordinates": [ -108.1829, 39.69991 ] } },
{ "type": "Feature", "properties": { "c": "cdss_pond", "n": "JOHNSON POND  2", "d": "Decreed stock pond · WDID 4304457" }, "geometry": { "type": "Point", "coordinates": [ -108.06586, 39.68887 ] } },
{ "type": "Feature", "properties": { "c": "cdss_spring", "n": "STEWART SPRING NO 1-A", "d": "Decreed spring · WDID 4301756" }, "geometry": { "type": "Point", "coordinates": [ -108.13389, 39.69517 ] } },
{ "type": "Feature", "properties": { "c": "nhd_spring", "n": "", "d": "USGS topo spring (may be dry)" }, "geometry": { "type": "Point", "coordinates": [ -108.10709, 39.70605 ] } },
{ "type": "Feature", "properties": { "c": "cdss_pond", "n": "JOHNSON POND  6", "d": "Decreed stock pond · WDID 4304437" }, "geometry": { "type": "Point", "coordinates": [ -108.08527, 39.72682 ] } },
{ "type": "Feature", "properties": { "c": "cdss_spring", "n": "JOHNSON SPRING  2", "d": "Decreed spring · WDID 4302418" }, "geometry": { "type": "Point", "coordinates": [ -108.08527, 39.72682 ] } },
{ "type": "Feature", "properties": { "c": "cdss_pond", "n": "STORY GULCH RESERVOIR", "d": "Decreed stock pond · WDID 4304304" }, "geometry": { "type": "Point", "coordinates": [ -108.08908, 39.7288 ] } },
{ "type": "Feature", "properties": { "c": "cdss_spring", "n": "EAST STUART #1 SPRING", "d": "Decreed spring · WDID 4301977" }, "geometry": { "type": "Point", "coordinates": [ -108.11761, 39.73182 ] } },
{ "type": "Feature", "properties": { "c": "nhd_spring", "n": "", "d": "USGS topo spring (may be dry)" }, "geometry": { "type": "Point", "coordinates": [ -108.11886, 39.73191 ] } },
{ "type": "Feature", "properties": { "c": "cdss_spring", "n": "EAST STEWART GL #2 SPG", "d": "Decreed spring · WDID 4301966" }, "geometry": { "type": "Point", "coordinates": [ -108.12752, 39.74653 ] } },
{ "type": "Feature", "properties": { "c": "cdss_spring", "n": "TWO BUCK SPRING", "d": "Decreed spring · WDID 4301961" }, "geometry": { "type": "Point", "coordinates": [ -108.07575, 39.74806 ] } },
{ "type": "Feature", "properties": { "c": "cdss_spring", "n": "JOHNSON SPRING  3", "d": "Decreed spring · WDID 4302419" }, "geometry": { "type": "Point", "coordinates": [ -108.14283, 39.70132 ] } },
{ "type": "Feature", "properties": { "c": "cdss_pond", "n": "JOHNSON RESERVOIR NO 1", "d": "Decreed stock pond · WDID 4304431" }, "geometry": { "type": "Point", "coordinates": [ -108.14328, 39.7086 ] } },
{ "type": "Feature", "properties": { "c": "nhd_spring", "n": "Barnes Spring", "d": "USGS topo spring (may be dry)" }, "geometry": { "type": "Point", "coordinates": [ -108.16848, 39.74714 ] } },
{ "type": "Feature", "properties": { "c": "cdss_spring", "n": "BARNES SPG", "d": "Decreed spring · WDID 4302412" }, "geometry": { "type": "Point", "coordinates": [ -108.16845, 39.74716 ] } },
{ "type": "Feature", "properties": { "c": "cdss_spring", "n": "WEST STEWART RES SPG", "d": "Decreed spring · WDID 4302410" }, "geometry": { "type": "Point", "coordinates": [ -108.2032, 39.75537 ] } },
{ "type": "Feature", "properties": { "c": "cdss_pond", "n": "WEST STEWART GULCH RES", "d": "Decreed stock pond · WDID 4303672" }, "geometry": { "type": "Point", "coordinates": [ -108.20238, 39.75772 ] } },
{ "type": "Feature", "properties": { "c": "cdss_spring", "n": "LOWER BARNES SPG", "d": "Decreed spring · WDID 4302411" }, "geometry": { "type": "Point", "coordinates": [ -108.17123, 39.76248 ] } },
{ "type": "Feature", "properties": { "c": "cdss_spring", "n": "LITTLE JONES SPRING", "d": "Decreed spring · WDID 4301965" }, "geometry": { "type": "Point", "coordinates": [ -108.14034, 39.79424 ] } },
{ "type": "Feature", "properties": { "c": "nhd_spring", "n": "", "d": "USGS topo spring (may be dry)" }, "geometry": { "type": "Point", "coordinates": [ -108.14483, 39.81185 ] } },
{ "type": "Feature", "properties": { "c": "cdss_spring", "n": "SPUR SPG", "d": "Decreed spring · WDID 4302406" }, "geometry": { "type": "Point", "coordinates": [ -108.14608, 39.81225 ] } },
{ "type": "Feature", "properties": { "c": "cdss_spring", "n": "BLM SPRING 185-39", "d": "Decreed spring · WDID 4302508" }, "geometry": { "type": "Point", "coordinates": [ -108.2655, 39.69678 ] } },
{ "type": "Feature", "properties": { "c": "nhd_spring", "n": "", "d": "USGS topo spring (may be dry)" }, "geometry": { "type": "Point", "coordinates": [ -108.2084, 39.74603 ] } },
{ "type": "Feature", "properties": { "c": "cdss_pond", "n": "EXXON WILLOW CREEK RESERVOIR", "d": "Decreed stock pond · WDID 4303776" }, "geometry": { "type": "Point", "coordinates": [ -108.26849, 39.75225 ] } },
{ "type": "Feature", "properties": { "c": "cdss_spring", "n": "BLM SPRING 172-08", "d": "Decreed spring · WDID 4301510" }, "geometry": { "type": "Point", "coordinates": [ -108.26623, 39.75747 ] } },
{ "type": "Feature", "properties": { "c": "cdss_spring", "n": "BLM SPRING 171-16", "d": "Decreed spring · WDID 4301605" }, "geometry": { "type": "Point", "coordinates": [ -108.20964, 39.7822 ] } },
{ "type": "Feature", "properties": { "c": "cdss_pond", "n": "WILLOW CREEK RES 1", "d": "Decreed stock pond · WDID 4304464" }, "geometry": { "type": "Point", "coordinates": [ -108.25393, 39.78476 ] } },
{ "type": "Feature", "properties": { "c": "cdss_pond", "n": "THE WILLOW CREEK POND", "d": "Decreed stock pond · WDID 4304101" }, "geometry": { "type": "Point", "coordinates": [ -108.25191, 39.78748 ] } },
{ "type": "Feature", "properties": { "c": "cdss_spring", "n": "BLM SPRING 172-07", "d": "Decreed spring · WDID 4301168" }, "geometry": { "type": "Point", "coordinates": [ -108.25079, 39.78754 ] } },
{ "type": "Feature", "properties": { "c": "cdss_spring", "n": "COTTONWOOD SPRING", "d": "Decreed spring · WDID 4301963" }, "geometry": { "type": "Point", "coordinates": [ -108.21482, 39.81139 ] } },
{ "type": "Feature", "properties": { "c": "cdss_pond", "n": "CB RESERVOIR SYSTEM 1", "d": "Decreed stock pond · WDID 4303504" }, "geometry": { "type": "Point", "coordinates": [ -108.24453, 39.815 ] } },
{ "type": "Feature", "properties": { "c": "cdss_pond", "n": "JOHNSON POND 17", "d": "Decreed stock pond · WDID 4304448" }, "geometry": { "type": "Point", "coordinates": [ -108.08132, 39.7661 ] } },
{ "type": "Feature", "properties": { "c": "cdss_spring", "n": "BLM SPRING 171-14", "d": "Decreed spring · WDID 4302366" }, "geometry": { "type": "Point", "coordinates": [ -108.12927, 39.77691 ] } },
{ "type": "Feature", "properties": { "c": "cdss_spring", "n": "BLM SPRING 171-15", "d": "Decreed spring · WDID 4302376" }, "geometry": { "type": "Point", "coordinates": [ -108.12856, 39.7791 ] } },
{ "type": "Feature", "properties": { "c": "cdss_spring", "n": "BLM SPRING 171-05", "d": "Decreed spring · WDID 4302349" }, "geometry": { "type": "Point", "coordinates": [ -108.13302, 39.78144 ] } },
{ "type": "Feature", "properties": { "c": "cdss_pond", "n": "JOHNSON POND 15", "d": "Decreed stock pond · WDID 4304446" }, "geometry": { "type": "Point", "coordinates": [ -108.09479, 39.79152 ] } },
{ "type": "Feature", "properties": { "c": "nhd_spring", "n": "", "d": "USGS topo spring (may be dry)" }, "geometry": { "type": "Point", "coordinates": [ -108.09448, 39.79258 ] } },
{ "type": "Feature", "properties": { "c": "cdss_spring", "n": "PRIVATE SPRING", "d": "Decreed spring · WDID 4302416" }, "geometry": { "type": "Point", "coordinates": [ -108.09478, 39.79272 ] } },
{ "type": "Feature", "properties": { "c": "cdss_pond", "n": "JOHNSON POND 14", "d": "Decreed stock pond · WDID 4304445" }, "geometry": { "type": "Point", "coordinates": [ -108.10034, 39.79402 ] } },
{ "type": "Feature", "properties": { "c": "cdss_pond", "n": "JOHNSON POND 12", "d": "Decreed stock pond · WDID 4304443" }, "geometry": { "type": "Point", "coordinates": [ -108.10887, 39.79379 ] } },
{ "type": "Feature", "properties": { "c": "cdss_pond", "n": "JOHNSON POND 13", "d": "Decreed stock pond · WDID 4304444" }, "geometry": { "type": "Point", "coordinates": [ -108.103, 39.79403 ] } },
{ "type": "Feature", "properties": { "c": "nhd_spring", "n": "", "d": "USGS topo spring (may be dry)" }, "geometry": { "type": "Point", "coordinates": [ -108.09945, 39.79418 ] } },
{ "type": "Feature", "properties": { "c": "cdss_pond", "n": "JOHNSON POND 11", "d": "Decreed stock pond · WDID 4304442" }, "geometry": { "type": "Point", "coordinates": [ -108.11828, 39.79469 ] } },
{ "type": "Feature", "properties": { "c": "cdss_pond", "n": "JOHNSON POND 10", "d": "Decreed stock pond · WDID 4304441" }, "geometry": { "type": "Point", "coordinates": [ -108.11737, 39.7955 ] } },
{ "type": "Feature", "properties": { "c": "nhd_spring", "n": "", "d": "USGS topo spring (may be dry)" }, "geometry": { "type": "Point", "coordinates": [ -108.11641, 39.79602 ] } },
{ "type": "Feature", "properties": { "c": "cdss_spring", "n": "JOHNSON SPRING  4", "d": "Decreed spring · WDID 4302420" }, "geometry": { "type": "Point", "coordinates": [ -108.11663, 39.79602 ] } },
{ "type": "Feature", "properties": { "c": "cdss_spring", "n": "JOHNSON SPRING  7", "d": "Decreed spring · WDID 4302423" }, "geometry": { "type": "Point", "coordinates": [ -108.07074, 39.80041 ] } },
{ "type": "Feature", "properties": { "c": "cdss_spring", "n": "JOHNSON SPRING  6", "d": "Decreed spring · WDID 4301298" }, "geometry": { "type": "Point", "coordinates": [ -108.07088, 39.80041 ] } },
{ "type": "Feature", "properties": { "c": "nhd_spring", "n": "", "d": "USGS topo spring (may be dry)" }, "geometry": { "type": "Point", "coordinates": [ -108.07106, 39.80054 ] } },
{ "type": "Feature", "properties": { "c": "cdss_pond", "n": "JOHNSON POND  9", "d": "Decreed stock pond · WDID 4304440" }, "geometry": { "type": "Point", "coordinates": [ -108.12484, 39.79982 ] } },
{ "type": "Feature", "properties": { "c": "nhd_spring", "n": "", "d": "USGS topo spring (may be dry)" }, "geometry": { "type": "Point", "coordinates": [ -108.1238, 39.79992 ] } },
{ "type": "Feature", "properties": { "c": "cdss_pond", "n": "JOHNSON POND 16", "d": "Decreed stock pond · WDID 4304447" }, "geometry": { "type": "Point", "coordinates": [ -108.07596, 39.80195 ] } },
{ "type": "Feature", "properties": { "c": "cdss_spring", "n": "JOHNSON SPRING  5", "d": "Decreed spring · WDID 4302421" }, "geometry": { "type": "Point", "coordinates": [ -108.07587, 39.80213 ] } },
{ "type": "Feature", "properties": { "c": "nhd_spring", "n": "", "d": "USGS topo spring (may be dry)" }, "geometry": { "type": "Point", "coordinates": [ -108.07603, 39.80228 ] } },
{ "type": "Feature", "properties": { "c": "cdss_pond", "n": "JOHNSON POND  8", "d": "Decreed stock pond · WDID 4304439" }, "geometry": { "type": "Point", "coordinates": [ -108.12887, 39.80175 ] } },
{ "type": "Feature", "properties": { "c": "cdss_spring", "n": "CEDAR TREE SPG NO 10", "d": "Decreed spring · WDID 4302424" }, "geometry": { "type": "Point", "coordinates": [ -108.12913, 39.80178 ] } },
{ "type": "Feature", "properties": { "c": "cdss_pond", "n": "JOHNSON POND  7", "d": "Decreed stock pond · WDID 4304438" }, "geometry": { "type": "Point", "coordinates": [ -108.12942, 39.80211 ] } },
{ "type": "Feature", "properties": { "c": "cdss_spring", "n": "KING GULCH SPRING", "d": "Decreed spring · WDID 4301964" }, "geometry": { "type": "Point", "coordinates": [ -108.11275, 39.80717 ] } },
{ "type": "Feature", "properties": { "c": "cdss_pond", "n": "JONES RESERVOIR", "d": "Decreed stock pond · WDID 4303723" }, "geometry": { "type": "Point", "coordinates": [ -108.13464, 39.80906 ] } },
{ "type": "Feature", "properties": { "c": "nhd_spring", "n": "", "d": "USGS topo spring (may be dry)" }, "geometry": { "type": "Point", "coordinates": [ -108.07694, 39.83458 ] } },
{ "type": "Feature", "properties": { "c": "cdss_spring", "n": "SCHULTZ #1 SPRING", "d": "Decreed spring · WDID 4301935" }, "geometry": { "type": "Point", "coordinates": [ -108.0931, 39.83742 ] } },
{ "type": "Feature", "properties": { "c": "cdss_spring", "n": "PARK SPG NO 2", "d": "Decreed spring · WDID 4302408" }, "geometry": { "type": "Point", "coordinates": [ -108.14679, 39.81305 ] } },
{ "type": "Feature", "properties": { "c": "cdss_spring", "n": "BLM SPRING 171-17", "d": "Decreed spring · WDID 4301662" }, "geometry": { "type": "Point", "coordinates": [ -108.19922, 39.81501 ] } },
{ "type": "Feature", "properties": { "c": "cdss_pond", "n": "JESSUP RESERVOIR", "d": "Decreed stock pond · WDID 4303722" }, "geometry": { "type": "Point", "coordinates": [ -108.16308, 39.82029 ] } },
{ "type": "Feature", "properties": { "c": "cdss_spring", "n": "LEONARD SPRING", "d": "Decreed spring · WDID 4301081" }, "geometry": { "type": "Point", "coordinates": [ -108.18428, 39.82505 ] } },
{ "type": "Feature", "properties": { "c": "cdss_spring", "n": "PARK SPG NO 1", "d": "Decreed spring · WDID 4302409" }, "geometry": { "type": "Point", "coordinates": [ -108.1866, 39.82609 ] } },
{ "type": "Feature", "properties": { "c": "cdss_spring", "n": "JESSUP GULCH #1 SPRING", "d": "Decreed spring · WDID 4301951" }, "geometry": { "type": "Point", "coordinates": [ -108.14415, 39.86632 ] } },
{ "type": "Feature", "properties": { "c": "cdss_spring", "n": "COLLINS GL SPRING", "d": "Decreed spring · WDID 4301948" }, "geometry": { "type": "Point", "coordinates": [ -108.18285, 39.87573 ] } },
{ "type": "Feature", "properties": { "c": "cdss_spring", "n": "GORDON SHIRE SPRING", "d": "Decreed spring · WDID 4301949" }, "geometry": { "type": "Point", "coordinates": [ -108.19434, 39.87548 ] } },
{ "type": "Feature", "properties": { "c": "cdss_spring", "n": "BLM SPRING 160-37", "d": "Decreed spring · WDID 4301408" }, "geometry": { "type": "Point", "coordinates": [ -108.18487, 39.88111 ] } },
{ "type": "Feature", "properties": { "c": "cdss_spring", "n": "HATCH GL SPRING", "d": "Decreed spring · WDID 4301950" }, "geometry": { "type": "Point", "coordinates": [ -108.21381, 39.88306 ] } },
{ "type": "Feature", "properties": { "c": "nhd_spring", "n": "", "d": "USGS topo spring (may be dry)" }, "geometry": { "type": "Point", "coordinates": [ -108.10323, 39.84419 ] } },
{ "type": "Feature", "properties": { "c": "cdss_spring", "n": "JONES GL SPRING", "d": "Decreed spring · WDID 4301934" }, "geometry": { "type": "Point", "coordinates": [ -108.10326, 39.84423 ] } },
{ "type": "Feature", "properties": { "c": "cdss_spring", "n": "BLM SPRING 170-42", "d": "Decreed spring · WDID 4301584" }, "geometry": { "type": "Point", "coordinates": [ -108.10167, 39.84657 ] } },
{ "type": "Feature", "properties": { "c": "cdss_spring", "n": "SCHULTZ #2 SPRING", "d": "Decreed spring · WDID 4301953" }, "geometry": { "type": "Point", "coordinates": [ -108.12357, 39.85959 ] } },
{ "type": "Feature", "properties": { "c": "cdss_spring", "n": "RUBE GULCH SPRING", "d": "Decreed spring · WDID 4301952" }, "geometry": { "type": "Point", "coordinates": [ -108.12225, 39.86111 ] } },
{ "type": "Feature", "properties": { "c": "cdss_spring", "n": "DRY FORK #3 SPRING", "d": "Decreed spring · WDID 4301930" }, "geometry": { "type": "Point", "coordinates": [ -108.082, 39.86301 ] } },
{ "type": "Feature", "properties": { "c": "cdss_spring", "n": "EAST PRONG SPRING", "d": "Decreed spring · WDID 4301927" }, "geometry": { "type": "Point", "coordinates": [ -108.0849, 39.86979 ] } },
{ "type": "Feature", "properties": { "c": "cdss_spring", "n": "BLM SPRING 170-49", "d": "Decreed spring · WDID 4301583" }, "geometry": { "type": "Point", "coordinates": [ -108.09254, 39.87094 ] } },
{ "type": "Feature", "properties": { "c": "nhd_spring", "n": "", "d": "USGS topo spring (may be dry)" }, "geometry": { "type": "Point", "coordinates": [ -108.13169, 39.87011 ] } },
{ "type": "Feature", "properties": { "c": "cdss_spring", "n": "BLM SPRING 171-01", "d": "Decreed spring · WDID 4301591" }, "geometry": { "type": "Point", "coordinates": [ -108.14241, 39.87062 ] } },
{ "type": "Feature", "properties": { "c": "cdss_pond", "n": "EAST NO NAME GULCH RES", "d": "Decreed stock pond · WDID 4304348" }, "geometry": { "type": "Point", "coordinates": [ -108.22098, 39.81583 ] } },
{ "type": "Feature", "properties": { "c": "cdss_pond", "n": "P. L. RESERVOIR NO. 1", "d": "Decreed stock pond · WDID 4304503" }, "geometry": { "type": "Point", "coordinates": [ -108.24708, 39.81543 ] } },
{ "type": "Feature", "properties": { "c": "nhd_spring", "n": "", "d": "USGS topo spring (may be dry)" }, "geometry": { "type": "Point", "coordinates": [ -108.24308, 39.83837 ] } },
{ "type": "Feature", "properties": { "c": "cdss_spring", "n": "LIMBERG SPRING DITCH", "d": "Decreed spring · WDID 4300765" }, "geometry": { "type": "Point", "coordinates": [ -108.24341, 39.83888 ] } },
{ "type": "Feature", "properties": { "c": "cdss_spring", "n": "TRACT C-A S-499", "d": "Decreed spring · WDID 4301711" }, "geometry": { "type": "Point", "coordinates": [ -108.27111, 39.84548 ] } },
{ "type": "Feature", "properties": { "c": "cdss_pond", "n": "EXXON B&M RESERVOIR", "d": "Decreed stock pond · WDID 4303774" }, "geometry": { "type": "Point", "coordinates": [ -108.25087, 39.84889 ] } },
{ "type": "Feature", "properties": { "c": "cdss_pond", "n": "HUNTER CREEK RESERVOIR", "d": "Decreed stock pond · WDID 4304270" }, "geometry": { "type": "Point", "coordinates": [ -108.26517, 39.84964 ] } },
{ "type": "Feature", "properties": { "c": "cdss_spring", "n": "BLM SPRING 160-23", "d": "Decreed spring · WDID 4301443" }, "geometry": { "type": "Point", "coordinates": [ -108.22148, 39.8781 ] } },
{ "type": "Feature", "properties": { "c": "cdss_pond", "n": "HATCH GULCH RES", "d": "Decreed stock pond · WDID 4304462" }, "geometry": { "type": "Point", "coordinates": [ -108.22683, 39.89563 ] } },
{ "type": "Feature", "properties": { "c": "cdss_spring", "n": "BLM SPRING 160-05", "d": "Decreed spring · WDID 4301207" }, "geometry": { "type": "Point", "coordinates": [ -108.22054, 39.90691 ] } },
{ "type": "Feature", "properties": { "c": "cdss_pond", "n": "CLIMAX MINE UNDERGROUND LEVELS", "d": "Decreed stock pond · WDID 3603647" }, "geometry": { "type": "Point", "coordinates": [ -106.16745, 39.36765 ] } },
{ "type": "Feature", "properties": { "c": "cdss_pond", "n": "BUFFEHR ENLARGED RESERVOIR", "d": "Decreed stock pond · WDID 3603535" }, "geometry": { "type": "Point", "coordinates": [ -106.19264, 39.38103 ] } },
{ "type": "Feature", "properties": { "c": "cdss_pond", "n": "CON-HOOSIER UPPER BLUE LAKE", "d": "Decreed stock pond · WDID 3603570" }, "geometry": { "type": "Point", "coordinates": [ -106.10087, 39.38573 ] } },
{ "type": "Feature", "properties": { "c": "cdss_pond", "n": "ROBINSON TAILINGS POND", "d": "Decreed stock pond · WDID 3603627" }, "geometry": { "type": "Point", "coordinates": [ -106.1961, 39.39619 ] } },
{ "type": "Feature", "properties": { "c": "cdss_pond", "n": "CLEAR WATER POND PUMP", "d": "Decreed stock pond · WDID 3600894" }, "geometry": { "type": "Point", "coordinates": [ -106.19707, 39.40922 ] } },
{ "type": "Feature", "properties": { "c": "cdss_pond", "n": "TENMILE POND", "d": "Decreed stock pond · WDID 3603626" }, "geometry": { "type": "Point", "coordinates": [ -106.18659, 39.41345 ] } },
{ "type": "Feature", "properties": { "c": "cdss_pond", "n": "CLINTON GULCH RESERVOIR", "d": "Decreed stock pond · WDID 3603575" }, "geometry": { "type": "Point", "coordinates": [ -106.17256, 39.41531 ] } },
{ "type": "Feature", "properties": { "c": "cdss_pond", "n": "MIN LAKE MOHAWK NO 6", "d": "Decreed stock pond · WDID 3603588" }, "geometry": { "type": "Point", "coordinates": [ -106.1048, 39.42151 ] } },
{ "type": "Feature", "properties": { "c": "cdss_pond", "n": "MIN LAKE MOHAWK  NO 7", "d": "Decreed stock pond · WDID 3603589" }, "geometry": { "type": "Point", "coordinates": [ -106.10952, 39.42444 ] } },
{ "type": "Feature", "properties": { "c": "cdss_pond", "n": "CLIMAX RESERVOIR SYSTEM TOTALIZER", "d": "Decreed stock pond · WDID 3603702" }, "geometry": { "type": "Point", "coordinates": [ -106.16958, 39.43971 ] } },
{ "type": "Feature", "properties": { "c": "cdss_pond", "n": "MAYFLOWER POND", "d": "Decreed stock pond · WDID 3603598" }, "geometry": { "type": "Point", "coordinates": [ -106.16953, 39.44042 ] } },
{ "type": "Feature", "properties": { "c": "cdss_spring", "n": "CHICAGO LODE TUNNEL SPG", "d": "Decreed spring · WDID 3600893" }, "geometry": { "type": "Point", "coordinates": [ -106.13233, 39.53051 ] } },
{ "type": "Feature", "properties": { "c": "cdss_pond", "n": "MIN LAKE UPPER WHEELER", "d": "Decreed stock pond · WDID 3603594" }, "geometry": { "type": "Point", "coordinates": [ -106.16959, 39.53018 ] } },
{ "type": "Feature", "properties": { "c": "cdss_pond", "n": "MIN LAKE LOWER WHEELER", "d": "Decreed stock pond · WDID 3603585" }, "geometry": { "type": "Point", "coordinates": [ -106.16959, 39.53018 ] } },
{ "type": "Feature", "properties": { "c": "cdss_pond", "n": "MIN LAKE LOST LAKE", "d": "Decreed stock pond · WDID 3603584" }, "geometry": { "type": "Point", "coordinates": [ -106.18379, 39.53686 ] } },
{ "type": "Feature", "properties": { "c": "cdss_pond", "n": "OFFICERS GULCH POND", "d": "Decreed stock pond · WDID 3603606" }, "geometry": { "type": "Point", "coordinates": [ -106.14377, 39.53985 ] } },
{ "type": "Feature", "properties": { "c": "cdss_spring", "n": "HAYNES SPRING NO 11", "d": "Decreed spring · WDID 4501068" }, "geometry": { "type": "Point", "coordinates": [ -107.88188, 39.4855 ] } },
{ "type": "Feature", "properties": { "c": "cdss_spring", "n": "HAYNES SPRING NO 12", "d": "Decreed spring · WDID 4501069" }, "geometry": { "type": "Point", "coordinates": [ -107.88175, 39.4857 ] } },
{ "type": "Feature", "properties": { "c": "cdss_spring", "n": "HAYNES SPRING NO 10", "d": "Decreed spring · WDID 4501067" }, "geometry": { "type": "Point", "coordinates": [ -107.88149, 39.48572 ] } },
{ "type": "Feature", "properties": { "c": "cdss_spring", "n": "WINCH SPRING NO 1", "d": "Decreed spring · WDID 4500971" }, "geometry": { "type": "Point", "coordinates": [ -107.88513, 39.4861 ] } },
{ "type": "Feature", "properties": { "c": "cdss_pond", "n": "MANDIBLE RESERVOIR", "d": "Decreed stock pond · WDID 4503593" }, "geometry": { "type": "Point", "coordinates": [ -107.87645, 39.48724 ] } },
{ "type": "Feature", "properties": { "c": "cdss_spring", "n": "TRAHERN SPRING NO 02", "d": "Decreed spring · WDID 4500961" }, "geometry": { "type": "Point", "coordinates": [ -107.89521, 39.49447 ] } },
{ "type": "Feature", "properties": { "c": "cdss_spring", "n": "SPENCER SPRINGS DITCH", "d": "Decreed spring · WDID 4500771" }, "geometry": { "type": "Point", "coordinates": [ -107.86711, 39.50329 ] } },
{ "type": "Feature", "properties": { "c": "cdss_pond", "n": "WITHROW POND", "d": "Decreed stock pond · WDID 4503748" }, "geometry": { "type": "Point", "coordinates": [ -107.85093, 39.50824 ] } },
{ "type": "Feature", "properties": { "c": "cdss_spring", "n": "WITHROW SPRING NO. 3", "d": "Decreed spring · WDID 4505631" }, "geometry": { "type": "Point", "coordinates": [ -107.85044, 39.50845 ] } },
{ "type": "Feature", "properties": { "c": "cdss_spring", "n": "WITHROW SPRING NO. 4", "d": "Decreed spring · WDID 4505632" }, "geometry": { "type": "Point", "coordinates": [ -107.85044, 39.50845 ] } },
{ "type": "Feature", "properties": { "c": "cdss_spring", "n": "WITHROW SPRING NO. 1", "d": "Decreed spring · WDID 4505629" }, "geometry": { "type": "Point", "coordinates": [ -107.85037, 39.50846 ] } },
{ "type": "Feature", "properties": { "c": "cdss_spring", "n": "WITHROW SPRING NO. 2", "d": "Decreed spring · WDID 4505630" }, "geometry": { "type": "Point", "coordinates": [ -107.85037, 39.50846 ] } },
{ "type": "Feature", "properties": { "c": "cdss_spring", "n": "WITHROW SPRING NO. 5", "d": "Decreed spring · WDID 4505647" }, "geometry": { "type": "Point", "coordinates": [ -107.85008, 39.50894 ] } },
{ "type": "Feature", "properties": { "c": "cdss_spring", "n": "WITHROW SPRING NO. 7", "d": "Decreed spring · WDID 4505649" }, "geometry": { "type": "Point", "coordinates": [ -107.84976, 39.50949 ] } },
{ "type": "Feature", "properties": { "c": "cdss_spring", "n": "WITHROW SPRING NO. 6", "d": "Decreed spring · WDID 4505648" }, "geometry": { "type": "Point", "coordinates": [ -107.84958, 39.50981 ] } },
{ "type": "Feature", "properties": { "c": "cdss_spring", "n": "ANDERSON #1 SPRING", "d": "Decreed spring · WDID 4501181" }, "geometry": { "type": "Point", "coordinates": [ -107.80905, 39.5158 ] } },
{ "type": "Feature", "properties": { "c": "cdss_spring", "n": "MCCARNES SPRING NO 1", "d": "Decreed spring · WDID 4500924" }, "geometry": { "type": "Point", "coordinates": [ -107.81539, 39.51669 ] } },
{ "type": "Feature", "properties": { "c": "cdss_spring", "n": "MCCARNES SPRING NO 4", "d": "Decreed spring · WDID 4500927" }, "geometry": { "type": "Point", "coordinates": [ -107.82006, 39.51666 ] } },
{ "type": "Feature", "properties": { "c": "cdss_spring", "n": "MCCARNES SPRING NO 3", "d": "Decreed spring · WDID 4500926" }, "geometry": { "type": "Point", "coordinates": [ -107.82006, 39.51666 ] } },
{ "type": "Feature", "properties": { "c": "cdss_spring", "n": "MCCARNES SPRING NO 2", "d": "Decreed spring · WDID 4500925" }, "geometry": { "type": "Point", "coordinates": [ -107.82006, 39.51666 ] } },
{ "type": "Feature", "properties": { "c": "cdss_pond", "n": "CASTLE PEAK RES NO 1", "d": "Decreed stock pond · WDID 3703511" }, "geometry": { "type": "Point", "coordinates": [ -106.20731, 39.53995 ] } },
{ "type": "Feature", "properties": { "c": "nhd_spring", "n": "", "d": "USGS topo spring (may be dry)" }, "geometry": { "type": "Point", "coordinates": [ -106.24564, 39.54043 ] } },
{ "type": "Feature", "properties": { "c": "cdss_pond", "n": "OFF GUL RP RESERVOIR", "d": "Decreed stock pond · WDID 3603692" }, "geometry": { "type": "Point", "coordinates": [ -106.14204, 39.5418 ] } },
{ "type": "Feature", "properties": { "c": "cdss_spring", "n": "JAY UTTER SPRING", "d": "Decreed spring · WDID 3605418" }, "geometry": { "type": "Point", "coordinates": [ -106.24765, 39.54203 ] } },
{ "type": "Feature", "properties": { "c": "cdss_pond", "n": "OGILBY RESERVOIR", "d": "Decreed stock pond · WDID 3703706" }, "geometry": { "type": "Point", "coordinates": [ -106.24476, 39.54658 ] } },
{ "type": "Feature", "properties": { "c": "cdss_pond", "n": "MESA LAKE NO 3", "d": "Decreed stock pond · WDID 4503655" }, "geometry": { "type": "Point", "coordinates": [ -108.05203, 39.43642 ] } },
{ "type": "Feature", "properties": { "c": "cdss_pond", "n": "BMI RAW WATER LAKE", "d": "Decreed stock pond · WDID 4503725" }, "geometry": { "type": "Point", "coordinates": [ -108.05055, 39.43768 ] } },
{ "type": "Feature", "properties": { "c": "cdss_pond", "n": "MESA LAKE NO 2", "d": "Decreed stock pond · WDID 4503654" }, "geometry": { "type": "Point", "coordinates": [ -108.05128, 39.43938 ] } },
{ "type": "Feature", "properties": { "c": "cdss_pond", "n": "MESA LAKE NO 1", "d": "Decreed stock pond · WDID 4503653" }, "geometry": { "type": "Point", "coordinates": [ -108.05128, 39.43938 ] } },
{ "type": "Feature", "properties": { "c": "cdss_spring", "n": "MAHAFFEY SP 1 2 3 POND D", "d": "Decreed spring · WDID 4500684" }, "geometry": { "type": "Point", "coordinates": [ -108.03751, 39.45033 ] } },
{ "type": "Feature", "properties": { "c": "cdss_pond", "n": "MESA LAKE NO 6", "d": "Decreed stock pond · WDID 4503658" }, "geometry": { "type": "Point", "coordinates": [ -108.03751, 39.45033 ] } },
{ "type": "Feature", "properties": { "c": "cdss_pond", "n": "LYON'S POND WELL POINT OF DEPLETION", "d": "Decreed stock pond · WDID 4509047" }, "geometry": { "type": "Point", "coordinates": [ -108.04129, 39.45097 ] } },
{ "type": "Feature", "properties": { "c": "cdss_pond", "n": "LYONS POND WELL", "d": "Decreed stock pond · WDID 4505092" }, "geometry": { "type": "Point", "coordinates": [ -108.03673, 39.45147 ] } },
{ "type": "Feature", "properties": { "c": "cdss_spring", "n": "WANDA SPRING AND PL", "d": "Decreed spring · WDID 4500807" }, "geometry": { "type": "Point", "coordinates": [ -108.03539, 39.45302 ] } },
{ "type": "Feature", "properties": { "c": "cdss_pond", "n": "BACK NINE POND", "d": "Decreed stock pond · WDID 4503726" }, "geometry": { "type": "Point", "coordinates": [ -108.03372, 39.45701 ] } },
{ "type": "Feature", "properties": { "c": "cdss_spring", "n": "GRAND VALLEY WTR MUNI PL", "d": "Decreed spring · WDID 4504727" }, "geometry": { "type": "Point", "coordinates": [ -108.01893, 39.46489 ] } },
{ "type": "Feature", "properties": { "c": "cdss_spring", "n": "SPRING GULCH DITCH NO 1", "d": "Decreed spring · WDID 4500774" }, "geometry": { "type": "Point", "coordinates": [ -108.01254, 39.46831 ] } },
{ "type": "Feature", "properties": { "c": "cdss_spring", "n": "GRAVES SPRINGS", "d": "Decreed spring · WDID 4500611" }, "geometry": { "type": "Point", "coordinates": [ -107.94193, 39.48781 ] } },
{ "type": "Feature", "properties": { "c": "cdss_spring", "n": "SWARTZENDRUBER SPRING", "d": "Decreed spring · WDID 4501086" }, "geometry": { "type": "Point", "coordinates": [ -107.9138, 39.4906 ] } },
{ "type": "Feature", "properties": { "c": "cdss_spring", "n": "POTTER SP NO 1 2 PUMP PL", "d": "Decreed spring · WDID 4500727" }, "geometry": { "type": "Point", "coordinates": [ -107.93635, 39.49049 ] } },
{ "type": "Feature", "properties": { "c": "cdss_spring", "n": "TRAHERN SPRING NO 12", "d": "Decreed spring · WDID 4500958" }, "geometry": { "type": "Point", "coordinates": [ -107.91035, 39.49187 ] } },
{ "type": "Feature", "properties": { "c": "cdss_spring", "n": "TRAHERN SPRING NO 11", "d": "Decreed spring · WDID 4500957" }, "geometry": { "type": "Point", "coordinates": [ -107.90939, 39.49258 ] } },
{ "type": "Feature", "properties": { "c": "cdss_spring", "n": "TRAHERN SPRING NO 10", "d": "Decreed spring · WDID 4500956" }, "geometry": { "type": "Point", "coordinates": [ -107.90868, 39.49362 ] } },
{ "type": "Feature", "properties": { "c": "cdss_spring", "n": "TRAHERN SPRING NO 09", "d": "Decreed spring · WDID 4500967" }, "geometry": { "type": "Point", "coordinates": [ -107.90848, 39.49389 ] } },
{ "type": "Feature", "properties": { "c": "cdss_spring", "n": "TRAHERN SPRING NO 07", "d": "Decreed spring · WDID 4500965" }, "geometry": { "type": "Point", "coordinates": [ -107.90779, 39.49401 ] } },
{ "type": "Feature", "properties": { "c": "cdss_spring", "n": "TRAHERN SPRING NO 08", "d": "Decreed spring · WDID 4500966" }, "geometry": { "type": "Point", "coordinates": [ -107.90805, 39.49404 ] } },
{ "type": "Feature", "properties": { "c": "cdss_spring", "n": "TRAHERN SPRING NO 06", "d": "Decreed spring · WDID 4500964" }, "geometry": { "type": "Point", "coordinates": [ -107.90717, 39.49497 ] } },
{ "type": "Feature", "properties": { "c": "cdss_spring", "n": "TRAHERN SPRING NO 05", "d": "Decreed spring · WDID 4500963" }, "geometry": { "type": "Point", "coordinates": [ -107.90687, 39.49563 ] } },
{ "type": "Feature", "properties": { "c": "cdss_spring", "n": "TRAHERN SPRING NO 04", "d": "Decreed spring · WDID 4500962" }, "geometry": { "type": "Point", "coordinates": [ -107.9065, 39.49574 ] } },
{ "type": "Feature", "properties": { "c": "cdss_spring", "n": "MEL'S SPRING NO. 1", "d": "Decreed spring · WDID 4505613" }, "geometry": { "type": "Point", "coordinates": [ -107.96059, 39.47615 ] } },
{ "type": "Feature", "properties": { "c": "cdss_spring", "n": "MEL'S SPRING NO. 2", "d": "Decreed spring · WDID 4505614" }, "geometry": { "type": "Point", "coordinates": [ -107.96058, 39.47617 ] } },
{ "type": "Feature", "properties": { "c": "cdss_pond", "n": "DIRECT HAULER -DERE POND & PARACHUTE CREEK", "d": "Decreed stock pond · WDID 4508040" }, "geometry": { "type": "Point", "coordinates": [ -107.96773, 39.47911 ] } },
{ "type": "Feature", "properties": { "c": "cdss_spring", "n": "BARREL SPRING", "d": "Decreed spring · WDID 4501049" }, "geometry": { "type": "Point", "coordinates": [ -107.94524, 39.48444 ] } },
{ "type": "Feature", "properties": { "c": "cdss_spring", "n": "LONE TREE SPRING", "d": "Decreed spring · WDID 3906084" }, "geometry": { "type": "Point", "coordinates": [ -107.97808, 39.51938 ] } },
{ "type": "Feature", "properties": { "c": "cdss_spring", "n": "MOBILE PARACHUTE SPRNG18", "d": "Decreed spring · WDID 3905667" }, "geometry": { "type": "Point", "coordinates": [ -107.97807, 39.523 ] } },
{ "type": "Feature", "properties": { "c": "cdss_pond", "n": "MAHAFFEY TERMINAL RES", "d": "Decreed stock pond · WDID 3903517" }, "geometry": { "type": "Point", "coordinates": [ -108.01009, 39.4756 ] } },
{ "type": "Feature", "properties": { "c": "cdss_spring", "n": "MOBILE PARACHUTE SPRNG14", "d": "Decreed spring · WDID 3905663" }, "geometry": { "type": "Point", "coordinates": [ -108.00624, 39.50788 ] } },
{ "type": "Feature", "properties": { "c": "cdss_spring", "n": "MOBILE PARACHUTE SPRING6", "d": "Decreed spring · WDID 3905655" }, "geometry": { "type": "Point", "coordinates": [ -108.01086, 39.51153 ] } },
{ "type": "Feature", "properties": { "c": "nhd_spring", "n": "", "d": "USGS topo spring (may be dry)" }, "geometry": { "type": "Point", "coordinates": [ -108.01093, 39.51213 ] } },
{ "type": "Feature", "properties": { "c": "cdss_spring", "n": "MOBILE PARACHUTE SPRING5", "d": "Decreed spring · WDID 3905654" }, "geometry": { "type": "Point", "coordinates": [ -108.04719, 39.51556 ] } },
{ "type": "Feature", "properties": { "c": "nhd_spring", "n": "", "d": "USGS topo spring (may be dry)" }, "geometry": { "type": "Point", "coordinates": [ -108.04834, 39.51736 ] } },
{ "type": "Feature", "properties": { "c": "cdss_spring", "n": "MOBILE PARACHUTE SPRNG13", "d": "Decreed spring · WDID 3905662" }, "geometry": { "type": "Point", "coordinates": [ -108.02941, 39.52308 ] } },
{ "type": "Feature", "properties": { "c": "cdss_spring", "n": "MOBILE PARACHUTE SPRING4", "d": "Decreed spring · WDID 3905653" }, "geometry": { "type": "Point", "coordinates": [ -108.03872, 39.52311 ] } },
{ "type": "Feature", "properties": { "c": "nhd_spring", "n": "", "d": "USGS topo spring (may be dry)" }, "geometry": { "type": "Point", "coordinates": [ -108.04095, 39.5234 ] } },
{ "type": "Feature", "properties": { "c": "cdss_spring", "n": "MOBILE PARACHUTE SPRING9", "d": "Decreed spring · WDID 3905658" }, "geometry": { "type": "Point", "coordinates": [ -108.05567, 39.52479 ] } },
{ "type": "Feature", "properties": { "c": "cdss_pond", "n": "SILVER LAKE RESERVOIR", "d": "Decreed stock pond · WDID 3603689" }, "geometry": { "type": "Point", "coordinates": [ -106.07747, 39.37415 ] } },
{ "type": "Feature", "properties": { "c": "cdss_pond", "n": "SILVER LAKE", "d": "Decreed stock pond · WDID 3603566" }, "geometry": { "type": "Point", "coordinates": [ -106.07747, 39.37415 ] } },
{ "type": "Feature", "properties": { "c": "cdss_pond", "n": "CON-HOOSIER LOWER BLUE LAKE", "d": "Decreed stock pond · WDID 3603557" }, "geometry": { "type": "Point", "coordinates": [ -106.08947, 39.38716 ] } },
{ "type": "Feature", "properties": { "c": "cdss_pond", "n": "VALLEY OF THE BLUE RESERVOIR 1", "d": "Decreed stock pond · WDID 3603595" }, "geometry": { "type": "Point", "coordinates": [ -106.04847, 39.3893 ] } },
{ "type": "Feature", "properties": { "c": "cdss_pond", "n": "MIN LAKE MOHAWK NO 2", "d": "Decreed stock pond · WDID 3603586" }, "geometry": { "type": "Point", "coordinates": [ -106.09035, 39.41825 ] } },
{ "type": "Feature", "properties": { "c": "cdss_pond", "n": "CON-HOOSIER SPRUCE LAKE", "d": "Decreed stock pond · WDID 3603567" }, "geometry": { "type": "Point", "coordinates": [ -106.07482, 39.42152 ] } },
{ "type": "Feature", "properties": { "c": "cdss_pond", "n": "MIN LAKE MOHAWK NO 5", "d": "Decreed stock pond · WDID 3603587" }, "geometry": { "type": "Point", "coordinates": [ -106.08683, 39.42159 ] } },
{ "type": "Feature", "properties": { "c": "cdss_spring", "n": "MAKOTO HORIUCHI SPG NO 2", "d": "Decreed spring · WDID 3600954" }, "geometry": { "type": "Point", "coordinates": [ -106.04147, 39.422 ] } },
{ "type": "Feature", "properties": { "c": "cdss_spring", "n": "CHIYO HORIUCHI SPG NO 1", "d": "Decreed spring · WDID 3600948" }, "geometry": { "type": "Point", "coordinates": [ -106.04147, 39.422 ] } },
{ "type": "Feature", "properties": { "c": "cdss_spring", "n": "LYNNE HORIUCHI SPG NO 3", "d": "Decreed spring · WDID 3600953" }, "geometry": { "type": "Point", "coordinates": [ -106.04147, 39.422 ] } },
{ "type": "Feature", "properties": { "c": "cdss_pond", "n": "CON-HOOSIER MAYFLOWER LAKE", "d": "Decreed stock pond · WDID 3603558" }, "geometry": { "type": "Point", "coordinates": [ -106.08578, 39.42171 ] } },
{ "type": "Feature", "properties": { "c": "cdss_pond", "n": "ROYAL RESERVOIR", "d": "Decreed stock pond · WDID 3603590" }, "geometry": { "type": "Point", "coordinates": [ -106.02766, 39.42613 ] } },
{ "type": "Feature", "properties": { "c": "cdss_spring", "n": "CORONET SPG AND PL", "d": "Decreed spring · WDID 3600895" }, "geometry": { "type": "Point", "coordinates": [ -106.03136, 39.42886 ] } },
{ "type": "Feature", "properties": { "c": "cdss_spring", "n": "BLUE ROCK SPRING", "d": "Decreed spring · WDID 3605409" }, "geometry": { "type": "Point", "coordinates": [ -106.04189, 39.43589 ] } },
{ "type": "Feature", "properties": { "c": "nhd_spring", "n": "Blue Rock Spring", "d": "USGS topo spring (may be dry)" }, "geometry": { "type": "Point", "coordinates": [ -106.04388, 39.43627 ] } },
{ "type": "Feature", "properties": { "c": "cdss_pond", "n": "GOLD NUGGET RES", "d": "Decreed stock pond · WDID 3603577" }, "geometry": { "type": "Point", "coordinates": [ -106.0062, 39.4393 ] } },
{ "type": "Feature", "properties": { "c": "cdss_spring", "n": "BAKRS TNK PG SPRING", "d": "Decreed spring · WDID 3605466" }, "geometry": { "type": "Point", "coordinates": [ -105.99688, 39.44309 ] } },
{ "type": "Feature", "properties": { "c": "cdss_pond", "n": "MCCAIN RESERVOIR", "d": "Decreed stock pond · WDID 3603703" }, "geometry": { "type": "Point", "coordinates": [ -106.03056, 39.45489 ] } },
{ "type": "Feature", "properties": { "c": "cdss_pond", "n": "GOOSE PASTURE TARN", "d": "Decreed stock pond · WDID 3603542" }, "geometry": { "type": "Point", "coordinates": [ -106.03056, 39.45489 ] } },
{ "type": "Feature", "properties": { "c": "cdss_pond", "n": "CARTER CREEK RESERVOIR", "d": "Decreed stock pond · WDID 3603597" }, "geometry": { "type": "Point", "coordinates": [ -106.05728, 39.462 ] } },
{ "type": "Feature", "properties": { "c": "cdss_spring", "n": "BREWER MINE SPRING NO 1", "d": "Decreed spring · WDID 3600887" }, "geometry": { "type": "Point", "coordinates": [ -106.00143, 39.46453 ] } },
{ "type": "Feature", "properties": { "c": "cdss_spring", "n": "BREWER SPRING NO 2", "d": "Decreed spring · WDID 3600888" }, "geometry": { "type": "Point", "coordinates": [ -105.99633, 39.46763 ] } },
{ "type": "Feature", "properties": { "c": "cdss_pond", "n": "BRECKENRIDGE NO 1 RES ALT", "d": "Decreed stock pond · WDID 3603620" }, "geometry": { "type": "Point", "coordinates": [ -106.06192, 39.46929 ] } },
{ "type": "Feature", "properties": { "c": "cdss_pond", "n": "SAWMILL RESERVOIR", "d": "Decreed stock pond · WDID 3603599" }, "geometry": { "type": "Point", "coordinates": [ -106.05833, 39.47344 ] } },
{ "type": "Feature", "properties": { "c": "cdss_pond", "n": "BRECKENRIDGE RESERVOIR NO 2", "d": "Decreed stock pond · WDID 3603619" }, "geometry": { "type": "Point", "coordinates": [ -106.0585, 39.47397 ] } },
{ "type": "Feature", "properties": { "c": "cdss_pond", "n": "BRECKENRIDGE RESERVOIR NO 1", "d": "Decreed stock pond · WDID 3603536" }, "geometry": { "type": "Point", "coordinates": [ -106.05875, 39.47404 ] } },
{ "type": "Feature", "properties": { "c": "cdss_spring", "n": "SUNNYSIDE SPRING", "d": "Decreed spring · WDID 3605223" }, "geometry": { "type": "Point", "coordinates": [ -105.95749, 39.48023 ] } },
{ "type": "Feature", "properties": { "c": "cdss_spring", "n": "COUNTRY BOY MINE SPRING", "d": "Decreed spring · WDID 3605214" }, "geometry": { "type": "Point", "coordinates": [ -106.01414, 39.48034 ] } },
{ "type": "Feature", "properties": { "c": "cdss_pond", "n": "BROOKS SNIDER POND", "d": "Decreed stock pond · WDID 3603690" }, "geometry": { "type": "Point", "coordinates": [ -106.05943, 39.48996 ] } },
{ "type": "Feature", "properties": { "c": "cdss_pond", "n": "YOSUICHI RESERVOIR", "d": "Decreed stock pond · WDID 3603656" }, "geometry": { "type": "Point", "coordinates": [ -106.05479, 39.49513 ] } },
{ "type": "Feature", "properties": { "c": "cdss_pond", "n": "SWAN RIVER RESERVOIR NO 5", "d": "Decreed stock pond · WDID 3603633" }, "geometry": { "type": "Point", "coordinates": [ -105.94894, 39.51302 ] } },
{ "type": "Feature", "properties": { "c": "cdss_pond", "n": "SWAN RIVER RESERVOIR", "d": "Decreed stock pond · WDID 3603648" }, "geometry": { "type": "Point", "coordinates": [ -105.95125, 39.51464 ] } },
{ "type": "Feature", "properties": { "c": "nhd_spring", "n": "", "d": "USGS topo spring (may be dry)" }, "geometry": { "type": "Point", "coordinates": [ -106.00917, 39.51735 ] } },
{ "type": "Feature", "properties": { "c": "cdss_spring", "n": "WHATLEY SPRING NO 2", "d": "Decreed spring · WDID 3600940" }, "geometry": { "type": "Point", "coordinates": [ -106.06254, 39.52358 ] } },
{ "type": "Feature", "properties": { "c": "cdss_pond", "n": "SWAN RIVER RESERVOIR NO 3", "d": "Decreed stock pond · WDID 3603631" }, "geometry": { "type": "Point", "coordinates": [ -105.97922, 39.52492 ] } },
{ "type": "Feature", "properties": { "c": "cdss_pond", "n": "SWAN RIVER RESERVOIR NO 4", "d": "Decreed stock pond · WDID 3603632" }, "geometry": { "type": "Point", "coordinates": [ -105.97344, 39.52503 ] } },
{ "type": "Feature", "properties": { "c": "cdss_pond", "n": "SWAN RIVER WATER SYSTEM PONDS", "d": "Decreed stock pond · WDID 3603634" }, "geometry": { "type": "Point", "coordinates": [ -106.027, 39.52647 ] } },
{ "type": "Feature", "properties": { "c": "cdss_pond", "n": "SWAN RIVER WATER SYSTEM PONDS", "d": "Decreed stock pond · WDID 3603624" }, "geometry": { "type": "Point", "coordinates": [ -106.02606, 39.52672 ] } },
{ "type": "Feature", "properties": { "c": "cdss_pond", "n": "WILDS CAMP RESERVOIR", "d": "Decreed stock pond · WDID 3603623" }, "geometry": { "type": "Point", "coordinates": [ -105.9671, 39.53124 ] } },
{ "type": "Feature", "properties": { "c": "cdss_spring", "n": "WHATLEY SPRING NO 1", "d": "Decreed spring · WDID 3600939" }, "geometry": { "type": "Point", "coordinates": [ -106.06739, 39.53079 ] } },
{ "type": "Feature", "properties": { "c": "cdss_pond", "n": "SWAN RIVER RESERVOIR NO 1", "d": "Decreed stock pond · WDID 3603629" }, "geometry": { "type": "Point", "coordinates": [ -106.01232, 39.53146 ] } },
{ "type": "Feature", "properties": { "c": "cdss_pond", "n": "SWAN RIVER RESERVOIR NO 2", "d": "Decreed stock pond · WDID 3603630" }, "geometry": { "type": "Point", "coordinates": [ -106.00391, 39.53291 ] } },
{ "type": "Feature", "properties": { "c": "cdss_spring", "n": "REVETTE SPRINGS", "d": "Decreed spring · WDID 3600918" }, "geometry": { "type": "Point", "coordinates": [ -106.02853, 39.53881 ] } },
{ "type": "Feature", "properties": { "c": "nhd_spring", "n": "", "d": "USGS topo spring (may be dry)" }, "geometry": { "type": "Point", "coordinates": [ -106.05589, 39.53993 ] } },
{ "type": "Feature", "properties": { "c": "cdss_pond", "n": "MIN FLOW BLUE RIVER 3 - SWAN RIVER UP TO POND", "d": "Decreed stock pond · WDID 3602030" }, "geometry": { "type": "Point", "coordinates": [ -106.0383, 39.54639 ] } },
{ "type": "Feature", "properties": { "c": "cdss_pond", "n": "GETZ POND", "d": "Decreed stock pond · WDID 3603687" }, "geometry": { "type": "Point", "coordinates": [ -106.0419, 39.55174 ] } },
{ "type": "Feature", "properties": { "c": "cdss_spring", "n": "VER PLOEG SPRING", "d": "Decreed spring · WDID 3600931" }, "geometry": { "type": "Point", "coordinates": [ -106.03859, 39.55323 ] } },
{ "type": "Feature", "properties": { "c": "nhd_spring", "n": "", "d": "USGS topo spring (may be dry)" }, "geometry": { "type": "Point", "coordinates": [ -105.99051, 39.56164 ] } },
{ "type": "Feature", "properties": { "c": "cdss_pond", "n": "BILLS RANCH LAKE", "d": "Decreed stock pond · WDID 3603596" }, "geometry": { "type": "Point", "coordinates": [ -106.08971, 39.56891 ] } },
{ "type": "Feature", "properties": { "c": "nhd_spring", "n": "Iron Springs", "d": "USGS topo spring (may be dry)" }, "geometry": { "type": "Point", "coordinates": [ -106.06473, 39.56965 ] } },
{ "type": "Feature", "properties": { "c": "nhd_spring", "n": "Iron Springs", "d": "USGS topo spring (may be dry)" }, "geometry": { "type": "Point", "coordinates": [ -106.06607, 39.57018 ] } },
{ "type": "Feature", "properties": { "c": "nhd_spring", "n": "Iron Springs", "d": "USGS topo spring (may be dry)" }, "geometry": { "type": "Point", "coordinates": [ -106.06474, 39.57056 ] } },
{ "type": "Feature", "properties": { "c": "cdss_pond", "n": "FRISCO BAY CLUB RES", "d": "Decreed stock pond · WDID 3603600" }, "geometry": { "type": "Point", "coordinates": [ -106.08414, 39.57504 ] } },
{ "type": "Feature", "properties": { "c": "cdss_pond", "n": "REYNOLDS RESERVOIR", "d": "Decreed stock pond · WDID 3603565" }, "geometry": { "type": "Point", "coordinates": [ -105.99695, 39.58306 ] } },
{ "type": "Feature", "properties": { "c": "nhd_spring", "n": "", "d": "USGS topo spring (may be dry)" }, "geometry": { "type": "Point", "coordinates": [ -106.03753, 39.59643 ] } },
{ "type": "Feature", "properties": { "c": "cdss_spring", "n": "PROSPECTR CG SPRING", "d": "Decreed spring · WDID 3605474" }, "geometry": { "type": "Point", "coordinates": [ -106.04159, 39.60043 ] } },
{ "type": "Feature", "properties": { "c": "cdss_pond", "n": "KEYSTONE POND", "d": "Decreed stock pond · WDID 3603643" }, "geometry": { "type": "Point", "coordinates": [ -105.96786, 39.60611 ] } },
{ "type": "Feature", "properties": { "c": "cdss_pond", "n": "CINNAMON RIDGE STORAGE TANK", "d": "Decreed stock pond · WDID 3603602" }, "geometry": { "type": "Point", "coordinates": [ -105.95267, 39.60736 ] } },
{ "type": "Feature", "properties": { "c": "cdss_spring", "n": "SPRINGER WELL NO 1", "d": "Decreed spring · WDID 3605201" }, "geometry": { "type": "Point", "coordinates": [ -105.95588, 39.60756 ] } },
{ "type": "Feature", "properties": { "c": "cdss_spring", "n": "SPRINGER STORAGE TANK", "d": "Decreed spring · WDID 3603608" }, "geometry": { "type": "Point", "coordinates": [ -105.95759, 39.60792 ] } },
{ "type": "Feature", "properties": { "c": "cdss_pond", "n": "O'FLAHERTY RESERVOIR", "d": "Decreed stock pond · WDID 3603561" }, "geometry": { "type": "Point", "coordinates": [ -105.92945, 39.57514 ] } },
{ "type": "Feature", "properties": { "c": "cdss_pond", "n": "MINNIEHAHA RESERVOIR", "d": "Decreed stock pond · WDID 3603559" }, "geometry": { "type": "Point", "coordinates": [ -105.86994, 39.57848 ] } },
{ "type": "Feature", "properties": { "c": "cdss_pond", "n": "MONTEZUMA RESERVOIR", "d": "Decreed stock pond · WDID 3603560" }, "geometry": { "type": "Point", "coordinates": [ -105.86485, 39.57862 ] } },
{ "type": "Feature", "properties": { "c": "cdss_pond", "n": "EXCELSIOR RESERVOIR", "d": "Decreed stock pond · WDID 3603541" }, "geometry": { "type": "Point", "coordinates": [ -105.90095, 39.57854 ] } },
{ "type": "Feature", "properties": { "c": "cdss_spring", "n": "YONLEY I SPRING", "d": "Decreed spring · WDID 3601010" }, "geometry": { "type": "Point", "coordinates": [ -105.87014, 39.58222 ] } },
{ "type": "Feature", "properties": { "c": "cdss_spring", "n": "PLYMOUTH SPRING", "d": "Decreed spring · WDID 3600916" }, "geometry": { "type": "Point", "coordinates": [ -105.87004, 39.58585 ] } },
{ "type": "Feature", "properties": { "c": "nhd_spring", "n": "Soda Spring", "d": "USGS topo spring (may be dry)" }, "geometry": { "type": "Point", "coordinates": [ -105.87674, 39.59843 ] } },
{ "type": "Feature", "properties": { "c": "cdss_pond", "n": "SKI TIP LODGE POND PUMP", "d": "Decreed stock pond · WDID 3601166" }, "geometry": { "type": "Point", "coordinates": [ -105.93143, 39.60618 ] } },
{ "type": "Feature", "properties": { "c": "cdss_pond", "n": "SKI TIP LODGE POND", "d": "Decreed stock pond · WDID 3603520" }, "geometry": { "type": "Point", "coordinates": [ -105.9316, 39.6067 ] } },
{ "type": "Feature", "properties": { "c": "nhd_spring", "n": "Cold Spring", "d": "USGS topo spring (may be dry)" }, "geometry": { "type": "Point", "coordinates": [ -105.92225, 39.60826 ] } },
{ "type": "Feature", "properties": { "c": "cdss_pond", "n": "LIFTSIDE POND", "d": "Decreed stock pond · WDID 3603572" }, "geometry": { "type": "Point", "coordinates": [ -105.95291, 39.60809 ] } },
{ "type": "Feature", "properties": { "c": "cdss_pond", "n": "ASPENRIDGE POND", "d": "Decreed stock pond · WDID 3603618" }, "geometry": { "type": "Point", "coordinates": [ -105.95291, 39.60809 ] } },
{ "type": "Feature", "properties": { "c": "cdss_pond", "n": "ASPENRIDGE STORAGE TANK", "d": "Decreed stock pond · WDID 3603601" }, "geometry": { "type": "Point", "coordinates": [ -105.95297, 39.61176 ] } },
{ "type": "Feature", "properties": { "c": "cdss_pond", "n": "OLD DILLON RESERVOIR", "d": "Decreed stock pond · WDID 3603540" }, "geometry": { "type": "Point", "coordinates": [ -106.07225, 39.61176 ] } },
{ "type": "Feature", "properties": { "c": "cdss_spring", "n": "INDRFT SPG 1", "d": "Decreed spring · WDID 3605470" }, "geometry": { "type": "Point", "coordinates": [ -106.00445, 39.61475 ] } },
{ "type": "Feature", "properties": { "c": "cdss_pond", "n": "DILLON RESERVOIR", "d": "Decreed stock pond · WDID 3604512" }, "geometry": { "type": "Point", "coordinates": [ -106.06558, 39.61831 ] } },
{ "type": "Feature", "properties": { "c": "cdss_pond", "n": "DILLON RESERVOIR EXCHNG", "d": "Decreed stock pond · WDID 3704902" }, "geometry": { "type": "Point", "coordinates": [ -106.07016, 39.61854 ] } },
{ "type": "Feature", "properties": { "c": "cdss_pond", "n": "DILLON RESERVOIR EXCHANGE", "d": "Decreed stock pond · WDID 5104902" }, "geometry": { "type": "Point", "coordinates": [ -106.06617, 39.62067 ] } },
{ "type": "Feature", "properties": { "c": "cdss_pond", "n": "FUTURE DILLON WATER POOL", "d": "Decreed stock pond · WDID 3604917" }, "geometry": { "type": "Point", "coordinates": [ -106.06656, 39.62093 ] } },
{ "type": "Feature", "properties": { "c": "cdss_pond", "n": "SUMMIT COUNTY DILLON STORAGE WATER", "d": "Decreed stock pond · WDID 3604912" }, "geometry": { "type": "Point", "coordinates": [ -106.06637, 39.62096 ] } },
{ "type": "Feature", "properties": { "c": "cdss_spring", "n": "INDRFT SPG 2", "d": "Decreed spring · WDID 3605471" }, "geometry": { "type": "Point", "coordinates": [ -106.02767, 39.62569 ] } },
{ "type": "Feature", "properties": { "c": "cdss_pond", "n": "RIVER CENTER HDGT & POND", "d": "Decreed stock pond · WDID 3601098" }, "geometry": { "type": "Point", "coordinates": [ -106.07268, 39.63061 ] } },
{ "type": "Feature", "properties": { "c": "cdss_spring", "n": "FURMAN SEEPAGE & SPRINGS", "d": "Decreed spring · WDID 3600949" }, "geometry": { "type": "Point", "coordinates": [ -106.08126, 39.634 ] } },
{ "type": "Feature", "properties": { "c": "cdss_pond", "n": "HEIT RANCH RESERVOIR", "d": "Decreed stock pond · WDID 3603583" }, "geometry": { "type": "Point", "coordinates": [ -106.0655, 39.64402 ] } },
{ "type": "Feature", "properties": { "c": "cdss_pond", "n": "SOBOL POND", "d": "Decreed stock pond · WDID 3603607" }, "geometry": { "type": "Point", "coordinates": [ -106.07649, 39.64512 ] } },
{ "type": "Feature", "properties": { "c": "cdss_pond", "n": "BOBO STRAIT RESERVOIR - SOUTH POND", "d": "Decreed stock pond · WDID 3603709" }, "geometry": { "type": "Point", "coordinates": [ -106.07417, 39.64704 ] } },
{ "type": "Feature", "properties": { "c": "cdss_spring", "n": "BOBO STRAIT SPRINGS", "d": "Decreed spring · WDID 3600536" }, "geometry": { "type": "Point", "coordinates": [ -106.07466, 39.64741 ] } },
{ "type": "Feature", "properties": { "c": "cdss_pond", "n": "BLUE RIVER VALLEY RANCH RESERVOIR NO 3", "d": "Decreed stock pond · WDID 3603677" }, "geometry": { "type": "Point", "coordinates": [ -106.0706, 39.64756 ] } },
{ "type": "Feature", "properties": { "c": "cdss_pond", "n": "BLUE RIVER VALLEY RANCH RESERVOIR NO 2", "d": "Decreed stock pond · WDID 3603676" }, "geometry": { "type": "Point", "coordinates": [ -106.0706, 39.64756 ] } },
{ "type": "Feature", "properties": { "c": "cdss_pond", "n": "BLUE RIVER VALLEY RANCH RESERVOIR NO 1", "d": "Decreed stock pond · WDID 3603622" }, "geometry": { "type": "Point", "coordinates": [ -106.0706, 39.64756 ] } },
{ "type": "Feature", "properties": { "c": "cdss_pond", "n": "BLUE RIVER VALLEY RANCH RESERVOIR DIVERSION", "d": "Decreed stock pond · WDID 3601100" }, "geometry": { "type": "Point", "coordinates": [ -106.069, 39.64785 ] } },
{ "type": "Feature", "properties": { "c": "cdss_pond", "n": "BOBO STRAIT RESERVOIR - MIDDLE POND", "d": "Decreed stock pond · WDID 3603534" }, "geometry": { "type": "Point", "coordinates": [ -106.07515, 39.64924 ] } },
{ "type": "Feature", "properties": { "c": "cdss_pond", "n": "SHIRLEY DITCH & FISH POND", "d": "Decreed stock pond · WDID 3600925" }, "geometry": { "type": "Point", "coordinates": [ -106.07955, 39.64986 ] } },
{ "type": "Feature", "properties": { "c": "cdss_pond", "n": "LAKE LACY", "d": "Decreed stock pond · WDID 3603672" }, "geometry": { "type": "Point", "coordinates": [ -106.09247, 39.65093 ] } },
{ "type": "Feature", "properties": { "c": "cdss_pond", "n": "STOCK POND DITCH HDG A", "d": "Decreed stock pond · WDID 3600988" }, "geometry": { "type": "Point", "coordinates": [ -106.09959, 39.65149 ] } },
{ "type": "Feature", "properties": { "c": "cdss_pond", "n": "TRENT PARK POND AUG PLAN", "d": "Decreed stock pond · WDID 3607689" }, "geometry": { "type": "Point", "coordinates": [ -106.08188, 39.65237 ] } },
{ "type": "Feature", "properties": { "c": "cdss_pond", "n": "BOBO STRAIT RESERVOIR - NORTH POND", "d": "Decreed stock pond · WDID 3603708" }, "geometry": { "type": "Point", "coordinates": [ -106.07404, 39.65257 ] } },
{ "type": "Feature", "properties": { "c": "cdss_pond", "n": "TRENT PARK POND", "d": "Decreed stock pond · WDID 3603688" }, "geometry": { "type": "Point", "coordinates": [ -106.08145, 39.65264 ] } },
{ "type": "Feature", "properties": { "c": "cdss_pond", "n": "STOCK POND DITCH HDG B", "d": "Decreed stock pond · WDID 3601111" }, "geometry": { "type": "Point", "coordinates": [ -106.09501, 39.65264 ] } },
{ "type": "Feature", "properties": { "c": "cdss_pond", "n": "EAGLES NEST GOLF COURSE NO 4 SOUTH POND", "d": "Decreed stock pond · WDID 3603664" }, "geometry": { "type": "Point", "coordinates": [ -106.086, 39.65385 ] } },
{ "type": "Feature", "properties": { "c": "cdss_pond", "n": "WEBSTER HILL RESERVOIR", "d": "Decreed stock pond · WDID 3903957" }, "geometry": { "type": "Point", "coordinates": [ -107.90478, 39.49803 ] } },
{ "type": "Feature", "properties": { "c": "cdss_pond", "n": "CLOUGH STOCK WATER RES", "d": "Decreed stock pond · WDID 3903928" }, "geometry": { "type": "Point", "coordinates": [ -107.91646, 39.52008 ] } },
{ "type": "Feature", "properties": { "c": "cdss_pond", "n": "CLOUGH STOCKWATER DITCH", "d": "Decreed stock pond · WDID 3900535" }, "geometry": { "type": "Point", "coordinates": [ -107.91764, 39.52017 ] } },
{ "type": "Feature", "properties": { "c": "cdss_pond", "n": "CLOUGH NO 2 STOCKWATER D", "d": "Decreed stock pond · WDID 3900534" }, "geometry": { "type": "Point", "coordinates": [ -107.93151, 39.52267 ] } },
{ "type": "Feature", "properties": { "c": "cdss_spring", "n": "BOIL SPRING", "d": "Decreed spring · WDID 3905567" }, "geometry": { "type": "Point", "coordinates": [ -107.94058, 39.54827 ] } },
{ "type": "Feature", "properties": { "c": "cdss_spring", "n": "ROAN CLIFFS SPRING NO 86", "d": "Decreed spring · WDID 3906029" }, "geometry": { "type": "Point", "coordinates": [ -107.94526, 39.54826 ] } },
{ "type": "Feature", "properties": { "c": "cdss_spring", "n": "ANVIL POINT SPRING NO 1", "d": "Decreed spring · WDID 3905529" }, "geometry": { "type": "Point", "coordinates": [ -107.92805, 39.54917 ] } },
{ "type": "Feature", "properties": { "c": "cdss_spring", "n": "BOX SPRING", "d": "Decreed spring · WDID 3906326" }, "geometry": { "type": "Point", "coordinates": [ -107.93469, 39.54983 ] } },
{ "type": "Feature", "properties": { "c": "cdss_spring", "n": "ANVIL POINT SPRING", "d": "Decreed spring · WDID 3906306" }, "geometry": { "type": "Point", "coordinates": [ -107.94657, 39.55317 ] } },
{ "type": "Feature", "properties": { "c": "cdss_spring", "n": "BUN SPRING", "d": "Decreed spring · WDID 3905566" }, "geometry": { "type": "Point", "coordinates": [ -107.93455, 39.55377 ] } },
{ "type": "Feature", "properties": { "c": "cdss_spring", "n": "MOBILE PARACHUTE SPRNG27", "d": "Decreed spring · WDID 3905676" }, "geometry": { "type": "Point", "coordinates": [ -107.9734, 39.52662 ] } },
{ "type": "Feature", "properties": { "c": "cdss_spring", "n": "MOBILE PARACHUTE SPRNG17", "d": "Decreed spring · WDID 3905666" }, "geometry": { "type": "Point", "coordinates": [ -107.9734, 39.52662 ] } },
{ "type": "Feature", "properties": { "c": "cdss_pond", "n": "COTTONWOOD G TERM RES", "d": "Decreed stock pond · WDID 3903522" }, "geometry": { "type": "Point", "coordinates": [ -107.97805, 39.52662 ] } },
{ "type": "Feature", "properties": { "c": "cdss_spring", "n": "ROAN CLIFFS SPRING NO 88", "d": "Decreed spring · WDID 3906030" }, "geometry": { "type": "Point", "coordinates": [ -107.95938, 39.53736 ] } },
{ "type": "Feature", "properties": { "c": "cdss_pond", "n": "UPPER ANVIL POINTS RES", "d": "Decreed stock pond · WDID 3904008" }, "geometry": { "type": "Point", "coordinates": [ -107.95675, 39.54068 ] } },
{ "type": "Feature", "properties": { "c": "cdss_spring", "n": "ANVIL POINTS SPRING", "d": "Decreed spring · WDID 3905585" }, "geometry": { "type": "Point", "coordinates": [ -107.95466, 39.54099 ] } },
{ "type": "Feature", "properties": { "c": "cdss_spring", "n": "ROAN CLIFFS SPRING NO 82", "d": "Decreed spring · WDID 3906028" }, "geometry": { "type": "Point", "coordinates": [ -107.95937, 39.54098 ] } },
{ "type": "Feature", "properties": { "c": "nhd_spring", "n": "", "d": "USGS topo spring (may be dry)" }, "geometry": { "type": "Point", "coordinates": [ -108.0024, 39.54077 ] } },
{ "type": "Feature", "properties": { "c": "cdss_pond", "n": "LOWER ANVIL POINTS RES", "d": "Decreed stock pond · WDID 3904007" }, "geometry": { "type": "Point", "coordinates": [ -107.95693, 39.54208 ] } },
{ "type": "Feature", "properties": { "c": "cdss_spring", "n": "MOBILE PARACHUTE SPRING1", "d": "Decreed spring · WDID 3905650" }, "geometry": { "type": "Point", "coordinates": [ -108.00141, 39.54109 ] } },
{ "type": "Feature", "properties": { "c": "nhd_spring", "n": "", "d": "USGS topo spring (may be dry)" }, "geometry": { "type": "Point", "coordinates": [ -108.05545, 39.52593 ] } },
{ "type": "Feature", "properties": { "c": "cdss_spring", "n": "MOBILE PARACHUTE SPRNG23", "d": "Decreed spring · WDID 3905672" }, "geometry": { "type": "Point", "coordinates": [ -108.04342, 39.52675 ] } },
{ "type": "Feature", "properties": { "c": "cdss_pond", "n": "ALLENWATER CR TERM RES", "d": "Decreed stock pond · WDID 3903519" }, "geometry": { "type": "Point", "coordinates": [ -108.04342, 39.52675 ] } },
{ "type": "Feature", "properties": { "c": "cdss_spring", "n": "MOBILE PARACHUTE SPRNG24", "d": "Decreed spring · WDID 3905673" }, "geometry": { "type": "Point", "coordinates": [ -108.01537, 39.53028 ] } },
{ "type": "Feature", "properties": { "c": "nhd_spring", "n": "", "d": "USGS topo spring (may be dry)" }, "geometry": { "type": "Point", "coordinates": [ -108.05383, 39.53427 ] } },
{ "type": "Feature", "properties": { "c": "cdss_spring", "n": "MOBILE PARACHUTE SPRING8", "d": "Decreed spring · WDID 3905657" }, "geometry": { "type": "Point", "coordinates": [ -108.05565, 39.53567 ] } },
{ "type": "Feature", "properties": { "c": "cdss_spring", "n": "MOBILE PARACHUTE SPRING3", "d": "Decreed spring · WDID 3905652" }, "geometry": { "type": "Point", "coordinates": [ -108.03874, 39.53754 ] } },
{ "type": "Feature", "properties": { "c": "nhd_spring", "n": "", "d": "USGS topo spring (may be dry)" }, "geometry": { "type": "Point", "coordinates": [ -108.03993, 39.53843 ] } },
{ "type": "Feature", "properties": { "c": "cdss_pond", "n": "SHEEP TRAIL H TERM RES", "d": "Decreed stock pond · WDID 3903521" }, "geometry": { "type": "Point", "coordinates": [ -108.00609, 39.54111 ] } },
{ "type": "Feature", "properties": { "c": "cdss_spring", "n": "MOBILE PARACHUTE SPRING2", "d": "Decreed spring · WDID 3905651" }, "geometry": { "type": "Point", "coordinates": [ -108.01068, 39.54113 ] } },
{ "type": "Feature", "properties": { "c": "cdss_spring", "n": "MOBILE PARACHUTE SPRNG20", "d": "Decreed spring · WDID 3905669" }, "geometry": { "type": "Point", "coordinates": [ -108.01994, 39.54114 ] } },
{ "type": "Feature", "properties": { "c": "cdss_spring", "n": "MOBILE PARACHUTE SPRNG15", "d": "Decreed spring · WDID 3905664" }, "geometry": { "type": "Point", "coordinates": [ -108.02461, 39.54114 ] } },
{ "type": "Feature", "properties": { "c": "nhd_spring", "n": "", "d": "USGS topo spring (may be dry)" }, "geometry": { "type": "Point", "coordinates": [ -108.01152, 39.54227 ] } },
{ "type": "Feature", "properties": { "c": "cdss_spring", "n": "MOBILE PARACHUTE SPRNG19", "d": "Decreed spring · WDID 3905668" }, "geometry": { "type": "Point", "coordinates": [ -108.0199, 39.54476 ] } },
{ "type": "Feature", "properties": { "c": "cdss_spring", "n": "TRAIL SPRING", "d": "Decreed spring · WDID 3905701" }, "geometry": { "type": "Point", "coordinates": [ -108.01713, 39.54546 ] } },
{ "type": "Feature", "properties": { "c": "nhd_spring", "n": "", "d": "USGS topo spring (may be dry)" }, "geometry": { "type": "Point", "coordinates": [ -108.03525, 39.54712 ] } },
{ "type": "Feature", "properties": { "c": "cdss_spring", "n": "SHEEP TRAIL SPRING", "d": "Decreed spring · WDID 3905700" }, "geometry": { "type": "Point", "coordinates": [ -108.00439, 39.54954 ] } },
{ "type": "Feature", "properties": { "c": "cdss_spring", "n": "F & G SPRING", "d": "Decreed spring · WDID 3905678" }, "geometry": { "type": "Point", "coordinates": [ -108.03769, 39.55017 ] } },
{ "type": "Feature", "properties": { "c": "nhd_spring", "n": "", "d": "USGS topo spring (may be dry)" }, "geometry": { "type": "Point", "coordinates": [ -108.03753, 39.55078 ] } },
{ "type": "Feature", "properties": { "c": "cdss_spring", "n": "JEEP TRAIL SPRING #2", "d": "Decreed spring · WDID 3905425" }, "geometry": { "type": "Point", "coordinates": [ -108.03982, 39.55128 ] } },
{ "type": "Feature", "properties": { "c": "cdss_spring", "n": "MOBILE PARACHUTE SPRNG22", "d": "Decreed spring · WDID 3905671" }, "geometry": { "type": "Point", "coordinates": [ -107.99204, 39.54468 ] } },
{ "type": "Feature", "properties": { "c": "cdss_spring", "n": "SPIKE SPRING", "d": "Decreed spring · WDID 3905299" }, "geometry": { "type": "Point", "coordinates": [ -107.97035, 39.54549 ] } },
{ "type": "Feature", "properties": { "c": "cdss_spring", "n": "STEELE SPRING", "d": "Decreed spring · WDID 3905302" }, "geometry": { "type": "Point", "coordinates": [ -107.97708, 39.54674 ] } },
{ "type": "Feature", "properties": { "c": "cdss_spring", "n": "SF SPRING", "d": "Decreed spring · WDID 3906304" }, "geometry": { "type": "Point", "coordinates": [ -107.95472, 39.54767 ] } },
{ "type": "Feature", "properties": { "c": "cdss_spring", "n": "BORG SPRING", "d": "Decreed spring · WDID 3905569" }, "geometry": { "type": "Point", "coordinates": [ -107.94994, 39.54825 ] } },
{ "type": "Feature", "properties": { "c": "cdss_spring", "n": "MYLES SPRING", "d": "Decreed spring · WDID 3906303" }, "geometry": { "type": "Point", "coordinates": [ -107.95658, 39.54849 ] } },
{ "type": "Feature", "properties": { "c": "cdss_spring", "n": "MOBILE PARACHUTE SPRNG16", "d": "Decreed spring · WDID 3905665" }, "geometry": { "type": "Point", "coordinates": [ -107.98269, 39.54829 ] } },
{ "type": "Feature", "properties": { "c": "cdss_spring", "n": "MOBILE PARACHUTE SPRNG26", "d": "Decreed spring · WDID 3905675" }, "geometry": { "type": "Point", "coordinates": [ -107.99671, 39.54832 ] } },
{ "type": "Feature", "properties": { "c": "cdss_spring", "n": "LOGAN SPRING", "d": "Decreed spring · WDID 3906305" }, "geometry": { "type": "Point", "coordinates": [ -107.95455, 39.55 ] } },
{ "type": "Feature", "properties": { "c": "cdss_spring", "n": "MOBILE PARACHUTE SPRNG25", "d": "Decreed spring · WDID 3905674" }, "geometry": { "type": "Point", "coordinates": [ -107.98739, 39.55192 ] } },
{ "type": "Feature", "properties": { "c": "cdss_spring", "n": "MOBILE PARACHUTE SPRNG21", "d": "Decreed spring · WDID 3905670" }, "geometry": { "type": "Point", "coordinates": [ -108.01527, 39.55198 ] } },
{ "type": "Feature", "properties": { "c": "nhd_spring", "n": "", "d": "USGS topo spring (may be dry)" }, "geometry": { "type": "Point", "coordinates": [ -108.0488, 39.55225 ] } },
{ "type": "Feature", "properties": { "c": "cdss_spring", "n": "JEEP TRAIL SPRING", "d": "Decreed spring · WDID 3905424" }, "geometry": { "type": "Point", "coordinates": [ -108.03664, 39.55305 ] } },
{ "type": "Feature", "properties": { "c": "nhd_spring", "n": "", "d": "USGS topo spring (may be dry)" }, "geometry": { "type": "Point", "coordinates": [ -108.04514, 39.55453 ] } },
{ "type": "Feature", "properties": { "c": "cdss_spring", "n": "CHICKEN SPRING", "d": "Decreed spring · WDID 3905677" }, "geometry": { "type": "Point", "coordinates": [ -108.02221, 39.55692 ] } },
{ "type": "Feature", "properties": { "c": "nhd_spring", "n": "", "d": "USGS topo spring (may be dry)" }, "geometry": { "type": "Point", "coordinates": [ -108.02208, 39.55771 ] } },
{ "type": "Feature", "properties": { "c": "nhd_spring", "n": "", "d": "USGS topo spring (may be dry)" }, "geometry": { "type": "Point", "coordinates": [ -108.02164, 39.55875 ] } },
{ "type": "Feature", "properties": { "c": "nhd_spring", "n": "", "d": "USGS topo spring (may be dry)" }, "geometry": { "type": "Point", "coordinates": [ -108.027, 39.56468 ] } },
{ "type": "Feature", "properties": { "c": "cdss_spring", "n": "MURRAY SPRING - A", "d": "Decreed spring · WDID 3905616" }, "geometry": { "type": "Point", "coordinates": [ -108.02882, 39.56491 ] } },
{ "type": "Feature", "properties": { "c": "cdss_spring", "n": "MURRAY SPRING", "d": "Decreed spring · WDID 3905558" }, "geometry": { "type": "Point", "coordinates": [ -108.02882, 39.56491 ] } },
{ "type": "Feature", "properties": { "c": "cdss_spring", "n": "SARAH SPRING", "d": "Decreed spring · WDID 3906307" }, "geometry": { "type": "Point", "coordinates": [ -107.95206, 39.55385 ] } },
{ "type": "Feature", "properties": { "c": "cdss_spring", "n": "BEEL SPRING", "d": "Decreed spring · WDID 3905568" }, "geometry": { "type": "Point", "coordinates": [ -107.94993, 39.5555 ] } },
{ "type": "Feature", "properties": { "c": "cdss_spring", "n": "SPRING GULCH SPRING", "d": "Decreed spring · WDID 3905561" }, "geometry": { "type": "Point", "coordinates": [ -107.99681, 39.56024 ] } },
{ "type": "Feature", "properties": { "c": "cdss_spring", "n": "GRASSY GULCH SPRING", "d": "Decreed spring · WDID 3905549" }, "geometry": { "type": "Point", "coordinates": [ -107.98212, 39.56493 ] } },
{ "type": "Feature", "properties": { "c": "cdss_spring", "n": "BERN SPRING", "d": "Decreed spring · WDID 3905552" }, "geometry": { "type": "Point", "coordinates": [ -107.98212, 39.56493 ] } },
{ "type": "Feature", "properties": { "c": "cdss_spring", "n": "NO NAME SPRING", "d": "Decreed spring · WDID 3905527" }, "geometry": { "type": "Point", "coordinates": [ -107.96262, 39.56641 ] } },
{ "type": "Feature", "properties": { "c": "cdss_spring", "n": "BOO BOO SPRING", "d": "Decreed spring · WDID 3905311" }, "geometry": { "type": "Point", "coordinates": [ -107.97476, 39.56697 ] } },
{ "type": "Feature", "properties": { "c": "cdss_spring", "n": "TRACK SPRING", "d": "Decreed spring · WDID 3905327" }, "geometry": { "type": "Point", "coordinates": [ -107.97617, 39.56724 ] } },
{ "type": "Feature", "properties": { "c": "cdss_spring", "n": "ESHE CABIN SPRING", "d": "Decreed spring · WDID 3905547" }, "geometry": { "type": "Point", "coordinates": [ -107.9681, 39.56856 ] } },
{ "type": "Feature", "properties": { "c": "cdss_spring", "n": "BEET SPRING", "d": "Decreed spring · WDID 3905554" }, "geometry": { "type": "Point", "coordinates": [ -107.98681, 39.56855 ] } },
{ "type": "Feature", "properties": { "c": "cdss_spring", "n": "ANVIL POINT SPRING NO 5", "d": "Decreed spring · WDID 3905541" }, "geometry": { "type": "Point", "coordinates": [ -107.93877, 39.5592 ] } },
{ "type": "Feature", "properties": { "c": "cdss_spring", "n": "ROAN CLIFFS SPRING NO 57", "d": "Decreed spring · WDID 3906022" }, "geometry": { "type": "Point", "coordinates": [ -107.91858, 39.56073 ] } },
{ "type": "Feature", "properties": { "c": "cdss_spring", "n": "ANVIL POINT SPRING NO 3", "d": "Decreed spring · WDID 3905544" }, "geometry": { "type": "Point", "coordinates": [ -107.94524, 39.56023 ] } },
{ "type": "Feature", "properties": { "c": "cdss_spring", "n": "BOTTLE SPRING", "d": "Decreed spring · WDID 3905525" }, "geometry": { "type": "Point", "coordinates": [ -107.93266, 39.56071 ] } },
{ "type": "Feature", "properties": { "c": "cdss_spring", "n": "SECOND ANVIL SPRING #1", "d": "Decreed spring · WDID 3906327" }, "geometry": { "type": "Point", "coordinates": [ -107.91802, 39.56325 ] } },
{ "type": "Feature", "properties": { "c": "cdss_spring", "n": "AJ SPRING", "d": "Decreed spring · WDID 3906321" }, "geometry": { "type": "Point", "coordinates": [ -107.90785, 39.57156 ] } },
{ "type": "Feature", "properties": { "c": "cdss_spring", "n": "ROAN CLIFFS SPRING NO 56", "d": "Decreed spring · WDID 3906021" }, "geometry": { "type": "Point", "coordinates": [ -107.94469, 39.57221 ] } },
{ "type": "Feature", "properties": { "c": "cdss_spring", "n": "SIPPY SPRING", "d": "Decreed spring · WDID 3906356" }, "geometry": { "type": "Point", "coordinates": [ -107.91803, 39.5736 ] } },
{ "type": "Feature", "properties": { "c": "cdss_spring", "n": "CASTLE TRAIL SPRING", "d": "Decreed spring · WDID 3905537" }, "geometry": { "type": "Point", "coordinates": [ -107.91148, 39.57551 ] } },
{ "type": "Feature", "properties": { "c": "cdss_spring", "n": "ROAN CLIFFS SPRING NO 59", "d": "Decreed spring · WDID 3906023" }, "geometry": { "type": "Point", "coordinates": [ -107.91658, 39.5759 ] } },
{ "type": "Feature", "properties": { "c": "cdss_spring", "n": "5X5 SPRING", "d": "Decreed spring · WDID 3906317" }, "geometry": { "type": "Point", "coordinates": [ -108.00303, 39.56892 ] } },
{ "type": "Feature", "properties": { "c": "nhd_spring", "n": "", "d": "USGS topo spring (may be dry)" }, "geometry": { "type": "Point", "coordinates": [ -108.00319, 39.56905 ] } },
{ "type": "Feature", "properties": { "c": "cdss_spring", "n": "YOGI SPRING", "d": "Decreed spring · WDID 3906315" }, "geometry": { "type": "Point", "coordinates": [ -107.97016, 39.57267 ] } },
{ "type": "Feature", "properties": { "c": "cdss_spring", "n": "LOWER TIMBER SPRING", "d": "Decreed spring · WDID 3906313" }, "geometry": { "type": "Point", "coordinates": [ -107.95675, 39.57576 ] } },
{ "type": "Feature", "properties": { "c": "nhd_spring", "n": "", "d": "USGS topo spring (may be dry)" }, "geometry": { "type": "Point", "coordinates": [ -108.00097, 39.57516 ] } },
{ "type": "Feature", "properties": { "c": "cdss_spring", "n": "EAST CAMP GULCH SPRING", "d": "Decreed spring · WDID 3906314" }, "geometry": { "type": "Point", "coordinates": [ -107.9651, 39.57627 ] } },
{ "type": "Feature", "properties": { "c": "cdss_spring", "n": "BULL GULCH SPRING #1", "d": "Decreed spring · WDID 3906318" }, "geometry": { "type": "Point", "coordinates": [ -107.99992, 39.57548 ] } },
{ "type": "Feature", "properties": { "c": "cdss_spring", "n": "SWP NO 4 SPRING", "d": "Decreed spring · WDID 3905536" }, "geometry": { "type": "Point", "coordinates": [ -107.99622, 39.57575 ] } },
{ "type": "Feature", "properties": { "c": "cdss_spring", "n": "WALLOW SPRING", "d": "Decreed spring · WDID 3906316" }, "geometry": { "type": "Point", "coordinates": [ -107.97178, 39.57843 ] } },
{ "type": "Feature", "properties": { "c": "cdss_spring", "n": "TIMBER SPRING", "d": "Decreed spring · WDID 3905531" }, "geometry": { "type": "Point", "coordinates": [ -107.95874, 39.57948 ] } },
{ "type": "Feature", "properties": { "c": "cdss_spring", "n": "BIG SPRING", "d": "Decreed spring · WDID 3905539" }, "geometry": { "type": "Point", "coordinates": [ -107.92125, 39.57589 ] } },
{ "type": "Feature", "properties": { "c": "cdss_spring", "n": "SILT SPRING", "d": "Decreed spring · WDID 3906322" }, "geometry": { "type": "Point", "coordinates": [ -107.90429, 39.57678 ] } },
{ "type": "Feature", "properties": { "c": "cdss_spring", "n": "MOTHER HEN SPRING", "d": "Decreed spring · WDID 3906308" }, "geometry": { "type": "Point", "coordinates": [ -107.94895, 39.57947 ] } },
{ "type": "Feature", "properties": { "c": "cdss_spring", "n": "KR SPRING", "d": "Decreed spring · WDID 3906323" }, "geometry": { "type": "Point", "coordinates": [ -107.90695, 39.58062 ] } },
{ "type": "Feature", "properties": { "c": "cdss_spring", "n": "3RD WATER SPRING", "d": "Decreed spring · WDID 3905534" }, "geometry": { "type": "Point", "coordinates": [ -107.94939, 39.58312 ] } },
{ "type": "Feature", "properties": { "c": "cdss_spring", "n": "BUGLE SPRING", "d": "Decreed spring · WDID 3906312" }, "geometry": { "type": "Point", "coordinates": [ -107.93468, 39.584 ] } },
{ "type": "Feature", "properties": { "c": "cdss_spring", "n": "TWO BUCK SPRING", "d": "Decreed spring · WDID 3906311" }, "geometry": { "type": "Point", "coordinates": [ -107.9306, 39.58497 ] } },
{ "type": "Feature", "properties": { "c": "cdss_spring", "n": "3RD WATER PIPLINE", "d": "Decreed spring · WDID 3905540" }, "geometry": { "type": "Point", "coordinates": [ -107.94471, 39.58674 ] } },
{ "type": "Feature", "properties": { "c": "cdss_spring", "n": "MF SPRING", "d": "Decreed spring · WDID 3906335" }, "geometry": { "type": "Point", "coordinates": [ -107.90626, 39.58914 ] } },
{ "type": "Feature", "properties": { "c": "cdss_spring", "n": "REM SPRING", "d": "Decreed spring · WDID 3906309" }, "geometry": { "type": "Point", "coordinates": [ -107.94301, 39.58852 ] } },
{ "type": "Feature", "properties": { "c": "cdss_pond", "n": "ANDERSON POND NO 1 EAST", "d": "Decreed stock pond · WDID 4503528" }, "geometry": { "type": "Point", "coordinates": [ -107.80683, 39.51904 ] } },
{ "type": "Feature", "properties": { "c": "cdss_pond", "n": "ANDERSON POND NO 1", "d": "Decreed stock pond · WDID 4503524" }, "geometry": { "type": "Point", "coordinates": [ -107.80091, 39.51945 ] } },
{ "type": "Feature", "properties": { "c": "cdss_pond", "n": "MACAULEY GRAVEL PIT", "d": "Decreed stock pond · WDID 3908019" }, "geometry": { "type": "Point", "coordinates": [ -107.82422, 39.52145 ] } },
{ "type": "Feature", "properties": { "c": "cdss_pond", "n": "WEBSTER RESERVOIR", "d": "Decreed stock pond · WDID 3903958" }, "geometry": { "type": "Point", "coordinates": [ -107.89096, 39.5199 ] } },
{ "type": "Feature", "properties": { "c": "cdss_pond", "n": "ANDERSON POND NO.1 EAST-WEST ENLARGEMENTS POD", "d": "Decreed stock pond · WDID 4509024" }, "geometry": { "type": "Point", "coordinates": [ -107.7989, 39.52243 ] } },
{ "type": "Feature", "properties": { "c": "cdss_pond", "n": "CITY OF RIFLE POND NO 1", "d": "Decreed stock pond · WDID 3903927" }, "geometry": { "type": "Point", "coordinates": [ -107.77752, 39.52714 ] } },
{ "type": "Feature", "properties": { "c": "cdss_spring", "n": "BETTWOOD SPRING NO 2", "d": "Decreed spring · WDID 3900843" }, "geometry": { "type": "Point", "coordinates": [ -107.81086, 39.52927 ] } },
{ "type": "Feature", "properties": { "c": "cdss_spring", "n": "BETTWOOD SPRING NO 1", "d": "Decreed spring · WDID 3900842" }, "geometry": { "type": "Point", "coordinates": [ -107.8098, 39.52942 ] } },
{ "type": "Feature", "properties": { "c": "cdss_spring", "n": "RUNYAN SPRING NO 2", "d": "Decreed spring · WDID 3905249" }, "geometry": { "type": "Point", "coordinates": [ -107.8053, 39.53047 ] } },
{ "type": "Feature", "properties": { "c": "cdss_spring", "n": "RUNYAN SPRING NO 3", "d": "Decreed spring · WDID 3905250" }, "geometry": { "type": "Point", "coordinates": [ -107.80451, 39.53053 ] } },
{ "type": "Feature", "properties": { "c": "cdss_pond", "n": "BABCOCK RESERVOIR", "d": "Decreed stock pond · WDID 3903920" }, "geometry": { "type": "Point", "coordinates": [ -107.78293, 39.53149 ] } },
{ "type": "Feature", "properties": { "c": "cdss_spring", "n": "F KENT WILSON SPG & PL", "d": "Decreed spring · WDID 3900561" }, "geometry": { "type": "Point", "coordinates": [ -107.78771, 39.53147 ] } },
{ "type": "Feature", "properties": { "c": "cdss_spring", "n": "MCGOWN SPRING", "d": "Decreed spring · WDID 3905173" }, "geometry": { "type": "Point", "coordinates": [ -107.81113, 39.53121 ] } },
{ "type": "Feature", "properties": { "c": "cdss_spring", "n": "LISTER SPRING", "d": "Decreed spring · WDID 3905172" }, "geometry": { "type": "Point", "coordinates": [ -107.78, 39.53226 ] } },
{ "type": "Feature", "properties": { "c": "cdss_spring", "n": "RUNYAN SPRING NO 1", "d": "Decreed spring · WDID 3905248" }, "geometry": { "type": "Point", "coordinates": [ -107.80725, 39.53182 ] } },
{ "type": "Feature", "properties": { "c": "cdss_pond", "n": "LISAS POND", "d": "Decreed stock pond · WDID 3903938" }, "geometry": { "type": "Point", "coordinates": [ -107.79759, 39.53465 ] } },
{ "type": "Feature", "properties": { "c": "cdss_pond", "n": "PEANUT POND", "d": "Decreed stock pond · WDID 3905288" }, "geometry": { "type": "Point", "coordinates": [ -107.77888, 39.53756 ] } },
{ "type": "Feature", "properties": { "c": "cdss_spring", "n": "JOHNSON SPRING", "d": "Decreed spring · WDID 3905147" }, "geometry": { "type": "Point", "coordinates": [ -107.77838, 39.5387 ] } },
{ "type": "Feature", "properties": { "c": "cdss_spring", "n": "CEMETERY SPRING", "d": "Decreed spring · WDID 3900906" }, "geometry": { "type": "Point", "coordinates": [ -107.77838, 39.5387 ] } },
{ "type": "Feature", "properties": { "c": "cdss_spring", "n": "O'DELL SPRING", "d": "Decreed spring · WDID 3905192" }, "geometry": { "type": "Point", "coordinates": [ -107.79726, 39.53858 ] } },
{ "type": "Feature", "properties": { "c": "cdss_spring", "n": "ISHAM SPRING NO 7", "d": "Decreed spring · WDID 3900765" }, "geometry": { "type": "Point", "coordinates": [ -107.77844, 39.54232 ] } },
{ "type": "Feature", "properties": { "c": "cdss_spring", "n": "ISHAM SPRING NO 9", "d": "Decreed spring · WDID 3900767" }, "geometry": { "type": "Point", "coordinates": [ -107.77844, 39.54232 ] } },
{ "type": "Feature", "properties": { "c": "cdss_spring", "n": "ISHAM SPRING NO 8", "d": "Decreed spring · WDID 3900766" }, "geometry": { "type": "Point", "coordinates": [ -107.77844, 39.54232 ] } },
{ "type": "Feature", "properties": { "c": "cdss_spring", "n": "ISHAM SPRING NO 6", "d": "Decreed spring · WDID 3900764" }, "geometry": { "type": "Point", "coordinates": [ -107.77844, 39.54232 ] } },
{ "type": "Feature", "properties": { "c": "cdss_spring", "n": "ISHAM SPRING NO 5", "d": "Decreed spring · WDID 3900763" }, "geometry": { "type": "Point", "coordinates": [ -107.77844, 39.54232 ] } },
{ "type": "Feature", "properties": { "c": "cdss_spring", "n": "ISHAM SPRING NO 1", "d": "Decreed spring · WDID 3900845" }, "geometry": { "type": "Point", "coordinates": [ -107.77938, 39.54304 ] } },
{ "type": "Feature", "properties": { "c": "cdss_spring", "n": "ISHAM SPRING NO 2", "d": "Decreed spring · WDID 3900760" }, "geometry": { "type": "Point", "coordinates": [ -107.77938, 39.54312 ] } },
{ "type": "Feature", "properties": { "c": "cdss_spring", "n": "ISHAM SPRING NO 3", "d": "Decreed spring · WDID 3900761" }, "geometry": { "type": "Point", "coordinates": [ -107.77934, 39.54318 ] } },
{ "type": "Feature", "properties": { "c": "cdss_spring", "n": "ISHAM SPRING NO 4", "d": "Decreed spring · WDID 3900762" }, "geometry": { "type": "Point", "coordinates": [ -107.77932, 39.54327 ] } },
{ "type": "Feature", "properties": { "c": "cdss_spring", "n": "PERRY SPRINGS & DITCH", "d": "Decreed spring · WDID 3900637" }, "geometry": { "type": "Point", "coordinates": [ -107.77849, 39.54595 ] } },
{ "type": "Feature", "properties": { "c": "cdss_pond", "n": "RIFLE VALLEY RESERVOIR", "d": "Decreed stock pond · WDID 3903509" }, "geometry": { "type": "Point", "coordinates": [ -107.79732, 39.54584 ] } },
{ "type": "Feature", "properties": { "c": "cdss_pond", "n": "W F MURPHY RESERVOIR", "d": "Decreed stock pond · WDID 3903512" }, "geometry": { "type": "Point", "coordinates": [ -107.82463, 39.57633 ] } },
{ "type": "Feature", "properties": { "c": "cdss_spring", "n": "BUFFALO SPRING", "d": "Decreed spring · WDID 3906325" }, "geometry": { "type": "Point", "coordinates": [ -107.90003, 39.57692 ] } },
{ "type": "Feature", "properties": { "c": "cdss_spring", "n": "ROAN CLIFFS SPRING NO 47", "d": "Decreed spring · WDID 3906037" }, "geometry": { "type": "Point", "coordinates": [ -107.90091, 39.57857 ] } },
{ "type": "Feature", "properties": { "c": "cdss_spring", "n": "MANO SPRING", "d": "Decreed spring · WDID 3906324" }, "geometry": { "type": "Point", "coordinates": [ -107.90003, 39.57981 ] } },
{ "type": "Feature", "properties": { "c": "cdss_spring", "n": "GOLDEN CASTLE SPRING", "d": "Decreed spring · WDID 3905546" }, "geometry": { "type": "Point", "coordinates": [ -107.89785, 39.58318 ] } },
{ "type": "Feature", "properties": { "c": "cdss_spring", "n": "DOE SPRING", "d": "Decreed spring · WDID 3906337" }, "geometry": { "type": "Point", "coordinates": [ -107.89703, 39.58899 ] } },
{ "type": "Feature", "properties": { "c": "cdss_spring", "n": "MULEY SPRING", "d": "Decreed spring · WDID 3906336" }, "geometry": { "type": "Point", "coordinates": [ -107.89597, 39.59256 ] } },
{ "type": "Feature", "properties": { "c": "cdss_spring", "n": "GABBY SPRING", "d": "Decreed spring · WDID 3906334" }, "geometry": { "type": "Point", "coordinates": [ -107.90067, 39.59311 ] } },
{ "type": "Feature", "properties": { "c": "cdss_spring", "n": "BEEF SPRING", "d": "Decreed spring · WDID 3906338" }, "geometry": { "type": "Point", "coordinates": [ -107.89686, 39.59475 ] } },
{ "type": "Feature", "properties": { "c": "cdss_spring", "n": "JQS GULCH SPRING", "d": "Decreed spring · WDID 3906340" }, "geometry": { "type": "Point", "coordinates": [ -107.90004, 39.59873 ] } },
{ "type": "Feature", "properties": { "c": "cdss_spring", "n": "3-POINT SPRING", "d": "Decreed spring · WDID 3906339" }, "geometry": { "type": "Point", "coordinates": [ -107.89934, 39.59915 ] } },
{ "type": "Feature", "properties": { "c": "cdss_spring", "n": "JEN SPRING", "d": "Decreed spring · WDID 3906362" }, "geometry": { "type": "Point", "coordinates": [ -107.90128, 39.59942 ] } },
{ "type": "Feature", "properties": { "c": "cdss_spring", "n": "BLACKMAN SPRING NO 1", "d": "Decreed spring · WDID 3905025" }, "geometry": { "type": "Point", "coordinates": [ -107.84811, 39.60857 ] } },
{ "type": "Feature", "properties": { "c": "cdss_spring", "n": "BLACKMAN SPRING NO 2", "d": "Decreed spring · WDID 3905026" }, "geometry": { "type": "Point", "coordinates": [ -107.84811, 39.60857 ] } },
{ "type": "Feature", "properties": { "c": "cdss_spring", "n": "ADRIAN SPRING", "d": "Decreed spring · WDID 3906386" }, "geometry": { "type": "Point", "coordinates": [ -107.87744, 39.61941 ] } },
{ "type": "Feature", "properties": { "c": "cdss_spring", "n": "JAY UTTER SPRING", "d": "Decreed spring · WDID 3601000" }, "geometry": { "type": "Point", "coordinates": [ -106.24942, 39.54284 ] } },
{ "type": "Feature", "properties": { "c": "cdss_pond", "n": "LOST LAKE RESERVOIR", "d": "Decreed stock pond · WDID 3603555" }, "geometry": { "type": "Point", "coordinates": [ -106.25753, 39.78005 ] } },
{ "type": "Feature", "properties": { "c": "cdss_pond", "n": "MIN LAKE MIRROR LAKE", "d": "Decreed stock pond · WDID 3603605" }, "geometry": { "type": "Point", "coordinates": [ -106.35297, 39.77996 ] } },
{ "type": "Feature", "properties": { "c": "cdss_pond", "n": "MIN LAKE CLIFF LAKE", "d": "Decreed stock pond · WDID 3603574" }, "geometry": { "type": "Point", "coordinates": [ -106.33876, 39.78019 ] } },
{ "type": "Feature", "properties": { "c": "cdss_spring", "n": "PONDEROSA SPRING NO 2", "d": "Decreed spring · WDID 3900757" }, "geometry": { "type": "Point", "coordinates": [ -107.86218, 39.63771 ] } },
{ "type": "Feature", "properties": { "c": "cdss_spring", "n": "PONDEROSA SPRING NO 1", "d": "Decreed spring · WDID 3900756" }, "geometry": { "type": "Point", "coordinates": [ -107.86218, 39.63771 ] } },
{ "type": "Feature", "properties": { "c": "cdss_pond", "n": "E.C.D.C. RESERVOIR", "d": "Decreed stock pond · WDID 3703548" }, "geometry": { "type": "Point", "coordinates": [ -106.22492, 39.66068 ] } },
{ "type": "Feature", "properties": { "c": "cdss_pond", "n": "MIN LAKE SALMON LAKE", "d": "Decreed stock pond · WDID 3603591" }, "geometry": { "type": "Point", "coordinates": [ -106.16461, 39.67578 ] } },
{ "type": "Feature", "properties": { "c": "nhd_spring", "n": "", "d": "USGS topo spring (may be dry)" }, "geometry": { "type": "Point", "coordinates": [ -106.17665, 39.70824 ] } },
{ "type": "Feature", "properties": { "c": "cdss_pond", "n": "BARBER POND", "d": "Decreed stock pond · WDID 3603655" }, "geometry": { "type": "Point", "coordinates": [ -106.10856, 39.71043 ] } },
{ "type": "Feature", "properties": { "c": "cdss_pond", "n": "FAUSEL POND NO 1", "d": "Decreed stock pond · WDID 3603651" }, "geometry": { "type": "Point", "coordinates": [ -106.11081, 39.71251 ] } },
{ "type": "Feature", "properties": { "c": "cdss_pond", "n": "DUNHAM POND NO 1", "d": "Decreed stock pond · WDID 3603644" }, "geometry": { "type": "Point", "coordinates": [ -106.10278, 39.71331 ] } },
{ "type": "Feature", "properties": { "c": "cdss_pond", "n": "DUNHAM POND NO 2", "d": "Decreed stock pond · WDID 3603645" }, "geometry": { "type": "Point", "coordinates": [ -106.10347, 39.71368 ] } },
{ "type": "Feature", "properties": { "c": "cdss_pond", "n": "DUNHAM POND NO 3", "d": "Decreed stock pond · WDID 3603646" }, "geometry": { "type": "Point", "coordinates": [ -106.10274, 39.71371 ] } },
{ "type": "Feature", "properties": { "c": "cdss_pond", "n": "SANDERS PONDS AUG PLAN DEPLETION REACH", "d": "Decreed stock pond · WDID 3609050" }, "geometry": { "type": "Point", "coordinates": [ -106.14059, 39.71376 ] } },
{ "type": "Feature", "properties": { "c": "cdss_pond", "n": "TRIPLE CREEK POND NO 4", "d": "Decreed stock pond · WDID 3603698" }, "geometry": { "type": "Point", "coordinates": [ -106.13564, 39.71428 ] } },
{ "type": "Feature", "properties": { "c": "cdss_pond", "n": "TRIPLE CREEK POND NO 3", "d": "Decreed stock pond · WDID 3603697" }, "geometry": { "type": "Point", "coordinates": [ -106.13543, 39.71447 ] } },
{ "type": "Feature", "properties": { "c": "cdss_pond", "n": "SANDERS POND NO 2", "d": "Decreed stock pond · WDID 3603658" }, "geometry": { "type": "Point", "coordinates": [ -106.13926, 39.71478 ] } },
{ "type": "Feature", "properties": { "c": "cdss_pond", "n": "SANDERS POND NO 1", "d": "Decreed stock pond · WDID 3603657" }, "geometry": { "type": "Point", "coordinates": [ -106.14134, 39.71526 ] } },
{ "type": "Feature", "properties": { "c": "cdss_spring", "n": "SPRUCE SPRING", "d": "Decreed spring · WDID 3605492" }, "geometry": { "type": "Point", "coordinates": [ -106.13053, 39.71551 ] } },
{ "type": "Feature", "properties": { "c": "cdss_pond", "n": "FAUSEL POND NO 2", "d": "Decreed stock pond · WDID 3603652" }, "geometry": { "type": "Point", "coordinates": [ -106.11351, 39.71572 ] } },
{ "type": "Feature", "properties": { "c": "cdss_pond", "n": "SANDERS POND NO 3", "d": "Decreed stock pond · WDID 3603659" }, "geometry": { "type": "Point", "coordinates": [ -106.13843, 39.71555 ] } },
{ "type": "Feature", "properties": { "c": "cdss_pond", "n": "SANDERS POND NO 4", "d": "Decreed stock pond · WDID 3603660" }, "geometry": { "type": "Point", "coordinates": [ -106.13757, 39.71585 ] } },
{ "type": "Feature", "properties": { "c": "cdss_pond", "n": "TRIPLE CREEK POND NO 2", "d": "Decreed stock pond · WDID 3603696" }, "geometry": { "type": "Point", "coordinates": [ -106.13241, 39.71595 ] } },
{ "type": "Feature", "properties": { "c": "cdss_pond", "n": "TRIPLE CREEK POND NO 1", "d": "Decreed stock pond · WDID 3603695" }, "geometry": { "type": "Point", "coordinates": [ -106.13228, 39.71624 ] } },
{ "type": "Feature", "properties": { "c": "cdss_pond", "n": "MIN LAKE BOULDER LAKE", "d": "Decreed stock pond · WDID 3603573" }, "geometry": { "type": "Point", "coordinates": [ -106.20113, 39.71726 ] } },
{ "type": "Feature", "properties": { "c": "cdss_pond", "n": "SANDERS PONDS AUG PLAN", "d": "Decreed stock pond · WDID 3607493" }, "geometry": { "type": "Point", "coordinates": [ -106.14611, 39.71991 ] } },
{ "type": "Feature", "properties": { "c": "cdss_pond", "n": "FAUSEL POND NO 3", "d": "Decreed stock pond · WDID 3603653" }, "geometry": { "type": "Point", "coordinates": [ -106.11898, 39.72055 ] } },
{ "type": "Feature", "properties": { "c": "cdss_pond", "n": "TRIPLE CREEK POND NO 7", "d": "Decreed stock pond · WDID 3603701" }, "geometry": { "type": "Point", "coordinates": [ -106.1328, 39.72091 ] } },
{ "type": "Feature", "properties": { "c": "cdss_pond", "n": "TRIPLE CREEK POND NO 5", "d": "Decreed stock pond · WDID 3603699" }, "geometry": { "type": "Point", "coordinates": [ -106.12956, 39.72264 ] } },
{ "type": "Feature", "properties": { "c": "cdss_pond", "n": "TRIPLE CREEK POND NO 6", "d": "Decreed stock pond · WDID 3603700" }, "geometry": { "type": "Point", "coordinates": [ -106.12953, 39.72279 ] } },
{ "type": "Feature", "properties": { "c": "cdss_pond", "n": "WYLER RESERVOIR", "d": "Decreed stock pond · WDID 3603635" }, "geometry": { "type": "Point", "coordinates": [ -106.15552, 39.72274 ] } },
{ "type": "Feature", "properties": { "c": "cdss_pond", "n": "FAUSEL POND NO 4", "d": "Decreed stock pond · WDID 3603654" }, "geometry": { "type": "Point", "coordinates": [ -106.12381, 39.7238 ] } },
{ "type": "Feature", "properties": { "c": "cdss_pond", "n": "MATHIS POND 1", "d": "Decreed stock pond · WDID 3603513" }, "geometry": { "type": "Point", "coordinates": [ -106.13514, 39.7423 ] } },
{ "type": "Feature", "properties": { "c": "cdss_pond", "n": "MATHIS POND 2", "d": "Decreed stock pond · WDID 3603514" }, "geometry": { "type": "Point", "coordinates": [ -106.13544, 39.74349 ] } },
{ "type": "Feature", "properties": { "c": "cdss_spring", "n": "IRISH SPRING NO 2", "d": "Decreed spring · WDID 3600952" }, "geometry": { "type": "Point", "coordinates": [ -106.12275, 39.74894 ] } },
{ "type": "Feature", "properties": { "c": "cdss_spring", "n": "IRISH SPRING NO 1", "d": "Decreed spring · WDID 3600951" }, "geometry": { "type": "Point", "coordinates": [ -106.12275, 39.74894 ] } },
{ "type": "Feature", "properties": { "c": "cdss_spring", "n": "MCKEE SPRING", "d": "Decreed spring · WDID 3605170" }, "geometry": { "type": "Point", "coordinates": [ -106.1257, 39.75764 ] } },
{ "type": "Feature", "properties": { "c": "cdss_spring", "n": "RAINBOW SPRINGS", "d": "Decreed spring · WDID 3600917" }, "geometry": { "type": "Point", "coordinates": [ -106.13219, 39.75983 ] } },
{ "type": "Feature", "properties": { "c": "cdss_spring", "n": "FALCON SPRING", "d": "Decreed spring · WDID 3600899" }, "geometry": { "type": "Point", "coordinates": [ -106.13219, 39.75983 ] } },
{ "type": "Feature", "properties": { "c": "cdss_spring", "n": "HUMMING SPRING", "d": "Decreed spring · WDID 3600904" }, "geometry": { "type": "Point", "coordinates": [ -106.13219, 39.75983 ] } },
{ "type": "Feature", "properties": { "c": "cdss_spring", "n": "SELLKE SPRING NO 1", "d": "Decreed spring · WDID 3600922" }, "geometry": { "type": "Point", "coordinates": [ -106.13219, 39.75983 ] } },
{ "type": "Feature", "properties": { "c": "cdss_spring", "n": "BEAVER SPRING", "d": "Decreed spring · WDID 3600884" }, "geometry": { "type": "Point", "coordinates": [ -106.13219, 39.75983 ] } },
{ "type": "Feature", "properties": { "c": "cdss_spring", "n": "SELLKE SPRING NO 3", "d": "Decreed spring · WDID 3600924" }, "geometry": { "type": "Point", "coordinates": [ -106.13211, 39.76032 ] } },
{ "type": "Feature", "properties": { "c": "cdss_spring", "n": "HAWK SPRING", "d": "Decreed spring · WDID 3600902" }, "geometry": { "type": "Point", "coordinates": [ -106.13292, 39.76052 ] } },
{ "type": "Feature", "properties": { "c": "cdss_spring", "n": "SELLKE SPRING NO 2", "d": "Decreed spring · WDID 3600923" }, "geometry": { "type": "Point", "coordinates": [ -106.1325, 39.76116 ] } },
{ "type": "Feature", "properties": { "c": "cdss_pond", "n": "LUCKY U LAKE", "d": "Decreed stock pond · WDID 3601159" }, "geometry": { "type": "Point", "coordinates": [ -106.14671, 39.76437 ] } },
{ "type": "Feature", "properties": { "c": "cdss_pond", "n": "COUNIHAN POND", "d": "Decreed stock pond · WDID 3603673" }, "geometry": { "type": "Point", "coordinates": [ -106.14124, 39.77664 ] } },
{ "type": "Feature", "properties": { "c": "cdss_spring", "n": "COUNIHAN SPRING", "d": "Decreed spring · WDID 3605453" }, "geometry": { "type": "Point", "coordinates": [ -106.14084, 39.77686 ] } },
{ "type": "Feature", "properties": { "c": "cdss_spring", "n": "SLATE CR GS SPRING", "d": "Decreed spring · WDID 3605475" }, "geometry": { "type": "Point", "coordinates": [ -106.16974, 39.78154 ] } },
{ "type": "Feature", "properties": { "c": "cdss_pond", "n": "HINDOO NO 1 RESERVOIR", "d": "Decreed stock pond · WDID 3603547" }, "geometry": { "type": "Point", "coordinates": [ -106.20705, 39.78151 ] } },
{ "type": "Feature", "properties": { "c": "cdss_pond", "n": "HAY CAMP CREEK POND B", "d": "Decreed stock pond · WDID 3603503" }, "geometry": { "type": "Point", "coordinates": [ -106.19205, 39.78623 ] } },
{ "type": "Feature", "properties": { "c": "cdss_pond", "n": "ROBBIE'S POND", "d": "Decreed stock pond · WDID 3603501" }, "geometry": { "type": "Point", "coordinates": [ -106.16988, 39.78745 ] } },
{ "type": "Feature", "properties": { "c": "cdss_pond", "n": "TOP OF THE WORLD POND", "d": "Decreed stock pond · WDID 3603502" }, "geometry": { "type": "Point", "coordinates": [ -106.18368, 39.78848 ] } },
{ "type": "Feature", "properties": { "c": "cdss_spring", "n": "BEANE SPRING PIPELINE", "d": "Decreed spring · WDID 3900508" }, "geometry": { "type": "Point", "coordinates": [ -107.90333, 39.65636 ] } },
{ "type": "Feature", "properties": { "c": "cdss_pond", "n": "HAY CAMP CREEK POND E", "d": "Decreed stock pond · WDID 3603504" }, "geometry": { "type": "Point", "coordinates": [ -106.19221, 39.78848 ] } },
{ "type": "Feature", "properties": { "c": "cdss_pond", "n": "HAY CAMP CREEK POND G", "d": "Decreed stock pond · WDID 3603505" }, "geometry": { "type": "Point", "coordinates": [ -106.19145, 39.79209 ] } },
{ "type": "Feature", "properties": { "c": "cdss_pond", "n": "LAKE ALVIN", "d": "Decreed stock pond · WDID 3603625" }, "geometry": { "type": "Point", "coordinates": [ -106.17925, 39.79304 ] } },
{ "type": "Feature", "properties": { "c": "cdss_pond", "n": "TREMBLAY RESERVOIR", "d": "Decreed stock pond · WDID 3603568" }, "geometry": { "type": "Point", "coordinates": [ -106.12747, 39.79611 ] } },
{ "type": "Feature", "properties": { "c": "cdss_pond", "n": "BEARDSLEY NO 1 POND AUG PLAN DEPLETION REACH", "d": "Decreed stock pond · WDID 3609040" }, "geometry": { "type": "Point", "coordinates": [ -106.21064, 39.7984 ] } },
{ "type": "Feature", "properties": { "c": "cdss_pond", "n": "BEARDSLEY NO 1 POND", "d": "Decreed stock pond · WDID 3603539" }, "geometry": { "type": "Point", "coordinates": [ -106.21084, 39.79846 ] } },
{ "type": "Feature", "properties": { "c": "cdss_pond", "n": "BEARDSLEY NO 1 POND AUG PLAN", "d": "Decreed stock pond · WDID 3607309" }, "geometry": { "type": "Point", "coordinates": [ -106.21066, 39.79906 ] } },
{ "type": "Feature", "properties": { "c": "cdss_pond", "n": "MAIN MEADOW POND C", "d": "Decreed stock pond · WDID 3603508" }, "geometry": { "type": "Point", "coordinates": [ -106.19788, 39.8059 ] } },
{ "type": "Feature", "properties": { "c": "cdss_pond", "n": "MORRIS MEADOW POND E", "d": "Decreed stock pond · WDID 3603511" }, "geometry": { "type": "Point", "coordinates": [ -106.17571, 39.80616 ] } },
{ "type": "Feature", "properties": { "c": "cdss_pond", "n": "MAIN MEADOW POND B", "d": "Decreed stock pond · WDID 3603507" }, "geometry": { "type": "Point", "coordinates": [ -106.19789, 39.80644 ] } },
{ "type": "Feature", "properties": { "c": "cdss_pond", "n": "MAIN MEADOW POND  A", "d": "Decreed stock pond · WDID 3603506" }, "geometry": { "type": "Point", "coordinates": [ -106.19814, 39.80716 ] } },
{ "type": "Feature", "properties": { "c": "cdss_pond", "n": "MORRIS MEADOW POND B", "d": "Decreed stock pond · WDID 3603510" }, "geometry": { "type": "Point", "coordinates": [ -106.1808, 39.80783 ] } },
{ "type": "Feature", "properties": { "c": "cdss_pond", "n": "HIGH MILLER OXBOW RETURN FLOW", "d": "Decreed stock pond · WDID 3603517" }, "geometry": { "type": "Point", "coordinates": [ -106.17452, 39.80814 ] } },
{ "type": "Feature", "properties": { "c": "cdss_pond", "n": "MORRIS MEADOW POND A", "d": "Decreed stock pond · WDID 3603509" }, "geometry": { "type": "Point", "coordinates": [ -106.17923, 39.80843 ] } },
{ "type": "Feature", "properties": { "c": "cdss_pond", "n": "BENSON RANCH POND DIVERSION", "d": "Decreed stock pond · WDID 3601115" }, "geometry": { "type": "Point", "coordinates": [ -106.19339, 39.82045 ] } },
{ "type": "Feature", "properties": { "c": "cdss_pond", "n": "BENSON RANCH POND AUG DEPLETION REACH", "d": "Decreed stock pond · WDID 3609078" }, "geometry": { "type": "Point", "coordinates": [ -106.19339, 39.82047 ] } },
{ "type": "Feature", "properties": { "c": "cdss_pond", "n": "BENSON RANCH POND", "d": "Decreed stock pond · WDID 3603691" }, "geometry": { "type": "Point", "coordinates": [ -106.19307, 39.82112 ] } },
{ "type": "Feature", "properties": { "c": "cdss_pond", "n": "BENSON RANCH POND AUG PLAN", "d": "Decreed stock pond · WDID 3607695" }, "geometry": { "type": "Point", "coordinates": [ -106.19322, 39.82141 ] } },
{ "type": "Feature", "properties": { "c": "cdss_spring", "n": "EAGLES NEST CABIN SPR AP-B", "d": "Decreed spring · WDID 3605450" }, "geometry": { "type": "Point", "coordinates": [ -106.2199, 39.83117 ] } },
{ "type": "Feature", "properties": { "c": "cdss_spring", "n": "EAGLES NEST CABIN SPR AP-A", "d": "Decreed spring · WDID 3605449" }, "geometry": { "type": "Point", "coordinates": [ -106.21937, 39.83137 ] } },
{ "type": "Feature", "properties": { "c": "cdss_pond", "n": "BLACK LAKE AND RESERVOIR", "d": "Decreed stock pond · WDID 3603533" }, "geometry": { "type": "Point", "coordinates": [ -106.27086, 39.79559 ] } },
{ "type": "Feature", "properties": { "c": "cdss_pond", "n": "UPPER BLACK CREEK RESERVOIR", "d": "Decreed stock pond · WDID 3603569" }, "geometry": { "type": "Point", "coordinates": [ -106.26297, 39.80494 ] } },
{ "type": "Feature", "properties": { "c": "cdss_pond", "n": "LOWER BLACK CREEK RESERVOIR", "d": "Decreed stock pond · WDID 3603556" }, "geometry": { "type": "Point", "coordinates": [ -106.2629, 39.80504 ] } },
{ "type": "Feature", "properties": { "c": "cdss_pond", "n": "MIN LAKE MAHAN LAKE", "d": "Decreed stock pond · WDID 3603604" }, "geometry": { "type": "Point", "coordinates": [ -106.38985, 39.80838 ] } },
{ "type": "Feature", "properties": { "c": "cdss_spring", "n": "MEDICINE SPRING", "d": "Decreed spring · WDID 3605400" }, "geometry": { "type": "Point", "coordinates": [ -106.28348, 39.83327 ] } },
{ "type": "Feature", "properties": { "c": "cdss_pond", "n": "CATARACT LAKE AND RESERVOIR", "d": "Decreed stock pond · WDID 3603538" }, "geometry": { "type": "Point", "coordinates": [ -106.31683, 39.83541 ] } },
{ "type": "Feature", "properties": { "c": "cdss_spring", "n": "OTTER SPRING", "d": "Decreed spring · WDID 3605401" }, "geometry": { "type": "Point", "coordinates": [ -106.26834, 39.83943 ] } },
{ "type": "Feature", "properties": { "c": "cdss_spring", "n": "DEADHORSE SPRING", "d": "Decreed spring · WDID 3605402" }, "geometry": { "type": "Point", "coordinates": [ -106.27777, 39.83943 ] } },
{ "type": "Feature", "properties": { "c": "cdss_spring", "n": "CATRCT CR CG SPRING", "d": "Decreed spring · WDID 3605467" }, "geometry": { "type": "Point", "coordinates": [ -106.30578, 39.8398 ] } },
{ "type": "Feature", "properties": { "c": "cdss_pond", "n": "BLUE LAKE", "d": "Decreed stock pond · WDID 5203986" }, "geometry": { "type": "Point", "coordinates": [ -106.42076, 39.84097 ] } },
{ "type": "Feature", "properties": { "c": "cdss_pond", "n": "HOAGLAND NO 1 RESERVOIR", "d": "Decreed stock pond · WDID 3603548" }, "geometry": { "type": "Point", "coordinates": [ -106.3498, 39.84583 ] } },
{ "type": "Feature", "properties": { "c": "cdss_spring", "n": "MATHER SPRING", "d": "Decreed spring · WDID 5205085" }, "geometry": { "type": "Point", "coordinates": [ -106.42988, 39.85185 ] } },
{ "type": "Feature", "properties": { "c": "cdss_pond", "n": "K NO 1 RESERVOIR", "d": "Decreed stock pond · WDID 3603551" }, "geometry": { "type": "Point", "coordinates": [ -106.26109, 39.86316 ] } },
{ "type": "Feature", "properties": { "c": "cdss_pond", "n": "K NO 3 RESERVOIR", "d": "Decreed stock pond · WDID 3603553" }, "geometry": { "type": "Point", "coordinates": [ -106.25874, 39.86487 ] } },
{ "type": "Feature", "properties": { "c": "cdss_pond", "n": "K NO 2 RESERVOIR", "d": "Decreed stock pond · WDID 3603552" }, "geometry": { "type": "Point", "coordinates": [ -106.25874, 39.86487 ] } },
{ "type": "Feature", "properties": { "c": "cdss_pond", "n": "K NO 4 RESERVOIR", "d": "Decreed stock pond · WDID 3603554" }, "geometry": { "type": "Point", "coordinates": [ -106.25874, 39.86487 ] } },
{ "type": "Feature", "properties": { "c": "cdss_spring", "n": "FLANIGAN SPRING NO 1", "d": "Decreed spring · WDID 3605171" }, "geometry": { "type": "Point", "coordinates": [ -106.30993, 39.86957 ] } },
{ "type": "Feature", "properties": { "c": "cdss_pond", "n": "SWEETWATER POND NO 9", "d": "Decreed stock pond · WDID 3603617" }, "geometry": { "type": "Point", "coordinates": [ -106.30561, 39.87065 ] } },
{ "type": "Feature", "properties": { "c": "cdss_pond", "n": "EAGLES NEST GOLF COURSE NO4 NORTH POND", "d": "Decreed stock pond · WDID 3603665" }, "geometry": { "type": "Point", "coordinates": [ -106.08596, 39.65386 ] } },
{ "type": "Feature", "properties": { "c": "cdss_pond", "n": "EAGLES NEST GOLF COURSE NO 2 POND", "d": "Decreed stock pond · WDID 3603663" }, "geometry": { "type": "Point", "coordinates": [ -106.08359, 39.65856 ] } },
{ "type": "Feature", "properties": { "c": "cdss_pond", "n": "EAGLES NEST GOLF COURSE NO 7 POND", "d": "Decreed stock pond · WDID 3603666" }, "geometry": { "type": "Point", "coordinates": [ -106.09341, 39.65888 ] } },
{ "type": "Feature", "properties": { "c": "cdss_pond", "n": "EAGLES NEST GOLF COURSE NO 9 NORTH POND", "d": "Decreed stock pond · WDID 3603668" }, "geometry": { "type": "Point", "coordinates": [ -106.09008, 39.662 ] } },
{ "type": "Feature", "properties": { "c": "cdss_pond", "n": "EAGLES NEST GOLF COURSE NO 9 SOUTH POND", "d": "Decreed stock pond · WDID 3603667" }, "geometry": { "type": "Point", "coordinates": [ -106.09004, 39.66212 ] } },
{ "type": "Feature", "properties": { "c": "cdss_pond", "n": "EAGLES NEST GOLF COURSE NO1 POND", "d": "Decreed stock pond · WDID 3603662" }, "geometry": { "type": "Point", "coordinates": [ -106.08714, 39.66361 ] } },
{ "type": "Feature", "properties": { "c": "cdss_pond", "n": "TRENT PARK POND EXCHANGE", "d": "Decreed stock pond · WDID 3607690" }, "geometry": { "type": "Point", "coordinates": [ -106.08333, 39.66566 ] } },
{ "type": "Feature", "properties": { "c": "cdss_pond", "n": "TRENT PARK POND AUG PLAN DEPLETION REACH", "d": "Decreed stock pond · WDID 3609076" }, "geometry": { "type": "Point", "coordinates": [ -106.08306, 39.6659 ] } },
{ "type": "Feature", "properties": { "c": "cdss_pond", "n": "EAGLES NEST GOLF COURSE NO16 EAST POND", "d": "Decreed stock pond · WDID 3603670" }, "geometry": { "type": "Point", "coordinates": [ -106.09574, 39.6682 ] } },
{ "type": "Feature", "properties": { "c": "cdss_pond", "n": "EAGLES NEST RESERVOIR", "d": "Decreed stock pond · WDID 3603636" }, "geometry": { "type": "Point", "coordinates": [ -106.09452, 39.67139 ] } },
{ "type": "Feature", "properties": { "c": "cdss_pond", "n": "EAGLES NEST GOLF COURSE NO12 POND", "d": "Decreed stock pond · WDID 3603669" }, "geometry": { "type": "Point", "coordinates": [ -106.09458, 39.67145 ] } },
{ "type": "Feature", "properties": { "c": "cdss_pond", "n": "EAGLES NEST GOLF COURSE NO16 WEST POND", "d": "Decreed stock pond · WDID 3603671" }, "geometry": { "type": "Point", "coordinates": [ -106.09524, 39.67202 ] } },
{ "type": "Feature", "properties": { "c": "cdss_pond", "n": "WINEGARD POND 2", "d": "Decreed stock pond · WDID 3603684" }, "geometry": { "type": "Point", "coordinates": [ -106.08877, 39.67457 ] } },
{ "type": "Feature", "properties": { "c": "cdss_pond", "n": "SOUTH POND", "d": "Decreed stock pond · WDID 3603678" }, "geometry": { "type": "Point", "coordinates": [ -106.08889, 39.67471 ] } },
{ "type": "Feature", "properties": { "c": "cdss_pond", "n": "WINEGARD POND 4", "d": "Decreed stock pond · WDID 3603686" }, "geometry": { "type": "Point", "coordinates": [ -106.08982, 39.67501 ] } },
{ "type": "Feature", "properties": { "c": "cdss_pond", "n": "WINEGARD POND 1", "d": "Decreed stock pond · WDID 3603683" }, "geometry": { "type": "Point", "coordinates": [ -106.08755, 39.67552 ] } },
{ "type": "Feature", "properties": { "c": "cdss_pond", "n": "WINEGARD POND 3", "d": "Decreed stock pond · WDID 3603685" }, "geometry": { "type": "Point", "coordinates": [ -106.08894, 39.67565 ] } },
{ "type": "Feature", "properties": { "c": "cdss_pond", "n": "WINEGARD PONDS AUG PLAN DEPLETION REACH", "d": "Decreed stock pond · WDID 3609072" }, "geometry": { "type": "Point", "coordinates": [ -106.08704, 39.67591 ] } },
{ "type": "Feature", "properties": { "c": "cdss_pond", "n": "WINEGARD PONDS AUG PLAN", "d": "Decreed stock pond · WDID 3607682" }, "geometry": { "type": "Point", "coordinates": [ -106.08638, 39.67609 ] } },
{ "type": "Feature", "properties": { "c": "cdss_pond", "n": "PUMP POND", "d": "Decreed stock pond · WDID 3603679" }, "geometry": { "type": "Point", "coordinates": [ -106.08418, 39.67639 ] } },
{ "type": "Feature", "properties": { "c": "cdss_pond", "n": "HIGHLAND RESERVOIR", "d": "Decreed stock pond · WDID 3603546" }, "geometry": { "type": "Point", "coordinates": [ -105.85978, 39.55069 ] } },
{ "type": "Feature", "properties": { "c": "cdss_pond", "n": "PENNSYLVANIA NO 3 RES", "d": "Decreed stock pond · WDID 3603564" }, "geometry": { "type": "Point", "coordinates": [ -105.81414, 39.58927 ] } },
{ "type": "Feature", "properties": { "c": "cdss_pond", "n": "J T K RESERVOIR", "d": "Decreed stock pond · WDID 3603550" }, "geometry": { "type": "Point", "coordinates": [ -105.82761, 39.59956 ] } },
{ "type": "Feature", "properties": { "c": "cdss_pond", "n": "PENNSYLVANIA NO 2 RES", "d": "Decreed stock pond · WDID 3603563" }, "geometry": { "type": "Point", "coordinates": [ -105.80977, 39.60332 ] } },
{ "type": "Feature", "properties": { "c": "cdss_pond", "n": "PENNSYLVANIA NO 1 RES", "d": "Decreed stock pond · WDID 3603562" }, "geometry": { "type": "Point", "coordinates": [ -105.84089, 39.60312 ] } },
{ "type": "Feature", "properties": { "c": "cdss_spring", "n": "MAID OF ORLEANS SPRING", "d": "Decreed spring · WDID 3605169" }, "geometry": { "type": "Point", "coordinates": [ -105.85026, 39.60326 ] } },
{ "type": "Feature", "properties": { "c": "cdss_pond", "n": "PERU CREEK RESERVOIR", "d": "Decreed stock pond · WDID 3603704" }, "geometry": { "type": "Point", "coordinates": [ -105.80539, 39.60413 ] } },
{ "type": "Feature", "properties": { "c": "cdss_pond", "n": "FROST NO 2 RES COLL SYS", "d": "Decreed stock pond · WDID 3603576" }, "geometry": { "type": "Point", "coordinates": [ -105.80409, 39.60488 ] } },
{ "type": "Feature", "properties": { "c": "cdss_spring", "n": "BERTHOUD PASS SPRING", "d": "Decreed spring · WDID 0701409" }, "geometry": { "type": "Point", "coordinates": [ -105.77702, 39.79822 ] } },
{ "type": "Feature", "properties": { "c": "cdss_spring", "n": "ROBRS RST CG SPRING", "d": "Decreed spring · WDID 5105771" }, "geometry": { "type": "Point", "coordinates": [ -105.75104, 39.83723 ] } },
{ "type": "Feature", "properties": { "c": "cdss_pond", "n": "HOUSE POND 1", "d": "Decreed stock pond · WDID 3603680" }, "geometry": { "type": "Point", "coordinates": [ -106.07149, 39.68756 ] } },
{ "type": "Feature", "properties": { "c": "cdss_pond", "n": "HOUSE POND 2", "d": "Decreed stock pond · WDID 3603681" }, "geometry": { "type": "Point", "coordinates": [ -106.07188, 39.68779 ] } },
{ "type": "Feature", "properties": { "c": "cdss_pond", "n": "HOUSE POND 3", "d": "Decreed stock pond · WDID 3603682" }, "geometry": { "type": "Point", "coordinates": [ -106.07195, 39.6878 ] } },
{ "type": "Feature", "properties": { "c": "cdss_pond", "n": "UTE CREEK RESERVOIR", "d": "Decreed stock pond · WDID 5103738" }, "geometry": { "type": "Point", "coordinates": [ -106.09391, 39.83934 ] } },
{ "type": "Feature", "properties": { "c": "cdss_pond", "n": "EAST BRANCH RESERVOIR", "d": "Decreed stock pond · WDID 5103715" }, "geometry": { "type": "Point", "coordinates": [ -106.08197, 39.84329 ] } },
{ "type": "Feature", "properties": { "c": "cdss_spring", "n": "KC SHG-G SPRING", "d": "Decreed spring · WDID 5105766" }, "geometry": { "type": "Point", "coordinates": [ -106.07553, 39.86883 ] } },
{ "type": "Feature", "properties": { "c": "cdss_spring", "n": "KC SHG-F SPRING", "d": "Decreed spring · WDID 5105765" }, "geometry": { "type": "Point", "coordinates": [ -106.07553, 39.86883 ] } },
{ "type": "Feature", "properties": { "c": "cdss_spring", "n": "KC SHG-E SPRING", "d": "Decreed spring · WDID 5105764" }, "geometry": { "type": "Point", "coordinates": [ -106.07553, 39.86883 ] } },
{ "type": "Feature", "properties": { "c": "cdss_spring", "n": "KC SHG-H SPRING", "d": "Decreed spring · WDID 5105767" }, "geometry": { "type": "Point", "coordinates": [ -106.07553, 39.86883 ] } },
{ "type": "Feature", "properties": { "c": "cdss_pond", "n": "HENDERSON MILL TAILINGS POND", "d": "Decreed stock pond · WDID 5103551" }, "geometry": { "type": "Point", "coordinates": [ -106.10026, 39.87388 ] } },
{ "type": "Feature", "properties": { "c": "nhd_spring", "n": "", "d": "USGS topo spring (may be dry)" }, "geometry": { "type": "Point", "coordinates": [ -105.91844, 39.62394 ] } },
{ "type": "Feature", "properties": { "c": "cdss_pond", "n": "ARAPAHOE BASIN SNOWMAKING RESERVOIR", "d": "Decreed stock pond · WDID 3603694" }, "geometry": { "type": "Point", "coordinates": [ -105.87646, 39.64097 ] } },
{ "type": "Feature", "properties": { "c": "cdss_pond", "n": "FRASER RIVER DIVERSION PROJECT - ST LOUIS RESERVOI", "d": "Decreed stock pond · WDID 5103700" }, "geometry": { "type": "Point", "coordinates": [ -105.8961, 39.87825 ] } },
{ "type": "Feature", "properties": { "c": "cdss_spring", "n": "SPRING BRANCH WELL NO. 2", "d": "Decreed spring · WDID 5106039" }, "geometry": { "type": "Point", "coordinates": [ -105.87933, 39.93841 ] } },
{ "type": "Feature", "properties": { "c": "cdss_spring", "n": "SPRING BRANCH WELL NO. 9", "d": "Decreed spring · WDID 5106046" }, "geometry": { "type": "Point", "coordinates": [ -105.87505, 39.93887 ] } },
{ "type": "Feature", "properties": { "c": "cdss_spring", "n": "SPRING BRANCH AUGMENTATION WELL POINT OF RELEASE", "d": "Decreed spring · WDID 5104607" }, "geometry": { "type": "Point", "coordinates": [ -105.87263, 39.93907 ] } },
{ "type": "Feature", "properties": { "c": "cdss_spring", "n": "SPRING BRANCH DITCH", "d": "Decreed spring · WDID 5100899" }, "geometry": { "type": "Point", "coordinates": [ -105.87192, 39.94023 ] } },
{ "type": "Feature", "properties": { "c": "cdss_pond", "n": "MURPHY RESERVOIR", "d": "Decreed stock pond · WDID 5104010" }, "geometry": { "type": "Point", "coordinates": [ -105.91283, 39.93993 ] } },
{ "type": "Feature", "properties": { "c": "cdss_spring", "n": "YOUNG LIFE INFILTRATION GALLERY", "d": "Decreed spring · WDID 5105562" }, "geometry": { "type": "Point", "coordinates": [ -105.89523, 39.94128 ] } },
{ "type": "Feature", "properties": { "c": "cdss_pond", "n": "YOUNG LIFE POND NO 2", "d": "Decreed stock pond · WDID 5104034" }, "geometry": { "type": "Point", "coordinates": [ -105.89069, 39.94295 ] } },
{ "type": "Feature", "properties": { "c": "cdss_pond", "n": "FRASER RIVER DIVERSION PROJECT - VASQUEZ RESERVOIR", "d": "Decreed stock pond · WDID 5103706" }, "geometry": { "type": "Point", "coordinates": [ -105.8157, 39.87852 ] } },
{ "type": "Feature", "properties": { "c": "cdss_pond", "n": "WINTER PARK RESERVOIR NO 1", "d": "Decreed stock pond · WDID 5104056" }, "geometry": { "type": "Point", "coordinates": [ -105.7457, 39.8826 ] } },
{ "type": "Feature", "properties": { "c": "cdss_pond", "n": "VILLAGE CORE POND DEPLETION REACH", "d": "Decreed stock pond · WDID 5109178" }, "geometry": { "type": "Point", "coordinates": [ -105.76154, 39.88501 ] } },
{ "type": "Feature", "properties": { "c": "cdss_pond", "n": "VILLAGE CORE POND", "d": "Decreed stock pond · WDID 5103606" }, "geometry": { "type": "Point", "coordinates": [ -105.76171, 39.88501 ] } },
{ "type": "Feature", "properties": { "c": "cdss_pond", "n": "VILLAGE CORE POND DIVERSION", "d": "Decreed stock pond · WDID 5101403" }, "geometry": { "type": "Point", "coordinates": [ -105.76154, 39.88505 ] } },
{ "type": "Feature", "properties": { "c": "cdss_spring", "n": "SU PERMIT S10SW SPRING", "d": "Decreed spring · WDID 5105777" }, "geometry": { "type": "Point", "coordinates": [ -105.77079, 39.88802 ] } },
{ "type": "Feature", "properties": { "c": "cdss_pond", "n": "DISCOVERY PARK POND", "d": "Decreed stock pond · WDID 5103625" }, "geometry": { "type": "Point", "coordinates": [ -105.77171, 39.88897 ] } },
{ "type": "Feature", "properties": { "c": "cdss_spring", "n": "FERRIS SPRING", "d": "Decreed spring · WDID 5101060" }, "geometry": { "type": "Point", "coordinates": [ -105.76616, 39.89162 ] } },
{ "type": "Feature", "properties": { "c": "cdss_spring", "n": "CC SHG-2 SPRING", "d": "Decreed spring · WDID 5105757" }, "geometry": { "type": "Point", "coordinates": [ -105.77086, 39.89164 ] } },
{ "type": "Feature", "properties": { "c": "cdss_spring", "n": "SU PERMIT S10NW SPRING", "d": "Decreed spring · WDID 5105775" }, "geometry": { "type": "Point", "coordinates": [ -105.77576, 39.89166 ] } },
{ "type": "Feature", "properties": { "c": "cdss_pond", "n": "WINTER PARK WATER & SAN DISTRICT RESERVOIR NO 2", "d": "Decreed stock pond · WDID 5103574" }, "geometry": { "type": "Point", "coordinates": [ -105.77013, 39.89616 ] } },
{ "type": "Feature", "properties": { "c": "cdss_spring", "n": "TRESTLE PG SPRING", "d": "Decreed spring · WDID 5105783" }, "geometry": { "type": "Point", "coordinates": [ -105.70221, 39.89943 ] } },
{ "type": "Feature", "properties": { "c": "cdss_spring", "n": "FRSR PTL PG SPRING", "d": "Decreed spring · WDID 5105761" }, "geometry": { "type": "Point", "coordinates": [ -105.79159, 39.90633 ] } },
{ "type": "Feature", "properties": { "c": "cdss_spring", "n": "SU PERMIT S3NE SPRING", "d": "Decreed spring · WDID 5105780" }, "geometry": { "type": "Point", "coordinates": [ -105.7617, 39.90813 ] } },
{ "type": "Feature", "properties": { "c": "cdss_spring", "n": "IDLEWILD CG SPRING", "d": "Decreed spring · WDID 5105763" }, "geometry": { "type": "Point", "coordinates": [ -105.78736, 39.90828 ] } },
{ "type": "Feature", "properties": { "c": "cdss_pond", "n": "MELLAND POND", "d": "Decreed stock pond · WDID 5104050" }, "geometry": { "type": "Point", "coordinates": [ -105.77375, 39.91007 ] } },
{ "type": "Feature", "properties": { "c": "cdss_pond", "n": "GARRETT FISH POND", "d": "Decreed stock pond · WDID 5103631" }, "geometry": { "type": "Point", "coordinates": [ -105.78078, 39.91118 ] } },
{ "type": "Feature", "properties": { "c": "cdss_pond", "n": "WHITING RESERVOIR NO 1", "d": "Decreed stock pond · WDID 5104032" }, "geometry": { "type": "Point", "coordinates": [ -105.79369, 39.91375 ] } },
{ "type": "Feature", "properties": { "c": "cdss_pond", "n": "CORONA RESERVOIR", "d": "Decreed stock pond · WDID 5103655" }, "geometry": { "type": "Point", "coordinates": [ -105.69241, 39.92531 ] } },
{ "type": "Feature", "properties": { "c": "cdss_pond", "n": "SITZMARK POND NO 1", "d": "Decreed stock pond · WDID 5103605" }, "geometry": { "type": "Point", "coordinates": [ -105.78718, 39.92814 ] } },
{ "type": "Feature", "properties": { "c": "cdss_pond", "n": "GCWSD RESERVOIR NO 1", "d": "Decreed stock pond · WDID 5103744" }, "geometry": { "type": "Point", "coordinates": [ -105.78741, 39.93011 ] } },
{ "type": "Feature", "properties": { "c": "cdss_pond", "n": "MARYVALE E-F RESERVOIR", "d": "Decreed stock pond · WDID 5103563" }, "geometry": { "type": "Point", "coordinates": [ -105.78589, 39.93092 ] } },
{ "type": "Feature", "properties": { "c": "cdss_pond", "n": "MR-1 RESERVOIR", "d": "Decreed stock pond · WDID 5103564" }, "geometry": { "type": "Point", "coordinates": [ -105.79542, 39.93095 ] } },
{ "type": "Feature", "properties": { "c": "cdss_pond", "n": "MR-2 RESERVOIR", "d": "Decreed stock pond · WDID 5103565" }, "geometry": { "type": "Point", "coordinates": [ -105.79715, 39.93253 ] } },
{ "type": "Feature", "properties": { "c": "cdss_pond", "n": "MARYVALE RESERVOIR", "d": "Decreed stock pond · WDID 5104046" }, "geometry": { "type": "Point", "coordinates": [ -105.78978, 39.93262 ] } },
{ "type": "Feature", "properties": { "c": "cdss_pond", "n": "MARYVALE J-3 RESERVOIR", "d": "Decreed stock pond · WDID 5103562" }, "geometry": { "type": "Point", "coordinates": [ -105.79181, 39.93387 ] } },
{ "type": "Feature", "properties": { "c": "cdss_pond", "n": "CWP-FM RESERVOIR", "d": "Decreed stock pond · WDID 5103599" }, "geometry": { "type": "Point", "coordinates": [ -105.81241, 39.934 ] } },
{ "type": "Feature", "properties": { "c": "cdss_pond", "n": "MARYVALE J-2 RESERVOIR", "d": "Decreed stock pond · WDID 5103561" }, "geometry": { "type": "Point", "coordinates": [ -105.79499, 39.93673 ] } },
{ "type": "Feature", "properties": { "c": "cdss_pond", "n": "GCWSD RESERVOIR FILL DITCH", "d": "Decreed stock pond · WDID 5101450" }, "geometry": { "type": "Point", "coordinates": [ -105.79272, 39.93692 ] } },
{ "type": "Feature", "properties": { "c": "cdss_pond", "n": "BYERS PEAK PROPERTIES POND SYSTEM", "d": "Decreed stock pond · WDID 5103612" }, "geometry": { "type": "Point", "coordinates": [ -105.81888, 39.93687 ] } },
{ "type": "Feature", "properties": { "c": "cdss_pond", "n": "UTE PARK RESERVOIR", "d": "Decreed stock pond · WDID 5103705" }, "geometry": { "type": "Point", "coordinates": [ -106.09427, 39.88335 ] } },
{ "type": "Feature", "properties": { "c": "nhd_spring", "n": "", "d": "USGS topo spring (may be dry)" }, "geometry": { "type": "Point", "coordinates": [ -106.09346, 39.89475 ] } },
{ "type": "Feature", "properties": { "c": "cdss_spring", "n": "FRENCH DOMESTIC SPG NO 2", "d": "Decreed spring · WDID 5101062" }, "geometry": { "type": "Point", "coordinates": [ -106.0997, 39.92264 ] } },
{ "type": "Feature", "properties": { "c": "cdss_spring", "n": "FRENCH DOMESTIC SPG NO 1", "d": "Decreed spring · WDID 5101061" }, "geometry": { "type": "Point", "coordinates": [ -106.0997, 39.92264 ] } },
{ "type": "Feature", "properties": { "c": "cdss_spring", "n": "RUESCH SPRING NO 3", "d": "Decreed spring · WDID 5101167" }, "geometry": { "type": "Point", "coordinates": [ -105.9589, 39.95563 ] } },
{ "type": "Feature", "properties": { "c": "cdss_spring", "n": "RUESCH SPRING NO 5", "d": "Decreed spring · WDID 5105429" }, "geometry": { "type": "Point", "coordinates": [ -105.96475, 39.95904 ] } },
{ "type": "Feature", "properties": { "c": "cdss_spring", "n": "RUESCH SPRING NO 2", "d": "Decreed spring · WDID 5101166" }, "geometry": { "type": "Point", "coordinates": [ -105.98115, 39.96622 ] } },
{ "type": "Feature", "properties": { "c": "cdss_spring", "n": "RUESCH SPRING", "d": "Decreed spring · WDID 5101168" }, "geometry": { "type": "Point", "coordinates": [ -105.95875, 39.97121 ] } },
{ "type": "Feature", "properties": { "c": "cdss_pond", "n": "SNOW MOUNTAIN RES NO 2", "d": "Decreed stock pond · WDID 5103733" }, "geometry": { "type": "Point", "coordinates": [ -105.95179, 39.97457 ] } },
{ "type": "Feature", "properties": { "c": "cdss_pond", "n": "TOVEY RESERVOIR", "d": "Decreed stock pond · WDID 5103703" }, "geometry": { "type": "Point", "coordinates": [ -105.97542, 39.98295 ] } },
{ "type": "Feature", "properties": { "c": "cdss_pond", "n": "MARYVALE K-1B RESERVOIR", "d": "Decreed stock pond · WDID 5103559" }, "geometry": { "type": "Point", "coordinates": [ -105.8002, 39.93725 ] } },
{ "type": "Feature", "properties": { "c": "cdss_pond", "n": "MARYVALE K-2 RESERVOIR", "d": "Decreed stock pond · WDID 5103560" }, "geometry": { "type": "Point", "coordinates": [ -105.80021, 39.93725 ] } },
{ "type": "Feature", "properties": { "c": "cdss_pond", "n": "MR-3 RESERVOIR", "d": "Decreed stock pond · WDID 5103566" }, "geometry": { "type": "Point", "coordinates": [ -105.80072, 39.93794 ] } },
{ "type": "Feature", "properties": { "c": "cdss_pond", "n": "MARYVALE K-1A RESERVOIR", "d": "Decreed stock pond · WDID 5103558" }, "geometry": { "type": "Point", "coordinates": [ -105.80181, 39.93801 ] } },
{ "type": "Feature", "properties": { "c": "cdss_pond", "n": "GCWSD WATER STORAGE RESERVOIR NO 1", "d": "Decreed stock pond · WDID 5103568" }, "geometry": { "type": "Point", "coordinates": [ -105.79834, 39.93898 ] } },
{ "type": "Feature", "properties": { "c": "cdss_pond", "n": "MR-4 RESERVOIR", "d": "Decreed stock pond · WDID 5103567" }, "geometry": { "type": "Point", "coordinates": [ -105.80386, 39.93908 ] } },
{ "type": "Feature", "properties": { "c": "cdss_pond", "n": "GCWSD WATER STORAGE RESERVOIR NO 2", "d": "Decreed stock pond · WDID 5103569" }, "geometry": { "type": "Point", "coordinates": [ -105.7993, 39.93946 ] } },
{ "type": "Feature", "properties": { "c": "cdss_pond", "n": "NORGREN RESERVOIR", "d": "Decreed stock pond · WDID 5104049" }, "geometry": { "type": "Point", "coordinates": [ -105.83403, 39.94015 ] } },
{ "type": "Feature", "properties": { "c": "cdss_pond", "n": "NIELSEN RESERVOIR", "d": "Decreed stock pond · WDID 5104048" }, "geometry": { "type": "Point", "coordinates": [ -105.83301, 39.9412 ] } },
{ "type": "Feature", "properties": { "c": "cdss_spring", "n": "DAISY MEADOWS AUG PLAN DEPLETION REACH", "d": "Decreed spring · WDID 5109058" }, "geometry": { "type": "Point", "coordinates": [ -105.86497, 39.94344 ] } },
{ "type": "Feature", "properties": { "c": "cdss_spring", "n": "ELISABETH SPRING WELL", "d": "Decreed spring · WDID 3605413" }, "geometry": { "type": "Point", "coordinates": [ -106.22195, 39.83141 ] } },
{ "type": "Feature", "properties": { "c": "cdss_spring", "n": "DIANA SPRING", "d": "Decreed spring · WDID 3605411" }, "geometry": { "type": "Point", "coordinates": [ -106.21681, 39.83221 ] } },
{ "type": "Feature", "properties": { "c": "cdss_spring", "n": "LOREDANA SPRING", "d": "Decreed spring · WDID 3605412" }, "geometry": { "type": "Point", "coordinates": [ -106.21681, 39.83221 ] } },
{ "type": "Feature", "properties": { "c": "cdss_spring", "n": "ELIZABETH SPRING", "d": "Decreed spring · WDID 3605410" }, "geometry": { "type": "Point", "coordinates": [ -106.22067, 39.83304 ] } },
{ "type": "Feature", "properties": { "c": "cdss_pond", "n": "MELODY LODGE POND", "d": "Decreed stock pond · WDID 3603693" }, "geometry": { "type": "Point", "coordinates": [ -106.23351, 39.83913 ] } },
{ "type": "Feature", "properties": { "c": "cdss_pond", "n": "SHANE RESERVOIR", "d": "Decreed stock pond · WDID 3603592" }, "geometry": { "type": "Point", "coordinates": [ -106.22859, 39.84554 ] } },
{ "type": "Feature", "properties": { "c": "cdss_pond", "n": "LOST CREEK RESERVOIR", "d": "Decreed stock pond · WDID 5103721" }, "geometry": { "type": "Point", "coordinates": [ -106.14347, 39.87605 ] } },
{ "type": "Feature", "properties": { "c": "cdss_pond", "n": "MCCANDLISS RESERVOIR", "d": "Decreed stock pond · WDID 5103689" }, "geometry": { "type": "Point", "coordinates": [ -106.16404, 39.90348 ] } },
{ "type": "Feature", "properties": { "c": "nhd_spring", "n": "", "d": "USGS topo spring (may be dry)" }, "geometry": { "type": "Point", "coordinates": [ -106.10558, 39.9056 ] } },
{ "type": "Feature", "properties": { "c": "cdss_pond", "n": "RYAN RESERVOIR", "d": "Decreed stock pond · WDID 5103642" }, "geometry": { "type": "Point", "coordinates": [ -106.16626, 39.91055 ] } },
{ "type": "Feature", "properties": { "c": "cdss_pond", "n": "SWEETWATER POND NO 1", "d": "Decreed stock pond · WDID 3603609" }, "geometry": { "type": "Point", "coordinates": [ -106.30693, 39.87154 ] } },
{ "type": "Feature", "properties": { "c": "cdss_pond", "n": "SWEETWATER POND NO 8", "d": "Decreed stock pond · WDID 3603616" }, "geometry": { "type": "Point", "coordinates": [ -106.30559, 39.87193 ] } },
{ "type": "Feature", "properties": { "c": "cdss_pond", "n": "SWEETWATER POND NO 2", "d": "Decreed stock pond · WDID 3603610" }, "geometry": { "type": "Point", "coordinates": [ -106.30703, 39.8722 ] } },
{ "type": "Feature", "properties": { "c": "cdss_pond", "n": "SWEETWATER POND NO 7", "d": "Decreed stock pond · WDID 3603615" }, "geometry": { "type": "Point", "coordinates": [ -106.30579, 39.87224 ] } },
{ "type": "Feature", "properties": { "c": "cdss_spring", "n": "WHITEFLOWER SPG & DITCH", "d": "Decreed spring · WDID 3600962" }, "geometry": { "type": "Point", "coordinates": [ -106.30572, 39.87227 ] } },
{ "type": "Feature", "properties": { "c": "cdss_pond", "n": "SWEETWATER POND NO 3", "d": "Decreed stock pond · WDID 3603611" }, "geometry": { "type": "Point", "coordinates": [ -106.30722, 39.87258 ] } },
{ "type": "Feature", "properties": { "c": "cdss_pond", "n": "SWEETWATER POND NO 4", "d": "Decreed stock pond · WDID 3603612" }, "geometry": { "type": "Point", "coordinates": [ -106.30695, 39.87265 ] } },
{ "type": "Feature", "properties": { "c": "cdss_pond", "n": "SWEETWATER POND NO 5", "d": "Decreed stock pond · WDID 3603613" }, "geometry": { "type": "Point", "coordinates": [ -106.30683, 39.87284 ] } },
{ "type": "Feature", "properties": { "c": "cdss_pond", "n": "SWEETWATER POND NO 6", "d": "Decreed stock pond · WDID 3603614" }, "geometry": { "type": "Point", "coordinates": [ -106.30656, 39.87344 ] } },
{ "type": "Feature", "properties": { "c": "cdss_pond", "n": "GREEN MTN RES (HUP)", "d": "Decreed stock pond · WDID 3904900" }, "geometry": { "type": "Point", "coordinates": [ -106.32927, 39.87588 ] } },
{ "type": "Feature", "properties": { "c": "cdss_pond", "n": "GREEN MTN RES(SILT POOL)", "d": "Decreed stock pond · WDID 3904909" }, "geometry": { "type": "Point", "coordinates": [ -106.32927, 39.87588 ] } },
{ "type": "Feature", "properties": { "c": "cdss_pond", "n": "GREEN MTN RES (HUP)", "d": "Decreed stock pond · WDID 7004900" }, "geometry": { "type": "Point", "coordinates": [ -106.32927, 39.87588 ] } },
{ "type": "Feature", "properties": { "c": "cdss_pond", "n": "GREEN MTN RES (CONTRACT)", "d": "Decreed stock pond · WDID 4504903" }, "geometry": { "type": "Point", "coordinates": [ -106.32927, 39.87588 ] } },
{ "type": "Feature", "properties": { "c": "cdss_pond", "n": "GREEN MTN RES (HUP)", "d": "Decreed stock pond · WDID 7204900" }, "geometry": { "type": "Point", "coordinates": [ -106.32927, 39.87588 ] } },
{ "type": "Feature", "properties": { "c": "cdss_pond", "n": "GREEN MOUNTAIN RESERVOIR", "d": "Decreed stock pond · WDID 3804900" }, "geometry": { "type": "Point", "coordinates": [ -106.32927, 39.87588 ] } },
{ "type": "Feature", "properties": { "c": "cdss_pond", "n": "GRN MTN RES (CONTRACT)", "d": "Decreed stock pond · WDID 3603642" }, "geometry": { "type": "Point", "coordinates": [ -106.32927, 39.87588 ] } },
{ "type": "Feature", "properties": { "c": "cdss_pond", "n": "GREEN MTN RES (HUP)", "d": "Decreed stock pond · WDID 4504900" }, "geometry": { "type": "Point", "coordinates": [ -106.32927, 39.87588 ] } },
{ "type": "Feature", "properties": { "c": "cdss_pond", "n": "GRN MTN RES(W SLOPE POOL", "d": "Decreed stock pond · WDID 3603641" }, "geometry": { "type": "Point", "coordinates": [ -106.32927, 39.87588 ] } },
{ "type": "Feature", "properties": { "c": "cdss_pond", "n": "GREEN MTN RES (CONTRACT)", "d": "Decreed stock pond · WDID 5304903" }, "geometry": { "type": "Point", "coordinates": [ -106.32927, 39.87588 ] } },
{ "type": "Feature", "properties": { "c": "cdss_pond", "n": "GREEN MTN RES (HUP)", "d": "Decreed stock pond · WDID 5304900" }, "geometry": { "type": "Point", "coordinates": [ -106.32927, 39.87588 ] } },
{ "type": "Feature", "properties": { "c": "cdss_pond", "n": "GRN MTN RES(CBT POOL)", "d": "Decreed stock pond · WDID 3603640" }, "geometry": { "type": "Point", "coordinates": [ -106.32927, 39.87588 ] } },
{ "type": "Feature", "properties": { "c": "cdss_pond", "n": "GREEN MTN RES(CONTRACT)", "d": "Decreed stock pond · WDID 7204903" }, "geometry": { "type": "Point", "coordinates": [ -106.32927, 39.87588 ] } },
{ "type": "Feature", "properties": { "c": "cdss_pond", "n": "GREEN MTN RES(CONTRACT)", "d": "Decreed stock pond · WDID 5204903" }, "geometry": { "type": "Point", "coordinates": [ -106.32927, 39.87588 ] } },
{ "type": "Feature", "properties": { "c": "cdss_pond", "n": "GREEN MTN RES (HUP)", "d": "Decreed stock pond · WDID 5204900" }, "geometry": { "type": "Point", "coordinates": [ -106.32927, 39.87588 ] } },
{ "type": "Feature", "properties": { "c": "cdss_pond", "n": "GREEN MTN RES (HUP)", "d": "Decreed stock pond · WDID 3704900" }, "geometry": { "type": "Point", "coordinates": [ -106.32927, 39.87588 ] } },
{ "type": "Feature", "properties": { "c": "cdss_pond", "n": "GREEN MTN RES(CONTRACT)", "d": "Decreed stock pond · WDID 7004903" }, "geometry": { "type": "Point", "coordinates": [ -106.32927, 39.87588 ] } },
{ "type": "Feature", "properties": { "c": "cdss_pond", "n": "GREEN MTN RES(CONTRACT)", "d": "Decreed stock pond · WDID 5104903" }, "geometry": { "type": "Point", "coordinates": [ -106.33159, 39.87599 ] } },
{ "type": "Feature", "properties": { "c": "cdss_pond", "n": "GREEN MTN RES (HUP)", "d": "Decreed stock pond · WDID 5104900" }, "geometry": { "type": "Point", "coordinates": [ -106.33153, 39.87603 ] } },
{ "type": "Feature", "properties": { "c": "cdss_pond", "n": "GREEN MOUNTAIN RESERVOIR", "d": "Decreed stock pond · WDID 3603543" }, "geometry": { "type": "Point", "coordinates": [ -106.33065, 39.87639 ] } },
{ "type": "Feature", "properties": { "c": "cdss_pond", "n": "GREEN MTN RES(CONTRACT)", "d": "Decreed stock pond · WDID 5004903" }, "geometry": { "type": "Point", "coordinates": [ -106.33328, 39.87793 ] } },
{ "type": "Feature", "properties": { "c": "nhd_spring", "n": "", "d": "USGS topo spring (may be dry)" }, "geometry": { "type": "Point", "coordinates": [ -106.42714, 39.87689 ] } },
{ "type": "Feature", "properties": { "c": "cdss_pond", "n": "GREEN MTN RES SILT GROUP", "d": "Decreed stock pond · WDID 3604909" }, "geometry": { "type": "Point", "coordinates": [ -106.33309, 39.87814 ] } },
{ "type": "Feature", "properties": { "c": "cdss_pond", "n": "GREEN MTN RES CONTRACT GROUP", "d": "Decreed stock pond · WDID 3604903" }, "geometry": { "type": "Point", "coordinates": [ -106.33305, 39.87821 ] } },
{ "type": "Feature", "properties": { "c": "cdss_pond", "n": "GREEN MTN RES (HUP)", "d": "Decreed stock pond · WDID 5004900" }, "geometry": { "type": "Point", "coordinates": [ -106.33306, 39.87825 ] } },
{ "type": "Feature", "properties": { "c": "cdss_pond", "n": "GREEN MOUNTAIN RESERVOIR EXCHANGE", "d": "Decreed stock pond · WDID 3603639" }, "geometry": { "type": "Point", "coordinates": [ -106.33253, 39.87846 ] } },
{ "type": "Feature", "properties": { "c": "cdss_pond", "n": "GREEN MTN RES (CBT POOL)", "d": "Decreed stock pond · WDID 5104919" }, "geometry": { "type": "Point", "coordinates": [ -106.33328, 39.8785 ] } },
{ "type": "Feature", "properties": { "c": "cdss_spring", "n": "SPRING CREEK RANCHERS HOA EXCHANGE", "d": "Decreed spring · WDID 3607902" }, "geometry": { "type": "Point", "coordinates": [ -106.33288, 39.8787 ] } },
{ "type": "Feature", "properties": { "c": "cdss_spring", "n": "SPRING CREEK RANCH AUG PLAN", "d": "Decreed spring · WDID 3607873" }, "geometry": { "type": "Point", "coordinates": [ -106.38102, 39.88675 ] } },
{ "type": "Feature", "properties": { "c": "cdss_pond", "n": "BASE CAMP AUGMENTATION POND", "d": "Decreed stock pond · WDID 3603516" }, "geometry": { "type": "Point", "coordinates": [ -106.38666, 39.8872 ] } },
{ "type": "Feature", "properties": { "c": "cdss_spring", "n": "SPRING CREEK RANCHERS COMMUNITY WELL", "d": "Decreed spring · WDID 3605417" }, "geometry": { "type": "Point", "coordinates": [ -106.38488, 39.88875 ] } },
{ "type": "Feature", "properties": { "c": "cdss_spring", "n": "SPRING CREEK RANCH DEPLETION REACH", "d": "Decreed spring · WDID 3609085" }, "geometry": { "type": "Point", "coordinates": [ -106.38492, 39.88875 ] } },
{ "type": "Feature", "properties": { "c": "cdss_spring", "n": "SPRING CREEK RANCHERS HOA DEPLETION REACH", "d": "Decreed spring · WDID 3609088" }, "geometry": { "type": "Point", "coordinates": [ -106.38486, 39.88876 ] } },
{ "type": "Feature", "properties": { "c": "cdss_spring", "n": "SPRING CREEK RANCHERS HOA AUG PLAN", "d": "Decreed spring · WDID 3607900" }, "geometry": { "type": "Point", "coordinates": [ -106.38491, 39.88882 ] } },
{ "type": "Feature", "properties": { "c": "cdss_spring", "n": "SPRING CREEK RANCH WELL 7", "d": "Decreed spring · WDID 3605200" }, "geometry": { "type": "Point", "coordinates": [ -106.37818, 39.89294 ] } },
{ "type": "Feature", "properties": { "c": "cdss_spring", "n": "SPRING CREEK RANCH WELL 5", "d": "Decreed spring · WDID 3605198" }, "geometry": { "type": "Point", "coordinates": [ -106.37809, 39.89294 ] } },
{ "type": "Feature", "properties": { "c": "cdss_spring", "n": "SPRING CREEK RANCH WELL 6", "d": "Decreed spring · WDID 3605199" }, "geometry": { "type": "Point", "coordinates": [ -106.36714, 39.89613 ] } },
{ "type": "Feature", "properties": { "c": "cdss_spring", "n": "SPRING CREEK RANCH SPRING 3", "d": "Decreed spring · WDID 3600958" }, "geometry": { "type": "Point", "coordinates": [ -106.37447, 39.89662 ] } },
{ "type": "Feature", "properties": { "c": "cdss_spring", "n": "SPRING CREEK RANCH SPRING 4", "d": "Decreed spring · WDID 3600959" }, "geometry": { "type": "Point", "coordinates": [ -106.38029, 39.89789 ] } },
{ "type": "Feature", "properties": { "c": "cdss_spring", "n": "MOSES SPRING NO 2", "d": "Decreed spring · WDID 3605374" }, "geometry": { "type": "Point", "coordinates": [ -106.30549, 39.9012 ] } },
{ "type": "Feature", "properties": { "c": "cdss_spring", "n": "MOSES SPRING NO 3", "d": "Decreed spring · WDID 3605375" }, "geometry": { "type": "Point", "coordinates": [ -106.3055, 39.90483 ] } },
{ "type": "Feature", "properties": { "c": "cdss_spring", "n": "SPRING CREEK RANCH WELL 4-R", "d": "Decreed spring · WDID 3605197" }, "geometry": { "type": "Point", "coordinates": [ -106.35564, 39.90476 ] } },
{ "type": "Feature", "properties": { "c": "cdss_spring", "n": "EAGLE PASS RANCH HDGT 4", "d": "Decreed spring · WDID 3601131" }, "geometry": { "type": "Point", "coordinates": [ -106.35744, 39.90478 ] } },
{ "type": "Feature", "properties": { "c": "cdss_spring", "n": "DOENZ POND", "d": "Decreed spring · WDID 3603674" }, "geometry": { "type": "Point", "coordinates": [ -106.40106, 39.90443 ] } },
{ "type": "Feature", "properties": { "c": "cdss_spring", "n": "DOENZ SPRING", "d": "Decreed spring · WDID 3605454" }, "geometry": { "type": "Point", "coordinates": [ -106.40134, 39.9045 ] } },
{ "type": "Feature", "properties": { "c": "cdss_spring", "n": "HOAGLAND CANAL (SOUTH SPRING)", "d": "Decreed spring · WDID 3601019" }, "geometry": { "type": "Point", "coordinates": [ -106.35711, 39.906 ] } },
{ "type": "Feature", "properties": { "c": "cdss_spring", "n": "LOWER SPRING", "d": "Decreed spring · WDID 3605455" }, "geometry": { "type": "Point", "coordinates": [ -106.4, 39.90559 ] } },
{ "type": "Feature", "properties": { "c": "cdss_spring", "n": "LOWER POND", "d": "Decreed spring · WDID 3603675" }, "geometry": { "type": "Point", "coordinates": [ -106.39981, 39.90594 ] } },
{ "type": "Feature", "properties": { "c": "cdss_spring", "n": "EQUESTRIAN FACILITY AUGMENTATION POND", "d": "Decreed spring · WDID 3603515" }, "geometry": { "type": "Point", "coordinates": [ -106.3753, 39.91031 ] } },
{ "type": "Feature", "properties": { "c": "cdss_spring", "n": "SPRING CREEK NO 2 DITCH", "d": "Decreed spring · WDID 3600821" }, "geometry": { "type": "Point", "coordinates": [ -106.36752, 39.91071 ] } },
{ "type": "Feature", "properties": { "c": "cdss_spring", "n": "SPRING CREEK RANCH SPRING 1", "d": "Decreed spring · WDID 3600956" }, "geometry": { "type": "Point", "coordinates": [ -106.37893, 39.91116 ] } },
{ "type": "Feature", "properties": { "c": "cdss_spring", "n": "SPRING CREEK NO 1 DITCH", "d": "Decreed spring · WDID 3600820" }, "geometry": { "type": "Point", "coordinates": [ -106.38194, 39.91118 ] } },
{ "type": "Feature", "properties": { "c": "cdss_spring", "n": "SPRING CREEK PIPELINE", "d": "Decreed spring · WDID 3600999" }, "geometry": { "type": "Point", "coordinates": [ -106.38279, 39.91121 ] } },
{ "type": "Feature", "properties": { "c": "cdss_spring", "n": "EAGLE PASS RANCH HDGT 5", "d": "Decreed spring · WDID 3601132" }, "geometry": { "type": "Point", "coordinates": [ -106.36213, 39.91206 ] } },
{ "type": "Feature", "properties": { "c": "cdss_spring", "n": "SPRING CREEK RANCH SPRING 2", "d": "Decreed spring · WDID 3600957" }, "geometry": { "type": "Point", "coordinates": [ -106.38915, 39.91178 ] } },
{ "type": "Feature", "properties": { "c": "cdss_spring", "n": "HOAGLAND CANAL (NORTH SPRING)", "d": "Decreed spring · WDID 3601048" }, "geometry": { "type": "Point", "coordinates": [ -106.36338, 39.91312 ] } },
{ "type": "Feature", "properties": { "c": "cdss_spring", "n": "SPRING CREEK NO 3 DITCH", "d": "Decreed spring · WDID 3600822" }, "geometry": { "type": "Point", "coordinates": [ -106.3623, 39.91368 ] } },
{ "type": "Feature", "properties": { "c": "cdss_spring", "n": "BELL DITCH HGT 2", "d": "Decreed spring · WDID 3601157" }, "geometry": { "type": "Point", "coordinates": [ -106.35127, 39.91577 ] } },
{ "type": "Feature", "properties": { "c": "cdss_spring", "n": "BELL DITCH", "d": "Decreed spring · WDID 3600517" }, "geometry": { "type": "Point", "coordinates": [ -106.35449, 39.91681 ] } },
{ "type": "Feature", "properties": { "c": "cdss_spring", "n": "BLAKESLY SPRING", "d": "Decreed spring · WDID 5205031" }, "geometry": { "type": "Point", "coordinates": [ -106.43984, 39.91607 ] } },
{ "type": "Feature", "properties": { "c": "cdss_spring", "n": "BELL NO 1 DITCH", "d": "Decreed spring · WDID 3600518" }, "geometry": { "type": "Point", "coordinates": [ -106.348, 39.91933 ] } },
{ "type": "Feature", "properties": { "c": "cdss_spring", "n": "ROAD GULCH SPRING", "d": "Decreed spring · WDID 5205032" }, "geometry": { "type": "Point", "coordinates": [ -106.44464, 39.91971 ] } },
{ "type": "Feature", "properties": { "c": "cdss_spring", "n": "BELL NO 2 DITCH", "d": "Decreed spring · WDID 3600519" }, "geometry": { "type": "Point", "coordinates": [ -106.34687, 39.92106 ] } },
{ "type": "Feature", "properties": { "c": "cdss_spring", "n": "HOAGLAND CANAL (SMITH CK)", "d": "Decreed spring · WDID 3601020" }, "geometry": { "type": "Point", "coordinates": [ -106.37642, 39.92639 ] } },
{ "type": "Feature", "properties": { "c": "cdss_spring", "n": "ZELLARS' SPRING", "d": "Decreed spring · WDID 3605415" }, "geometry": { "type": "Point", "coordinates": [ -106.33945, 39.93576 ] } },
{ "type": "Feature", "properties": { "c": "nhd_spring", "n": "", "d": "USGS topo spring (may be dry)" }, "geometry": { "type": "Point", "coordinates": [ -106.30843, 39.94422 ] } },
{ "type": "Feature", "properties": { "c": "cdss_spring", "n": "KING CREEK LOWER SPRING COLLECTION SYSTEM", "d": "Decreed spring · WDID 3605419" }, "geometry": { "type": "Point", "coordinates": [ -106.30815, 39.94423 ] } },
{ "type": "Feature", "properties": { "c": "cdss_spring", "n": "KING CREEK LOWER SPRING EXCHANGE", "d": "Decreed spring · WDID 3607583" }, "geometry": { "type": "Point", "coordinates": [ -106.30828, 39.94428 ] } },
{ "type": "Feature", "properties": { "c": "cdss_spring", "n": "BVR NO 1 SPG & COLL SYS", "d": "Decreed spring · WDID 3600891" }, "geometry": { "type": "Point", "coordinates": [ -106.30836, 39.94505 ] } },
{ "type": "Feature", "properties": { "c": "nhd_spring", "n": "", "d": "USGS topo spring (may be dry)" }, "geometry": { "type": "Point", "coordinates": [ -106.30837, 39.94527 ] } },
{ "type": "Feature", "properties": { "c": "cdss_spring", "n": "KING CREEK UPPER SPRING", "d": "Decreed spring · WDID 3605482" }, "geometry": { "type": "Point", "coordinates": [ -106.29713, 39.94591 ] } },
{ "type": "Feature", "properties": { "c": "cdss_pond", "n": "SKYLARK RESERVOIR", "d": "Decreed stock pond · WDID 5103696" }, "geometry": { "type": "Point", "coordinates": [ -106.15684, 39.92182 ] } },
{ "type": "Feature", "properties": { "c": "cdss_pond", "n": "DALE RESERVOIR", "d": "Decreed stock pond · WDID 5103656" }, "geometry": { "type": "Point", "coordinates": [ -106.17153, 39.92177 ] } },
{ "type": "Feature", "properties": { "c": "cdss_pond", "n": "MINIAT RESERVOIR NO 1", "d": "Decreed stock pond · WDID 5103533" }, "geometry": { "type": "Point", "coordinates": [ -106.21618, 39.92482 ] } },
{ "type": "Feature", "properties": { "c": "cdss_pond", "n": "DALE RESERVOIR NO 2", "d": "Decreed stock pond · WDID 5103753" }, "geometry": { "type": "Point", "coordinates": [ -106.17097, 39.92537 ] } },
{ "type": "Feature", "properties": { "c": "cdss_pond", "n": "NEWBERRY POND", "d": "Decreed stock pond · WDID 5103502" }, "geometry": { "type": "Point", "coordinates": [ -106.13007, 39.9265 ] } },
{ "type": "Feature", "properties": { "c": "cdss_pond", "n": "COLE RESERVOIR", "d": "Decreed stock pond · WDID 5103654" }, "geometry": { "type": "Point", "coordinates": [ -106.17469, 39.93364 ] } },
{ "type": "Feature", "properties": { "c": "cdss_pond", "n": "ASPEN CANYON RANCH POND 1", "d": "Decreed stock pond · WDID 5104060" }, "geometry": { "type": "Point", "coordinates": [ -106.13688, 39.93578 ] } },
{ "type": "Feature", "properties": { "c": "cdss_pond", "n": "GREENWOOD RESERVOIR", "d": "Decreed stock pond · WDID 5103662" }, "geometry": { "type": "Point", "coordinates": [ -106.12277, 39.945 ] } },
{ "type": "Feature", "properties": { "c": "cdss_pond", "n": "SPACEK RESERVOIR", "d": "Decreed stock pond · WDID 5103697" }, "geometry": { "type": "Point", "coordinates": [ -106.21368, 39.94496 ] } },
{ "type": "Feature", "properties": { "c": "cdss_pond", "n": "GRAND CREEK RANCH RESERVOIR UPPER", "d": "Decreed stock pond · WDID 5103603" }, "geometry": { "type": "Point", "coordinates": [ -106.14785, 39.94874 ] } },
{ "type": "Feature", "properties": { "c": "cdss_spring", "n": "SPRING BRANCH WELL NO. 6", "d": "Decreed spring · WDID 5106043" }, "geometry": { "type": "Point", "coordinates": [ -105.87766, 39.94395 ] } },
{ "type": "Feature", "properties": { "c": "cdss_spring", "n": "SPRING BRANCH WELL NO. 7", "d": "Decreed spring · WDID 5106044" }, "geometry": { "type": "Point", "coordinates": [ -105.87766, 39.94395 ] } },
{ "type": "Feature", "properties": { "c": "cdss_spring", "n": "SPRING BRANCH WELL NO. 1", "d": "Decreed spring · WDID 5106047" }, "geometry": { "type": "Point", "coordinates": [ -105.87766, 39.94395 ] } },
{ "type": "Feature", "properties": { "c": "cdss_spring", "n": "SPRING BRANCH WELL NO. 4", "d": "Decreed spring · WDID 5106041" }, "geometry": { "type": "Point", "coordinates": [ -105.87766, 39.94395 ] } },
{ "type": "Feature", "properties": { "c": "cdss_spring", "n": "SPRING BRANCH WELL NO. 8", "d": "Decreed spring · WDID 5106045" }, "geometry": { "type": "Point", "coordinates": [ -105.87766, 39.94395 ] } },
{ "type": "Feature", "properties": { "c": "cdss_spring", "n": "SPRING BRANCH WELL NO. 5", "d": "Decreed spring · WDID 5106042" }, "geometry": { "type": "Point", "coordinates": [ -105.87766, 39.94395 ] } },
{ "type": "Feature", "properties": { "c": "cdss_pond", "n": "YOUNG LIFE POND NO 1", "d": "Decreed stock pond · WDID 5104033" }, "geometry": { "type": "Point", "coordinates": [ -105.89154, 39.94408 ] } },
{ "type": "Feature", "properties": { "c": "cdss_spring", "n": "SPRING BRANCH AUG ASSOCIATION DEPLETION REACH", "d": "Decreed spring · WDID 5109065" }, "geometry": { "type": "Point", "coordinates": [ -105.87185, 39.94494 ] } },
{ "type": "Feature", "properties": { "c": "cdss_spring", "n": "SPRING BRANCH WELL NO. 3", "d": "Decreed spring · WDID 5106040" }, "geometry": { "type": "Point", "coordinates": [ -105.87288, 39.94552 ] } },
{ "type": "Feature", "properties": { "c": "cdss_spring", "n": "SPRING BRANCH AUG ASSOCIATION PLAN", "d": "Decreed spring · WDID 5107387" }, "geometry": { "type": "Point", "coordinates": [ -105.87075, 39.94605 ] } },
{ "type": "Feature", "properties": { "c": "cdss_pond", "n": "IKE'S POND NO. 1", "d": "Decreed stock pond · WDID 5103613" }, "geometry": { "type": "Point", "coordinates": [ -105.82944, 39.94391 ] } },
{ "type": "Feature", "properties": { "c": "cdss_pond", "n": "VILLAGE LAKE AT WINTER PARK RANCH", "d": "Decreed stock pond · WDID 5103739" }, "geometry": { "type": "Point", "coordinates": [ -105.81001, 39.94436 ] } },
{ "type": "Feature", "properties": { "c": "cdss_pond", "n": "BYERS PEAK PROPERTIES POND SYSTEM EXPANSION", "d": "Decreed stock pond · WDID 5106125" }, "geometry": { "type": "Point", "coordinates": [ -105.82197, 39.94449 ] } },
{ "type": "Feature", "properties": { "c": "cdss_spring", "n": "TIMBERLINE WELL NO 2", "d": "Decreed spring · WDID 5105687" }, "geometry": { "type": "Point", "coordinates": [ -105.8668, 39.9455 ] } },
{ "type": "Feature", "properties": { "c": "cdss_spring", "n": "TIMBERLINE WELL NO. 1", "d": "Decreed spring · WDID 5105188" }, "geometry": { "type": "Point", "coordinates": [ -105.86693, 39.9459 ] } },
{ "type": "Feature", "properties": { "c": "cdss_pond", "n": "FRASER'S RIDGE POND", "d": "Decreed stock pond · WDID 5103643" }, "geometry": { "type": "Point", "coordinates": [ -105.82817, 39.94639 ] } },
{ "type": "Feature", "properties": { "c": "cdss_spring", "n": "HIGH MOUNTAIN LODGE WELL NO 1", "d": "Decreed spring · WDID 5105674" }, "geometry": { "type": "Point", "coordinates": [ -105.86611, 39.94647 ] } },
{ "type": "Feature", "properties": { "c": "cdss_spring", "n": "HIGH MOUNTAIN LODGE AUG DEPLETION REACH", "d": "Decreed spring · WDID 5109081" }, "geometry": { "type": "Point", "coordinates": [ -105.86612, 39.94651 ] } },
{ "type": "Feature", "properties": { "c": "cdss_pond", "n": "VILLAGE LAKE NO 2 AT WINTER PARK RANCH", "d": "Decreed stock pond · WDID 5103740" }, "geometry": { "type": "Point", "coordinates": [ -105.81238, 39.94694 ] } },
{ "type": "Feature", "properties": { "c": "cdss_spring", "n": "TIMBERLINE POND", "d": "Decreed spring · WDID 5103529" }, "geometry": { "type": "Point", "coordinates": [ -105.86713, 39.94667 ] } },
{ "type": "Feature", "properties": { "c": "cdss_pond", "n": "LITTLE BEAVER CREEK RESERVOIR", "d": "Decreed stock pond · WDID 5104045" }, "geometry": { "type": "Point", "coordinates": [ -105.76155, 39.94816 ] } },
{ "type": "Feature", "properties": { "c": "cdss_pond", "n": "SUN RIVER TOWNHOMES HOA POND", "d": "Decreed stock pond · WDID 5103764" }, "geometry": { "type": "Point", "coordinates": [ -105.81499, 39.94871 ] } },
{ "type": "Feature", "properties": { "c": "cdss_spring", "n": "TALLY HO SPRING NO 1", "d": "Decreed spring · WDID 5101143" }, "geometry": { "type": "Point", "coordinates": [ -105.86553, 39.94869 ] } },
{ "type": "Feature", "properties": { "c": "cdss_spring", "n": "TALLY HO SPRING NO 2", "d": "Decreed spring · WDID 5101144" }, "geometry": { "type": "Point", "coordinates": [ -105.86556, 39.9488 ] } },
{ "type": "Feature", "properties": { "c": "cdss_spring", "n": "HIGH MOUNTAIN LODGE POND NO 1", "d": "Decreed spring · WDID 5103524" }, "geometry": { "type": "Point", "coordinates": [ -105.86736, 39.9489 ] } },
{ "type": "Feature", "properties": { "c": "cdss_pond", "n": "JONES RANCH RESERVOIR NO 3", "d": "Decreed stock pond · WDID 5103762" }, "geometry": { "type": "Point", "coordinates": [ -105.8235, 39.94966 ] } },
{ "type": "Feature", "properties": { "c": "cdss_spring", "n": "MCKINNEY SPRING", "d": "Decreed spring · WDID 5105287" }, "geometry": { "type": "Point", "coordinates": [ -105.84786, 39.94985 ] } },
{ "type": "Feature", "properties": { "c": "cdss_spring", "n": "TIMBERLINE WELLS EXCHANGE", "d": "Decreed spring · WDID 5107477" }, "geometry": { "type": "Point", "coordinates": [ -105.86437, 39.95028 ] } },
{ "type": "Feature", "properties": { "c": "cdss_spring", "n": "TIMBERLINE WELLS AUG PLAN DEPLETION REACH", "d": "Decreed spring · WDID 5109092" }, "geometry": { "type": "Point", "coordinates": [ -105.86439, 39.95028 ] } },
{ "type": "Feature", "properties": { "c": "cdss_pond", "n": "TOWN OF FRASER POND", "d": "Decreed stock pond · WDID 5103763" }, "geometry": { "type": "Point", "coordinates": [ -105.81431, 39.95147 ] } },
{ "type": "Feature", "properties": { "c": "cdss_spring", "n": "SHUMWAY SPRING", "d": "Decreed spring · WDID 5105677" }, "geometry": { "type": "Point", "coordinates": [ -105.87075, 39.94605 ] } },
{ "type": "Feature", "properties": { "c": "cdss_pond", "n": "STOWELL PONDS AUG PLAN DEPLETION REACH", "d": "Decreed stock pond · WDID 5109082" }, "geometry": { "type": "Point", "coordinates": [ -105.87811, 39.94768 ] } },
{ "type": "Feature", "properties": { "c": "cdss_spring", "n": "SPRING BRANCH NO 2 DITCH 2ND AP", "d": "Decreed spring · WDID 5101399" }, "geometry": { "type": "Point", "coordinates": [ -105.87811, 39.94769 ] } },
{ "type": "Feature", "properties": { "c": "cdss_pond", "n": "SIMCOX RESERVOIR", "d": "Decreed stock pond · WDID 5103525" }, "geometry": { "type": "Point", "coordinates": [ -105.87466, 39.94811 ] } },
{ "type": "Feature", "properties": { "c": "cdss_spring", "n": "HIGH MOUNTAIN LODGE SPRING NO 1", "d": "Decreed spring · WDID 5105675" }, "geometry": { "type": "Point", "coordinates": [ -105.86879, 39.94831 ] } },
{ "type": "Feature", "properties": { "c": "cdss_spring", "n": "SPRING BRANCH NO 2 DITCH 1ST AP", "d": "Decreed spring · WDID 5101376" }, "geometry": { "type": "Point", "coordinates": [ -105.87687, 39.94838 ] } },
{ "type": "Feature", "properties": { "c": "cdss_spring", "n": "SPRING BRANCH NO 2 DITCH", "d": "Decreed spring · WDID 5101343" }, "geometry": { "type": "Point", "coordinates": [ -105.88002, 39.94908 ] } },
{ "type": "Feature", "properties": { "c": "cdss_spring", "n": "SPRING BRANCH NO 2 DITCH", "d": "Decreed spring · WDID 5100900" }, "geometry": { "type": "Point", "coordinates": [ -105.88029, 39.9491 ] } },
{ "type": "Feature", "properties": { "c": "cdss_spring", "n": "BIG SWING SPRING NO 1", "d": "Decreed spring · WDID 5101171" }, "geometry": { "type": "Point", "coordinates": [ -105.94069, 39.95914 ] } },
{ "type": "Feature", "properties": { "c": "cdss_spring", "n": "EMERALD SPRING", "d": "Decreed spring · WDID 5105841" }, "geometry": { "type": "Point", "coordinates": [ -105.89906, 39.96061 ] } },
{ "type": "Feature", "properties": { "c": "cdss_pond", "n": "RANCH CREEK RANCH POND WELL", "d": "Decreed stock pond · WDID 5106012" }, "geometry": { "type": "Point", "coordinates": [ -105.77151, 39.95331 ] } },
{ "type": "Feature", "properties": { "c": "cdss_spring", "n": "RANCH CREEK RANCH SPRING", "d": "Decreed spring · WDID 5101074" }, "geometry": { "type": "Point", "coordinates": [ -105.77122, 39.95331 ] } },
{ "type": "Feature", "properties": { "c": "cdss_pond", "n": "RANCH CREEK RANCH POND", "d": "Decreed stock pond · WDID 5103515" }, "geometry": { "type": "Point", "coordinates": [ -105.77169, 39.95366 ] } },
{ "type": "Feature", "properties": { "c": "cdss_spring", "n": "URBAN SPRING NO 1", "d": "Decreed spring · WDID 5101334" }, "geometry": { "type": "Point", "coordinates": [ -105.78107, 39.95494 ] } },
{ "type": "Feature", "properties": { "c": "cdss_pond", "n": "URBAN RESERVOIR", "d": "Decreed stock pond · WDID 5104061" }, "geometry": { "type": "Point", "coordinates": [ -105.78023, 39.95535 ] } },
{ "type": "Feature", "properties": { "c": "cdss_spring", "n": "URBAN SPRING NO 2", "d": "Decreed spring · WDID 5101335" }, "geometry": { "type": "Point", "coordinates": [ -105.7813, 39.95558 ] } },
{ "type": "Feature", "properties": { "c": "cdss_spring", "n": "URBAN SPRING NO 3", "d": "Decreed spring · WDID 5101336" }, "geometry": { "type": "Point", "coordinates": [ -105.78046, 39.95627 ] } },
{ "type": "Feature", "properties": { "c": "cdss_pond", "n": "JONES RANCH RESERVOIR NO 1", "d": "Decreed stock pond · WDID 5103760" }, "geometry": { "type": "Point", "coordinates": [ -105.8141, 39.95686 ] } },
{ "type": "Feature", "properties": { "c": "cdss_pond", "n": "FRASER VALLEY UPSTREAM RESERVOIR", "d": "Decreed stock pond · WDID 5103751" }, "geometry": { "type": "Point", "coordinates": [ -105.81519, 39.95885 ] } },
{ "type": "Feature", "properties": { "c": "cdss_pond", "n": "JONES RANCH RESERVOIR NO 2", "d": "Decreed stock pond · WDID 5103761" }, "geometry": { "type": "Point", "coordinates": [ -105.81371, 39.95918 ] } },
{ "type": "Feature", "properties": { "c": "cdss_pond", "n": "FVMRD IRRIGATION RESERVOIR", "d": "Decreed stock pond · WDID 5103633" }, "geometry": { "type": "Point", "coordinates": [ -105.82221, 39.95915 ] } },
{ "type": "Feature", "properties": { "c": "cdss_pond", "n": "MURPHY POND NO 1", "d": "Decreed stock pond · WDID 5103749" }, "geometry": { "type": "Point", "coordinates": [ -105.8671, 39.96178 ] } },
{ "type": "Feature", "properties": { "c": "cdss_pond", "n": "MOUNTAIN VALLEY RESERVOIR NO 1", "d": "Decreed stock pond · WDID 5103730" }, "geometry": { "type": "Point", "coordinates": [ -105.77841, 39.96414 ] } },
{ "type": "Feature", "properties": { "c": "cdss_spring", "n": "DEVILS THUMB RANCH SPRING", "d": "Decreed spring · WDID 5105833" }, "geometry": { "type": "Point", "coordinates": [ -105.78176, 39.9651 ] } },
{ "type": "Feature", "properties": { "c": "cdss_spring", "n": "INDIAN SPRINGS DIVERSION NO 1", "d": "Decreed spring · WDID 5101338" }, "geometry": { "type": "Point", "coordinates": [ -105.85301, 39.96478 ] } },
{ "type": "Feature", "properties": { "c": "cdss_pond", "n": "EAST POND", "d": "Decreed stock pond · WDID 5103571" }, "geometry": { "type": "Point", "coordinates": [ -105.77585, 39.96625 ] } },
{ "type": "Feature", "properties": { "c": "cdss_pond", "n": "WEST POND", "d": "Decreed stock pond · WDID 5103572" }, "geometry": { "type": "Point", "coordinates": [ -105.78074, 39.96633 ] } },
{ "type": "Feature", "properties": { "c": "cdss_pond", "n": "WEST POND IRRIGATION PUMP", "d": "Decreed stock pond · WDID 5101400" }, "geometry": { "type": "Point", "coordinates": [ -105.78189, 39.96661 ] } },
{ "type": "Feature", "properties": { "c": "cdss_spring", "n": "TRANMER SPRING", "d": "Decreed spring · WDID 5105592" }, "geometry": { "type": "Point", "coordinates": [ -105.84852, 39.96763 ] } },
{ "type": "Feature", "properties": { "c": "cdss_pond", "n": "MORROW GRAVEL POND NO 1", "d": "Decreed stock pond · WDID 5103595" }, "geometry": { "type": "Point", "coordinates": [ -105.84826, 39.96829 ] } },
{ "type": "Feature", "properties": { "c": "cdss_pond", "n": "EMERALD POND NO. 1", "d": "Decreed stock pond · WDID 5103573" }, "geometry": { "type": "Point", "coordinates": [ -105.89903, 39.96162 ] } },
{ "type": "Feature", "properties": { "c": "cdss_spring", "n": "SAMUELSON SPRING # 1", "d": "Decreed spring · WDID 5105658" }, "geometry": { "type": "Point", "coordinates": [ -105.87882, 39.96344 ] } },
{ "type": "Feature", "properties": { "c": "cdss_pond", "n": "SKUNK CREEK RESERVOIR NO 3", "d": "Decreed stock pond · WDID 5103530" }, "geometry": { "type": "Point", "coordinates": [ -105.89774, 39.96625 ] } },
{ "type": "Feature", "properties": { "c": "cdss_pond", "n": "ASHBACH RESERVOIR", "d": "Decreed stock pond · WDID 5103537" }, "geometry": { "type": "Point", "coordinates": [ -105.91071, 39.96653 ] } },
{ "type": "Feature", "properties": { "c": "cdss_pond", "n": "GRANDPA'S POND PUMP AND PIPELINE NO 1", "d": "Decreed stock pond · WDID 5101411" }, "geometry": { "type": "Point", "coordinates": [ -105.88586, 39.96699 ] } },
{ "type": "Feature", "properties": { "c": "cdss_pond", "n": "GRANDPAS POND", "d": "Decreed stock pond · WDID 5103622" }, "geometry": { "type": "Point", "coordinates": [ -105.88555, 39.96702 ] } },
{ "type": "Feature", "properties": { "c": "cdss_spring", "n": "KEENAN SPRING NO 1", "d": "Decreed spring · WDID 5101176" }, "geometry": { "type": "Point", "coordinates": [ -105.88249, 39.96719 ] } },
{ "type": "Feature", "properties": { "c": "cdss_pond", "n": "GRANDPA'S POND PUMP AND PIPELINE NO 2", "d": "Decreed stock pond · WDID 5101412" }, "geometry": { "type": "Point", "coordinates": [ -105.88494, 39.96724 ] } },
{ "type": "Feature", "properties": { "c": "cdss_spring", "n": "KEENAN SPRING NO 2", "d": "Decreed spring · WDID 5101177" }, "geometry": { "type": "Point", "coordinates": [ -105.88206, 39.96726 ] } },
{ "type": "Feature", "properties": { "c": "cdss_spring", "n": "KEENAN SPRING NO 3", "d": "Decreed spring · WDID 5101178" }, "geometry": { "type": "Point", "coordinates": [ -105.88135, 39.96733 ] } },
{ "type": "Feature", "properties": { "c": "cdss_spring", "n": "KEENAN SPRING NO 5", "d": "Decreed spring · WDID 5101180" }, "geometry": { "type": "Point", "coordinates": [ -105.8798, 39.96742 ] } },
{ "type": "Feature", "properties": { "c": "cdss_spring", "n": "KEENAN SPRING NO 4", "d": "Decreed spring · WDID 5101179" }, "geometry": { "type": "Point", "coordinates": [ -105.88021, 39.96744 ] } },
{ "type": "Feature", "properties": { "c": "cdss_pond", "n": "MCCOY PONDS AUGMENTATION PLAN", "d": "Decreed stock pond · WDID 5107036" }, "geometry": { "type": "Point", "coordinates": [ -105.87947, 39.96813 ] } },
{ "type": "Feature", "properties": { "c": "cdss_pond", "n": "MCCOY PONDS EXCHANGE DEPLETION REACH", "d": "Decreed stock pond · WDID 5109204" }, "geometry": { "type": "Point", "coordinates": [ -105.87947, 39.96813 ] } },
{ "type": "Feature", "properties": { "c": "cdss_pond", "n": "VALLEY AT WINTER PARK POND", "d": "Decreed stock pond · WDID 5103624" }, "geometry": { "type": "Point", "coordinates": [ -105.89098, 39.97243 ] } },
{ "type": "Feature", "properties": { "c": "cdss_pond", "n": "MCCOY POND NO 1", "d": "Decreed stock pond · WDID 5103535" }, "geometry": { "type": "Point", "coordinates": [ -105.88161, 39.97251 ] } },
{ "type": "Feature", "properties": { "c": "cdss_pond", "n": "MCCOY POND NO 2", "d": "Decreed stock pond · WDID 5103536" }, "geometry": { "type": "Point", "coordinates": [ -105.8799, 39.97262 ] } },
{ "type": "Feature", "properties": { "c": "cdss_spring", "n": "GRAVES NO 3 SPRING", "d": "Decreed spring · WDID 5101304" }, "geometry": { "type": "Point", "coordinates": [ -105.879, 39.97269 ] } },
{ "type": "Feature", "properties": { "c": "cdss_spring", "n": "MCCOY SPRING DITCH NO 3", "d": "Decreed spring · WDID 5101366" }, "geometry": { "type": "Point", "coordinates": [ -105.87647, 39.97326 ] } },
{ "type": "Feature", "properties": { "c": "cdss_pond", "n": "MCCOY POND NO. 3 AP-A", "d": "Decreed stock pond · WDID 5103548" }, "geometry": { "type": "Point", "coordinates": [ -105.87531, 39.97335 ] } },
{ "type": "Feature", "properties": { "c": "cdss_pond", "n": "STOWELL POND NO 2", "d": "Decreed stock pond · WDID 5103598" }, "geometry": { "type": "Point", "coordinates": [ -105.87035, 39.97373 ] } },
{ "type": "Feature", "properties": { "c": "cdss_pond", "n": "MCCOY POND NO. 3 AP-B", "d": "Decreed stock pond · WDID 5103549" }, "geometry": { "type": "Point", "coordinates": [ -105.87603, 39.9737 ] } },
{ "type": "Feature", "properties": { "c": "cdss_pond", "n": "STOWELL PONDS AUG PLAN", "d": "Decreed stock pond · WDID 5107547" }, "geometry": { "type": "Point", "coordinates": [ -105.87116, 39.97377 ] } },
{ "type": "Feature", "properties": { "c": "cdss_pond", "n": "STOWELL POND NO 1", "d": "Decreed stock pond · WDID 5103597" }, "geometry": { "type": "Point", "coordinates": [ -105.87107, 39.97388 ] } },
{ "type": "Feature", "properties": { "c": "cdss_pond", "n": "MCCOY POND NO 3", "d": "Decreed stock pond · WDID 5103547" }, "geometry": { "type": "Point", "coordinates": [ -105.87476, 39.97426 ] } },
{ "type": "Feature", "properties": { "c": "cdss_spring", "n": "WINTER PARK SPRING NO 1", "d": "Decreed spring · WDID 5101078" }, "geometry": { "type": "Point", "coordinates": [ -105.89158, 39.97495 ] } },
{ "type": "Feature", "properties": { "c": "cdss_pond", "n": "SNOW MOUNTAIN RES NO 1", "d": "Decreed stock pond · WDID 5103734" }, "geometry": { "type": "Point", "coordinates": [ -105.9377, 39.97472 ] } },
{ "type": "Feature", "properties": { "c": "cdss_spring", "n": "GRAVES NO 1 SPRING", "d": "Decreed spring · WDID 5101187" }, "geometry": { "type": "Point", "coordinates": [ -105.88081, 39.97597 ] } },
{ "type": "Feature", "properties": { "c": "cdss_spring", "n": "GRAVES NO 2 SPRING", "d": "Decreed spring · WDID 5101303" }, "geometry": { "type": "Point", "coordinates": [ -105.87971, 39.97633 ] } },
{ "type": "Feature", "properties": { "c": "cdss_pond", "n": "GAYLORD RESERVOIR", "d": "Decreed stock pond · WDID 5103732" }, "geometry": { "type": "Point", "coordinates": [ -105.93682, 39.9762 ] } },
{ "type": "Feature", "properties": { "c": "cdss_spring", "n": "MEADOW SPRINGS CREEK DITCH", "d": "Decreed spring · WDID 5101002" }, "geometry": { "type": "Point", "coordinates": [ -105.86719, 39.9711 ] } },
{ "type": "Feature", "properties": { "c": "cdss_spring", "n": "MEADOW SPRINGS RESERVOIR NO 2", "d": "Decreed spring · WDID 5103531" }, "geometry": { "type": "Point", "coordinates": [ -105.86691, 39.97162 ] } },
{ "type": "Feature", "properties": { "c": "cdss_spring", "n": "MEADOW SPRINGS RESERVOIR", "d": "Decreed spring · WDID 5104021" }, "geometry": { "type": "Point", "coordinates": [ -105.86311, 39.97208 ] } },
{ "type": "Feature", "properties": { "c": "cdss_spring", "n": "INDIAN SPRINGS DIVERSION NO 2", "d": "Decreed spring · WDID 5101339" }, "geometry": { "type": "Point", "coordinates": [ -105.85519, 39.97409 ] } },
{ "type": "Feature", "properties": { "c": "cdss_spring", "n": "INDIAN SPRINGS DIVERSION NO 3", "d": "Decreed spring · WDID 5101340" }, "geometry": { "type": "Point", "coordinates": [ -105.85621, 39.97727 ] } },
{ "type": "Feature", "properties": { "c": "cdss_pond", "n": "LGB POND", "d": "Decreed stock pond · WDID 5103540" }, "geometry": { "type": "Point", "coordinates": [ -105.86734, 39.97808 ] } },
{ "type": "Feature", "properties": { "c": "cdss_spring", "n": "DIXON SPRING NO 1", "d": "Decreed spring · WDID 5105370" }, "geometry": { "type": "Point", "coordinates": [ -105.78224, 39.97883 ] } },
{ "type": "Feature", "properties": { "c": "cdss_pond", "n": "DIXON NORTHROP RESERVOIR", "d": "Decreed stock pond · WDID 5103747" }, "geometry": { "type": "Point", "coordinates": [ -105.78446, 39.98109 ] } },
{ "type": "Feature", "properties": { "c": "cdss_spring", "n": "NORTHROP SPRING NO 2", "d": "Decreed spring · WDID 5105372" }, "geometry": { "type": "Point", "coordinates": [ -105.77944, 39.98282 ] } },
{ "type": "Feature", "properties": { "c": "cdss_spring", "n": "NORTHROP SPRING NO 1", "d": "Decreed spring · WDID 5105371" }, "geometry": { "type": "Point", "coordinates": [ -105.78085, 39.98382 ] } },
{ "type": "Feature", "properties": { "c": "cdss_spring", "n": "ARNOLD SPRING", "d": "Decreed spring · WDID 5205221" }, "geometry": { "type": "Point", "coordinates": [ -106.46091, 39.95826 ] } },
{ "type": "Feature", "properties": { "c": "cdss_spring", "n": "CYNTHIA SPRING", "d": "Decreed spring · WDID 5205190" }, "geometry": { "type": "Point", "coordinates": [ -106.46719, 39.96036 ] } },
{ "type": "Feature", "properties": { "c": "cdss_spring", "n": "KING CREEK LOWER/UPPER SPRING DEPLETION REACH", "d": "Decreed spring · WDID 3609102" }, "geometry": { "type": "Point", "coordinates": [ -106.29694, 39.94711 ] } },
{ "type": "Feature", "properties": { "c": "cdss_spring", "n": "HOWARD SPRING NO 1", "d": "Decreed spring · WDID 5101090" }, "geometry": { "type": "Point", "coordinates": [ -106.26055, 39.96128 ] } },
{ "type": "Feature", "properties": { "c": "cdss_pond", "n": "WAY RESERVOIR", "d": "Decreed stock pond · WDID 3603571" }, "geometry": { "type": "Point", "coordinates": [ -106.4144, 39.96349 ] } },
{ "type": "Feature", "properties": { "c": "cdss_pond", "n": "FRED H POND", "d": "Decreed stock pond · WDID 3603628" }, "geometry": { "type": "Point", "coordinates": [ -106.32395, 39.96617 ] } },
{ "type": "Feature", "properties": { "c": "cdss_spring", "n": "BENE GESSERIT SPRING", "d": "Decreed spring · WDID 5101025" }, "geometry": { "type": "Point", "coordinates": [ -106.28711, 39.96691 ] } },
{ "type": "Feature", "properties": { "c": "cdss_spring", "n": "MEYERS SPRING NO 1", "d": "Decreed spring · WDID 3600913" }, "geometry": { "type": "Point", "coordinates": [ -106.43729, 39.96571 ] } },
{ "type": "Feature", "properties": { "c": "cdss_spring", "n": "BREDANS SPRING", "d": "Decreed spring · WDID 5101027" }, "geometry": { "type": "Point", "coordinates": [ -106.26889, 39.96884 ] } },
{ "type": "Feature", "properties": { "c": "cdss_pond", "n": "MILLIGAN RESERVOIR", "d": "Decreed stock pond · WDID 3603661" }, "geometry": { "type": "Point", "coordinates": [ -106.32762, 39.96822 ] } },
{ "type": "Feature", "properties": { "c": "cdss_pond", "n": "BLUE VALLEY RANCH WEST POND SYSTEM", "d": "Decreed stock pond · WDID 3603519" }, "geometry": { "type": "Point", "coordinates": [ -106.36496, 39.96779 ] } },
{ "type": "Feature", "properties": { "c": "cdss_spring", "n": "MEYERS SPRING NO 2", "d": "Decreed spring · WDID 3600914" }, "geometry": { "type": "Point", "coordinates": [ -106.44541, 39.9673 ] } },
{ "type": "Feature", "properties": { "c": "cdss_pond", "n": "LANGHOLEN RESERVOIR", "d": "Decreed stock pond · WDID 5103679" }, "geometry": { "type": "Point", "coordinates": [ -106.18345, 39.94976 ] } },
{ "type": "Feature", "properties": { "c": "cdss_pond", "n": "ANDERSON RESERVOIR", "d": "Decreed stock pond · WDID 5103644" }, "geometry": { "type": "Point", "coordinates": [ -106.22959, 39.95415 ] } },
{ "type": "Feature", "properties": { "c": "cdss_spring", "n": "HANK SPRING NO 1", "d": "Decreed spring · WDID 5101087" }, "geometry": { "type": "Point", "coordinates": [ -106.25591, 39.95692 ] } },
{ "type": "Feature", "properties": { "c": "cdss_pond", "n": "GRAND CREEK RANCH RESERVOIR LOWER", "d": "Decreed stock pond · WDID 5103604" }, "geometry": { "type": "Point", "coordinates": [ -106.14927, 39.95902 ] } },
{ "type": "Feature", "properties": { "c": "cdss_pond", "n": "BULL RUN CREEK RESERVOIR", "d": "Decreed stock pond · WDID 5104006" }, "geometry": { "type": "Point", "coordinates": [ -106.20674, 39.96841 ] } },
{ "type": "Feature", "properties": { "c": "cdss_spring", "n": "LEWIS SPRING NO 2", "d": "Decreed spring · WDID 5105402" }, "geometry": { "type": "Point", "coordinates": [ -106.12889, 39.97019 ] } },
{ "type": "Feature", "properties": { "c": "cdss_pond", "n": "ROBINSON SWAN DITCH NO 1 POND 2", "d": "Decreed stock pond · WDID 5104027" }, "geometry": { "type": "Point", "coordinates": [ -106.15732, 39.97135 ] } },
{ "type": "Feature", "properties": { "c": "cdss_spring", "n": "LEWIS SPRING NO 1", "d": "Decreed spring · WDID 5105401" }, "geometry": { "type": "Point", "coordinates": [ -106.12768, 39.97188 ] } },
{ "type": "Feature", "properties": { "c": "cdss_pond", "n": "ROBINSON SWAN DITCH NO 1 POND 1", "d": "Decreed stock pond · WDID 5104025" }, "geometry": { "type": "Point", "coordinates": [ -106.15757, 39.97161 ] } },
{ "type": "Feature", "properties": { "c": "cdss_spring", "n": "SPRINGDALE RESERVOIR", "d": "Decreed spring · WDID 5103698" }, "geometry": { "type": "Point", "coordinates": [ -106.23963, 39.97141 ] } },
{ "type": "Feature", "properties": { "c": "cdss_pond", "n": "BUMGARNER RESERVOIR", "d": "Decreed stock pond · WDID 3603537" }, "geometry": { "type": "Point", "coordinates": [ -106.43926, 39.96807 ] } },
{ "type": "Feature", "properties": { "c": "cdss_pond", "n": "POND DITCH", "d": "Decreed stock pond · WDID 3601119" }, "geometry": { "type": "Point", "coordinates": [ -106.36288, 39.96955 ] } },
{ "type": "Feature", "properties": { "c": "cdss_spring", "n": "SCHAKE SPRING NO 4", "d": "Decreed spring · WDID 3605234" }, "geometry": { "type": "Point", "coordinates": [ -106.32896, 39.97036 ] } },
{ "type": "Feature", "properties": { "c": "cdss_spring", "n": "SCHAKE SPRING NO 1", "d": "Decreed spring · WDID 3605233" }, "geometry": { "type": "Point", "coordinates": [ -106.33096, 39.97041 ] } },
{ "type": "Feature", "properties": { "c": "cdss_spring", "n": "COX SPRING", "d": "Decreed spring · WDID 3600896" }, "geometry": { "type": "Point", "coordinates": [ -106.42953, 39.96952 ] } },
{ "type": "Feature", "properties": { "c": "nhd_spring", "n": "", "d": "USGS topo spring (may be dry)" }, "geometry": { "type": "Point", "coordinates": [ -106.39494, 39.97179 ] } },
{ "type": "Feature", "properties": { "c": "cdss_spring", "n": "SCHAKE SPRING NO 3", "d": "Decreed spring · WDID 3605236" }, "geometry": { "type": "Point", "coordinates": [ -106.32415, 39.97403 ] } },
{ "type": "Feature", "properties": { "c": "cdss_spring", "n": "SCHAKE SPRING NO 2", "d": "Decreed spring · WDID 3605235" }, "geometry": { "type": "Point", "coordinates": [ -106.32415, 39.97403 ] } },
{ "type": "Feature", "properties": { "c": "nhd_spring", "n": "", "d": "USGS topo spring (may be dry)" }, "geometry": { "type": "Point", "coordinates": [ -106.41015, 39.97327 ] } },
{ "type": "Feature", "properties": { "c": "cdss_spring", "n": "CARPENTER SPRING", "d": "Decreed spring · WDID 3600892" }, "geometry": { "type": "Point", "coordinates": [ -106.42902, 39.9787 ] } },
{ "type": "Feature", "properties": { "c": "cdss_spring", "n": "SPRINGDALE DITCH", "d": "Decreed spring · WDID 5100901" }, "geometry": { "type": "Point", "coordinates": [ -106.23913, 39.9716 ] } },
{ "type": "Feature", "properties": { "c": "cdss_spring", "n": "HENDERSON SPRING NO 1", "d": "Decreed spring · WDID 5105458" }, "geometry": { "type": "Point", "coordinates": [ -106.22802, 39.97174 ] } },
{ "type": "Feature", "properties": { "c": "cdss_spring", "n": "SUMMY SPRING", "d": "Decreed spring · WDID 5105422" }, "geometry": { "type": "Point", "coordinates": [ -106.23098, 39.97768 ] } },
{ "type": "Feature", "properties": { "c": "cdss_spring", "n": "LEWIS POND SPRING", "d": "Decreed spring · WDID 5105400" }, "geometry": { "type": "Point", "coordinates": [ -106.14325, 39.97953 ] } },
{ "type": "Feature", "properties": { "c": "cdss_pond", "n": "LEWIS POND IMPOUNDMENT", "d": "Decreed stock pond · WDID 5103748" }, "geometry": { "type": "Point", "coordinates": [ -106.14593, 39.97981 ] } },
{ "type": "Feature", "properties": { "c": "cdss_pond", "n": "ROBINSON SWAN DITCH NO 2 POND 1", "d": "Decreed stock pond · WDID 5104026" }, "geometry": { "type": "Point", "coordinates": [ -106.16222, 39.97993 ] } },
{ "type": "Feature", "properties": { "c": "cdss_pond", "n": "ROBINSON SWAN DITCH NO 2 POND 2", "d": "Decreed stock pond · WDID 5104028" }, "geometry": { "type": "Point", "coordinates": [ -106.16259, 39.98017 ] } },
{ "type": "Feature", "properties": { "c": "cdss_pond", "n": "GREGERSON RESERVOIR", "d": "Decreed stock pond · WDID 5103663" }, "geometry": { "type": "Point", "coordinates": [ -106.21741, 39.9802 ] } },
{ "type": "Feature", "properties": { "c": "cdss_pond", "n": "ROBINSON SWAN DITCH NO 2 POND 3", "d": "Decreed stock pond · WDID 5104029" }, "geometry": { "type": "Point", "coordinates": [ -106.16266, 39.98097 ] } },
{ "type": "Feature", "properties": { "c": "cdss_pond", "n": "JOHNSON RESERVOIR", "d": "Decreed stock pond · WDID 5103677" }, "geometry": { "type": "Point", "coordinates": [ -106.25374, 39.98151 ] } },
{ "type": "Feature", "properties": { "c": "cdss_pond", "n": "HOCKETT RESERVOIR", "d": "Decreed stock pond · WDID 5103666" }, "geometry": { "type": "Point", "coordinates": [ -106.29492, 39.98055 ] } },
{ "type": "Feature", "properties": { "c": "cdss_spring", "n": "BEAR TRAP SPRING", "d": "Decreed spring · WDID 3600883" }, "geometry": { "type": "Point", "coordinates": [ -106.44563, 39.98251 ] } },
{ "type": "Feature", "properties": { "c": "cdss_spring", "n": "EAGLE PASS RANCH SPRING NO 2", "d": "Decreed spring · WDID 3605391" }, "geometry": { "type": "Point", "coordinates": [ -106.3801, 39.98611 ] } },
{ "type": "Feature", "properties": { "c": "cdss_pond", "n": "TROUGH VALLEY RESERVOIR", "d": "Decreed stock pond · WDID 3603637" }, "geometry": { "type": "Point", "coordinates": [ -106.44103, 39.98568 ] } },
{ "type": "Feature", "properties": { "c": "nhd_spring", "n": "", "d": "USGS topo spring (may be dry)" }, "geometry": { "type": "Point", "coordinates": [ -106.39922, 39.98722 ] } },
{ "type": "Feature", "properties": { "c": "cdss_spring", "n": "SAN TOY SPRING NO 2", "d": "Decreed spring · WDID 3600921" }, "geometry": { "type": "Point", "coordinates": [ -106.43446, 39.99068 ] } },
{ "type": "Feature", "properties": { "c": "cdss_pond", "n": "GRIGGS RESERVOIR NO 2", "d": "Decreed stock pond · WDID 3603545" }, "geometry": { "type": "Point", "coordinates": [ -106.38537, 39.99223 ] } },
{ "type": "Feature", "properties": { "c": "cdss_spring", "n": "REEDER CREEK SPRING NO 2", "d": "Decreed spring · WDID 5105792" }, "geometry": { "type": "Point", "coordinates": [ -106.26172, 39.99436 ] } },
{ "type": "Feature", "properties": { "c": "cdss_pond", "n": "GRIGGS RESERVOIR NO 7", "d": "Decreed stock pond · WDID 3603582" }, "geometry": { "type": "Point", "coordinates": [ -106.38399, 39.99298 ] } },
{ "type": "Feature", "properties": { "c": "cdss_pond", "n": "GRIGGS RESERVOIR NO 6", "d": "Decreed stock pond · WDID 3603581" }, "geometry": { "type": "Point", "coordinates": [ -106.38268, 39.99425 ] } },
{ "type": "Feature", "properties": { "c": "cdss_pond", "n": "JONES RESERVOIR", "d": "Decreed stock pond · WDID 3603549" }, "geometry": { "type": "Point", "coordinates": [ -106.45792, 39.97951 ] } },
{ "type": "Feature", "properties": { "c": "cdss_pond", "n": "TROUGH VALLEY RESERVOIR", "d": "Decreed stock pond · WDID 5203958" }, "geometry": { "type": "Point", "coordinates": [ -106.46894, 39.99433 ] } },
{ "type": "Feature", "properties": { "c": "cdss_pond", "n": "SYLVAN RESERVOIR", "d": "Decreed stock pond · WDID 5103701" }, "geometry": { "type": "Point", "coordinates": [ -106.12146, 39.98317 ] } },
{ "type": "Feature", "properties": { "c": "cdss_pond", "n": "ROBINSON SWAN DITCH NO 2 POND 4", "d": "Decreed stock pond · WDID 5104030" }, "geometry": { "type": "Point", "coordinates": [ -106.1641, 39.98392 ] } },
{ "type": "Feature", "properties": { "c": "cdss_spring", "n": "LEWIS SPRING NO 3", "d": "Decreed spring · WDID 5105403" }, "geometry": { "type": "Point", "coordinates": [ -106.14999, 39.98482 ] } },
{ "type": "Feature", "properties": { "c": "cdss_pond", "n": "CARL RESERVOIR", "d": "Decreed stock pond · WDID 5103506" }, "geometry": { "type": "Point", "coordinates": [ -106.24687, 39.9851 ] } },
{ "type": "Feature", "properties": { "c": "cdss_pond", "n": "TRAVIS RESERVOIR", "d": "Decreed stock pond · WDID 5103508" }, "geometry": { "type": "Point", "coordinates": [ -106.25492, 39.98607 ] } },
{ "type": "Feature", "properties": { "c": "cdss_spring", "n": "BALEY SPRING", "d": "Decreed spring · WDID 5105495" }, "geometry": { "type": "Point", "coordinates": [ -106.23264, 39.98691 ] } },
{ "type": "Feature", "properties": { "c": "cdss_pond", "n": "SAMUEL RESERVOIR", "d": "Decreed stock pond · WDID 5103507" }, "geometry": { "type": "Point", "coordinates": [ -106.24848, 39.98845 ] } },
{ "type": "Feature", "properties": { "c": "cdss_pond", "n": "DUNBAR RESERVOIR", "d": "Decreed stock pond · WDID 5103765" }, "geometry": { "type": "Point", "coordinates": [ -106.23445, 39.989 ] } },
{ "type": "Feature", "properties": { "c": "cdss_pond", "n": "GUSTAFSON RESERVOIR", "d": "Decreed stock pond · WDID 5103664" }, "geometry": { "type": "Point", "coordinates": [ -106.236, 39.99598 ] } },
{ "type": "Feature", "properties": { "c": "cdss_spring", "n": "HERMOSA SPRING", "d": "Decreed spring · WDID 5105520" }, "geometry": { "type": "Point", "coordinates": [ -106.14077, 40.00462 ] } },
{ "type": "Feature", "properties": { "c": "cdss_pond", "n": "GRIGGS RESERVOIR NO 5", "d": "Decreed stock pond · WDID 3603580" }, "geometry": { "type": "Point", "coordinates": [ -106.38228, 39.99482 ] } },
{ "type": "Feature", "properties": { "c": "nhd_spring", "n": "", "d": "USGS topo spring (may be dry)" }, "geometry": { "type": "Point", "coordinates": [ -106.4135, 39.99465 ] } },
{ "type": "Feature", "properties": { "c": "cdss_pond", "n": "BLUE VALLEY RANCH EAST POND SYSTEM", "d": "Decreed stock pond · WDID 3603518" }, "geometry": { "type": "Point", "coordinates": [ -106.36879, 39.99615 ] } },
{ "type": "Feature", "properties": { "c": "nhd_spring", "n": "", "d": "USGS topo spring (may be dry)" }, "geometry": { "type": "Point", "coordinates": [ -106.34445, 39.99653 ] } },
{ "type": "Feature", "properties": { "c": "cdss_spring", "n": "SAN TOY SPRING NO 1", "d": "Decreed spring · WDID 3600920" }, "geometry": { "type": "Point", "coordinates": [ -106.43805, 39.99599 ] } },
{ "type": "Feature", "properties": { "c": "cdss_pond", "n": "GRIGGS RESERVOIR", "d": "Decreed stock pond · WDID 3603544" }, "geometry": { "type": "Point", "coordinates": [ -106.38129, 39.99687 ] } },
{ "type": "Feature", "properties": { "c": "cdss_spring", "n": "REEDER CREEK SPRING NO 1", "d": "Decreed spring · WDID 5105791" }, "geometry": { "type": "Point", "coordinates": [ -106.26232, 39.99836 ] } },
{ "type": "Feature", "properties": { "c": "cdss_pond", "n": "GRIGGS RESERVOIR NO 3", "d": "Decreed stock pond · WDID 3603578" }, "geometry": { "type": "Point", "coordinates": [ -106.38639, 39.99705 ] } },
{ "type": "Feature", "properties": { "c": "cdss_pond", "n": "EBY RESERVOIR", "d": "Decreed stock pond · WDID 5103658" }, "geometry": { "type": "Point", "coordinates": [ -106.29207, 39.99815 ] } },
{ "type": "Feature", "properties": { "c": "cdss_spring", "n": "EAGLE PASS RANCH SPRING NO 1", "d": "Decreed spring · WDID 3605390" }, "geometry": { "type": "Point", "coordinates": [ -106.37669, 39.99843 ] } },
{ "type": "Feature", "properties": { "c": "cdss_pond", "n": "GRIGGS RESERVOIR NO 4", "d": "Decreed stock pond · WDID 3603579" }, "geometry": { "type": "Point", "coordinates": [ -106.38166, 39.99862 ] } },
{ "type": "Feature", "properties": { "c": "cdss_spring", "n": "YUST SPRING NO 1", "d": "Decreed spring · WDID 3600935" }, "geometry": { "type": "Point", "coordinates": [ -106.39048, 40.00214 ] } },
{ "type": "Feature", "properties": { "c": "nhd_spring", "n": "", "d": "USGS topo spring (may be dry)" }, "geometry": { "type": "Point", "coordinates": [ -106.39032, 40.00291 ] } },
{ "type": "Feature", "properties": { "c": "cdss_pond", "n": "THOMAS RESERVOIR", "d": "Decreed stock pond · WDID 5103702" }, "geometry": { "type": "Point", "coordinates": [ -106.32797, 40.00548 ] } },
{ "type": "Feature", "properties": { "c": "cdss_pond", "n": "MOORE RESERVOIR", "d": "Decreed stock pond · WDID 3603705" }, "geometry": { "type": "Point", "coordinates": [ -106.32628, 40.00583 ] } },
{ "type": "Feature", "properties": { "c": "cdss_pond", "n": "MOORE RESERVOIR", "d": "Decreed stock pond · WDID 5103687" }, "geometry": { "type": "Point", "coordinates": [ -106.32628, 40.00583 ] } },
{ "type": "Feature", "properties": { "c": "cdss_spring", "n": "FISH SPRING (CHARCO SPR)", "d": "Decreed spring · WDID 3605403" }, "geometry": { "type": "Point", "coordinates": [ -106.34708, 40.01164 ] } },
{ "type": "Feature", "properties": { "c": "cdss_spring", "n": "ALAMEDA SPRING NO 1", "d": "Decreed spring · WDID 3605404" }, "geometry": { "type": "Point", "coordinates": [ -106.33284, 40.01236 ] } },
{ "type": "Feature", "properties": { "c": "cdss_spring", "n": "JUNCTION BUTTE WILDLIFE AREA SPRING NO 2", "d": "Decreed spring · WDID 3605451" }, "geometry": { "type": "Point", "coordinates": [ -106.35103, 40.01477 ] } },
{ "type": "Feature", "properties": { "c": "cdss_spring", "n": "ALAMEDA SPRING NO 3", "d": "Decreed spring · WDID 3605406" }, "geometry": { "type": "Point", "coordinates": [ -106.33295, 40.01554 ] } },
{ "type": "Feature", "properties": { "c": "nhd_spring", "n": "", "d": "USGS topo spring (may be dry)" }, "geometry": { "type": "Point", "coordinates": [ -108.44595, 39.67136 ] } },
{ "type": "Feature", "properties": { "c": "nhd_spring", "n": "", "d": "USGS topo spring (may be dry)" }, "geometry": { "type": "Point", "coordinates": [ -108.47017, 39.6797 ] } },
{ "type": "Feature", "properties": { "c": "cdss_spring", "n": "MOBIL SPRING NO 42", "d": "Decreed spring · WDID 7005042" }, "geometry": { "type": "Point", "coordinates": [ -108.46855, 39.6813 ] } },
{ "type": "Feature", "properties": { "c": "nhd_spring", "n": "", "d": "USGS topo spring (may be dry)" }, "geometry": { "type": "Point", "coordinates": [ -108.47597, 39.68538 ] } },
{ "type": "Feature", "properties": { "c": "nhd_spring", "n": "", "d": "USGS topo spring (may be dry)" }, "geometry": { "type": "Point", "coordinates": [ -108.4318, 39.68683 ] } },
{ "type": "Feature", "properties": { "c": "nhd_spring", "n": "", "d": "USGS topo spring (may be dry)" }, "geometry": { "type": "Point", "coordinates": [ -108.47895, 39.68814 ] } },
{ "type": "Feature", "properties": { "c": "nhd_spring", "n": "", "d": "USGS topo spring (may be dry)" }, "geometry": { "type": "Point", "coordinates": [ -108.43187, 39.69302 ] } },
{ "type": "Feature", "properties": { "c": "cdss_spring", "n": "MOBIL SPRING NO. 6", "d": "Decreed spring · WDID 4301870" }, "geometry": { "type": "Point", "coordinates": [ -108.48438, 39.71498 ] } },
{ "type": "Feature", "properties": { "c": "nhd_spring", "n": "", "d": "USGS topo spring (may be dry)" }, "geometry": { "type": "Point", "coordinates": [ -108.48459, 39.71498 ] } },
{ "type": "Feature", "properties": { "c": "nhd_spring", "n": "Figure Four Spring", "d": "USGS topo spring (may be dry)" }, "geometry": { "type": "Point", "coordinates": [ -108.48676, 39.71543 ] } },
{ "type": "Feature", "properties": { "c": "cdss_spring", "n": "BLM SPRING 185-15", "d": "Decreed spring · WDID 4302506" }, "geometry": { "type": "Point", "coordinates": [ -108.38257, 39.70122 ] } },
{ "type": "Feature", "properties": { "c": "cdss_spring", "n": "MJB SPG NO 2 & POND", "d": "Decreed spring · WDID 4301548" }, "geometry": { "type": "Point", "coordinates": [ -108.41088, 39.70223 ] } },
{ "type": "Feature", "properties": { "c": "cdss_spring", "n": "BLM SPRING 185-16", "d": "Decreed spring · WDID 4301337" }, "geometry": { "type": "Point", "coordinates": [ -108.3628, 39.70397 ] } },
{ "type": "Feature", "properties": { "c": "nhd_spring", "n": "", "d": "USGS topo spring (may be dry)" }, "geometry": { "type": "Point", "coordinates": [ -108.40851, 39.70498 ] } },
{ "type": "Feature", "properties": { "c": "cdss_spring", "n": "BLM SPRING 184-12", "d": "Decreed spring · WDID 4302500" }, "geometry": { "type": "Point", "coordinates": [ -108.4203, 39.71555 ] } },
{ "type": "Feature", "properties": { "c": "cdss_spring", "n": "BLM SPRING 184-22", "d": "Decreed spring · WDID 4302505" }, "geometry": { "type": "Point", "coordinates": [ -108.42522, 39.72025 ] } },
{ "type": "Feature", "properties": { "c": "cdss_spring", "n": "BLM SPRING 184-21", "d": "Decreed spring · WDID 4302504" }, "geometry": { "type": "Point", "coordinates": [ -108.42034, 39.72138 ] } },
{ "type": "Feature", "properties": { "c": "cdss_spring", "n": "BLM SPRING 184-17", "d": "Decreed spring · WDID 4302502" }, "geometry": { "type": "Point", "coordinates": [ -108.41955, 39.72281 ] } },
{ "type": "Feature", "properties": { "c": "cdss_spring", "n": "BLM SPRING 184-20", "d": "Decreed spring · WDID 4302503" }, "geometry": { "type": "Point", "coordinates": [ -108.41724, 39.72382 ] } },
{ "type": "Feature", "properties": { "c": "cdss_spring", "n": "TRACT C-A S-585", "d": "Decreed spring · WDID 4301703" }, "geometry": { "type": "Point", "coordinates": [ -108.40012, 39.74767 ] } },
{ "type": "Feature", "properties": { "c": "cdss_spring", "n": "LOUIS SPG NO 1 & POND", "d": "Decreed spring · WDID 4301539" }, "geometry": { "type": "Point", "coordinates": [ -108.28316, 39.69078 ] } },
{ "type": "Feature", "properties": { "c": "cdss_spring", "n": "BLM SPRING 185-38", "d": "Decreed spring · WDID 4301195" }, "geometry": { "type": "Point", "coordinates": [ -108.27542, 39.69543 ] } },
{ "type": "Feature", "properties": { "c": "cdss_spring", "n": "BLM SPRING 185-45", "d": "Decreed spring · WDID 4301752" }, "geometry": { "type": "Point", "coordinates": [ -108.32735, 39.69523 ] } },
{ "type": "Feature", "properties": { "c": "cdss_spring", "n": "BLM SPRING 185-44", "d": "Decreed spring · WDID 4301751" }, "geometry": { "type": "Point", "coordinates": [ -108.31717, 39.69679 ] } },
{ "type": "Feature", "properties": { "c": "cdss_spring", "n": "BLM SPRING 185-17", "d": "Decreed spring · WDID 4302507" }, "geometry": { "type": "Point", "coordinates": [ -108.33071, 39.69681 ] } },
{ "type": "Feature", "properties": { "c": "cdss_spring", "n": "BLM SPRING 185-52", "d": "Decreed spring · WDID 4302510" }, "geometry": { "type": "Point", "coordinates": [ -108.31346, 39.69761 ] } },
{ "type": "Feature", "properties": { "c": "cdss_spring", "n": "BLM SPRING 185-50", "d": "Decreed spring · WDID 4301753" }, "geometry": { "type": "Point", "coordinates": [ -108.31375, 39.69933 ] } },
{ "type": "Feature", "properties": { "c": "cdss_spring", "n": "BLM SPRING 185-41", "d": "Decreed spring · WDID 4301750" }, "geometry": { "type": "Point", "coordinates": [ -108.30152, 39.70285 ] } },
{ "type": "Feature", "properties": { "c": "cdss_pond", "n": "EXXON HUNTER CREEK RESERVOIR", "d": "Decreed stock pond · WDID 4303775" }, "geometry": { "type": "Point", "coordinates": [ -108.32135, 39.75771 ] } },
{ "type": "Feature", "properties": { "c": "cdss_spring", "n": "TRACT C-A S-492", "d": "Decreed spring · WDID 4301714" }, "geometry": { "type": "Point", "coordinates": [ -108.31608, 39.76392 ] } },
{ "type": "Feature", "properties": { "c": "cdss_spring", "n": "FIGURE FOUR SPRING", "d": "Decreed spring · WDID 4301861" }, "geometry": { "type": "Point", "coordinates": [ -108.4867, 39.71565 ] } },
{ "type": "Feature", "properties": { "c": "cdss_pond", "n": "FIGURE FOUR RES", "d": "Decreed stock pond · WDID 4304252" }, "geometry": { "type": "Point", "coordinates": [ -108.48381, 39.71796 ] } },
{ "type": "Feature", "properties": { "c": "cdss_spring", "n": "BLM SPRING 184-13", "d": "Decreed spring · WDID 4301406" }, "geometry": { "type": "Point", "coordinates": [ -108.43917, 39.72116 ] } },
{ "type": "Feature", "properties": { "c": "cdss_spring", "n": "MOBIL SPRING NO. 3", "d": "Decreed spring · WDID 4301858" }, "geometry": { "type": "Point", "coordinates": [ -108.43813, 39.72367 ] } },
{ "type": "Feature", "properties": { "c": "cdss_spring", "n": "MOBIL SPRING #30", "d": "Decreed spring · WDID 4301058" }, "geometry": { "type": "Point", "coordinates": [ -108.49232, 39.72408 ] } },
{ "type": "Feature", "properties": { "c": "cdss_spring", "n": "MOBIL SPRING NO. 5", "d": "Decreed spring · WDID 4301860" }, "geometry": { "type": "Point", "coordinates": [ -108.46533, 39.72664 ] } },
{ "type": "Feature", "properties": { "c": "cdss_spring", "n": "BLM SPRING 184-18", "d": "Decreed spring · WDID 4301418" }, "geometry": { "type": "Point", "coordinates": [ -108.43939, 39.72876 ] } },
{ "type": "Feature", "properties": { "c": "cdss_spring", "n": "BLM SPRING 184-14", "d": "Decreed spring · WDID 4302501" }, "geometry": { "type": "Point", "coordinates": [ -108.44278, 39.73197 ] } },
{ "type": "Feature", "properties": { "c": "cdss_spring", "n": "MOBIL SPRING NO. 2", "d": "Decreed spring · WDID 4301857" }, "geometry": { "type": "Point", "coordinates": [ -108.45381, 39.7394 ] } },
{ "type": "Feature", "properties": { "c": "cdss_spring", "n": "MOBIL SPRING NO. 1", "d": "Decreed spring · WDID 4301856" }, "geometry": { "type": "Point", "coordinates": [ -108.43789, 39.74894 ] } },
{ "type": "Feature", "properties": { "c": "cdss_pond", "n": "EUREKA LIVESTOCK DIV #1", "d": "Decreed stock pond · WDID 4301104" }, "geometry": { "type": "Point", "coordinates": [ -108.4197, 39.75023 ] } },
{ "type": "Feature", "properties": { "c": "cdss_pond", "n": "EUREKA LIVESTOCK DIV #2", "d": "Decreed stock pond · WDID 4301109" }, "geometry": { "type": "Point", "coordinates": [ -108.41611, 39.75409 ] } },
{ "type": "Feature", "properties": { "c": "cdss_spring", "n": "MOBIL SPRING NO. 14", "d": "Decreed spring · WDID 4301877" }, "geometry": { "type": "Point", "coordinates": [ -108.37906, 39.7728 ] } },
{ "type": "Feature", "properties": { "c": "cdss_spring", "n": "TRACT C-A S-482", "d": "Decreed spring · WDID 4301702" }, "geometry": { "type": "Point", "coordinates": [ -108.37903, 39.77286 ] } },
{ "type": "Feature", "properties": { "c": "nhd_spring", "n": "", "d": "USGS topo spring (may be dry)" }, "geometry": { "type": "Point", "coordinates": [ -108.3791, 39.77289 ] } },
{ "type": "Feature", "properties": { "c": "cdss_spring", "n": "SPRING DITCH", "d": "Decreed spring · WDID 4300942" }, "geometry": { "type": "Point", "coordinates": [ -108.3791, 39.77316 ] } },
{ "type": "Feature", "properties": { "c": "cdss_pond", "n": "EUREKA LIVESTOCK DIV #3", "d": "Decreed stock pond · WDID 4301110" }, "geometry": { "type": "Point", "coordinates": [ -108.39798, 39.78468 ] } },
{ "type": "Feature", "properties": { "c": "cdss_pond", "n": "EUREKA LIVESTOCK DIV #4", "d": "Decreed stock pond · WDID 4301111" }, "geometry": { "type": "Point", "coordinates": [ -108.39354, 39.79439 ] } },
{ "type": "Feature", "properties": { "c": "cdss_spring", "n": "MOBIL SPRING NO. 10", "d": "Decreed spring · WDID 4301876" }, "geometry": { "type": "Point", "coordinates": [ -108.42786, 39.81644 ] } },
{ "type": "Feature", "properties": { "c": "nhd_spring", "n": "", "d": "USGS topo spring (may be dry)" }, "geometry": { "type": "Point", "coordinates": [ -108.4279, 39.81653 ] } },
{ "type": "Feature", "properties": { "c": "cdss_spring", "n": "MOBIL SPRING #27", "d": "Decreed spring · WDID 4301055" }, "geometry": { "type": "Point", "coordinates": [ -108.49004, 39.75259 ] } },
{ "type": "Feature", "properties": { "c": "cdss_spring", "n": "MOBIL SPRING NO. 4", "d": "Decreed spring · WDID 4301859" }, "geometry": { "type": "Point", "coordinates": [ -108.45922, 39.75407 ] } },
{ "type": "Feature", "properties": { "c": "cdss_spring", "n": "BLM SPRING 173-05", "d": "Decreed spring · WDID 4301143" }, "geometry": { "type": "Point", "coordinates": [ -108.48319, 39.77079 ] } },
{ "type": "Feature", "properties": { "c": "cdss_spring", "n": "SWIZER SPRING", "d": "Decreed spring · WDID 4301967" }, "geometry": { "type": "Point", "coordinates": [ -108.47935, 39.77538 ] } },
{ "type": "Feature", "properties": { "c": "cdss_spring", "n": "TRACT C-A S-560", "d": "Decreed spring · WDID 4301692" }, "geometry": { "type": "Point", "coordinates": [ -108.46115, 39.85329 ] } },
{ "type": "Feature", "properties": { "c": "nhd_spring", "n": "", "d": "USGS topo spring (may be dry)" }, "geometry": { "type": "Point", "coordinates": [ -108.46109, 39.85338 ] } },
{ "type": "Feature", "properties": { "c": "nhd_spring", "n": "", "d": "USGS topo spring (may be dry)" }, "geometry": { "type": "Point", "coordinates": [ -108.43967, 39.85597 ] } },
{ "type": "Feature", "properties": { "c": "cdss_spring", "n": "TRACT C-A S-561", "d": "Decreed spring · WDID 4301691" }, "geometry": { "type": "Point", "coordinates": [ -108.4397, 39.85603 ] } },
{ "type": "Feature", "properties": { "c": "cdss_spring", "n": "REAGLE #3 SPRING", "d": "Decreed spring · WDID 4301954" }, "geometry": { "type": "Point", "coordinates": [ -108.48721, 39.85534 ] } },
{ "type": "Feature", "properties": { "c": "nhd_spring", "n": "", "d": "USGS topo spring (may be dry)" }, "geometry": { "type": "Point", "coordinates": [ -108.43888, 39.86048 ] } },
{ "type": "Feature", "properties": { "c": "cdss_spring", "n": "TAYLOR CREEK SPRING", "d": "Decreed spring · WDID 4303206" }, "geometry": { "type": "Point", "coordinates": [ -108.29946, 39.78858 ] } },
{ "type": "Feature", "properties": { "c": "cdss_spring", "n": "TRACT C-A S-493", "d": "Decreed spring · WDID 4301713" }, "geometry": { "type": "Point", "coordinates": [ -108.29976, 39.78871 ] } },
{ "type": "Feature", "properties": { "c": "cdss_pond", "n": "TAYLOR RES", "d": "Decreed stock pond · WDID 4304504" }, "geometry": { "type": "Point", "coordinates": [ -108.29645, 39.79666 ] } },
{ "type": "Feature", "properties": { "c": "cdss_spring", "n": "TRACT C-A S-496", "d": "Decreed spring · WDID 4301712" }, "geometry": { "type": "Point", "coordinates": [ -108.29298, 39.80409 ] } },
{ "type": "Feature", "properties": { "c": "cdss_spring", "n": "TRACT C-A S-497", "d": "Decreed spring · WDID 4301710" }, "geometry": { "type": "Point", "coordinates": [ -108.33235, 39.83313 ] } },
{ "type": "Feature", "properties": { "c": "cdss_spring", "n": "HUTCHINSON SPRING DITCH", "d": "Decreed spring · WDID 4300708" }, "geometry": { "type": "Point", "coordinates": [ -108.31334, 39.85366 ] } },
{ "type": "Feature", "properties": { "c": "cdss_pond", "n": "TEP POND 3", "d": "Decreed stock pond · WDID 4303835" }, "geometry": { "type": "Point", "coordinates": [ -108.32834, 39.8534 ] } },
{ "type": "Feature", "properties": { "c": "cdss_spring", "n": "MOBIL SPRING NO. 21", "d": "Decreed spring · WDID 4301881" }, "geometry": { "type": "Point", "coordinates": [ -108.32181, 39.85499 ] } },
{ "type": "Feature", "properties": { "c": "cdss_spring", "n": "TRACT C-A S-570", "d": "Decreed spring · WDID 4301709" }, "geometry": { "type": "Point", "coordinates": [ -108.32074, 39.85529 ] } },
{ "type": "Feature", "properties": { "c": "cdss_spring", "n": "MOBIL SPRING NO. 22", "d": "Decreed spring · WDID 4301882" }, "geometry": { "type": "Point", "coordinates": [ -108.31508, 39.85566 ] } },
{ "type": "Feature", "properties": { "c": "cdss_spring", "n": "MOBIL SPRING NO. 15", "d": "Decreed spring · WDID 4301878" }, "geometry": { "type": "Point", "coordinates": [ -108.41621, 39.82472 ] } },
{ "type": "Feature", "properties": { "c": "nhd_spring", "n": "", "d": "USGS topo spring (may be dry)" }, "geometry": { "type": "Point", "coordinates": [ -108.41623, 39.82473 ] } },
{ "type": "Feature", "properties": { "c": "cdss_spring", "n": "TRACT C-A S-484", "d": "Decreed spring · WDID 4301701" }, "geometry": { "type": "Point", "coordinates": [ -108.41631, 39.82477 ] } },
{ "type": "Feature", "properties": { "c": "cdss_spring", "n": "BLM SPRING 173-03", "d": "Decreed spring · WDID 4301351" }, "geometry": { "type": "Point", "coordinates": [ -108.41895, 39.82542 ] } },
{ "type": "Feature", "properties": { "c": "nhd_spring", "n": "", "d": "USGS topo spring (may be dry)" }, "geometry": { "type": "Point", "coordinates": [ -108.41895, 39.82545 ] } },
{ "type": "Feature", "properties": { "c": "cdss_spring", "n": "MOBIL SPRING NO. 16", "d": "Decreed spring · WDID 4301879" }, "geometry": { "type": "Point", "coordinates": [ -108.41621, 39.8265 ] } },
{ "type": "Feature", "properties": { "c": "cdss_spring", "n": "TRACT C-A S-486", "d": "Decreed spring · WDID 4301704" }, "geometry": { "type": "Point", "coordinates": [ -108.41615, 39.82664 ] } },
{ "type": "Feature", "properties": { "c": "cdss_spring", "n": "MOBIL SPRING NO. 26", "d": "Decreed spring · WDID 4301886" }, "geometry": { "type": "Point", "coordinates": [ -108.40933, 39.82972 ] } },
{ "type": "Feature", "properties": { "c": "cdss_spring", "n": "BLACK SULPHUR SPRING", "d": "Decreed spring · WDID 4301091" }, "geometry": { "type": "Point", "coordinates": [ -108.40907, 39.83023 ] } },
{ "type": "Feature", "properties": { "c": "cdss_pond", "n": "TEP POND 2", "d": "Decreed stock pond · WDID 4303834" }, "geometry": { "type": "Point", "coordinates": [ -108.39763, 39.83801 ] } },
{ "type": "Feature", "properties": { "c": "nhd_spring", "n": "", "d": "USGS topo spring (may be dry)" }, "geometry": { "type": "Point", "coordinates": [ -108.39121, 39.84017 ] } },
{ "type": "Feature", "properties": { "c": "cdss_spring", "n": "TRACT C-A S-565", "d": "Decreed spring · WDID 4301705" }, "geometry": { "type": "Point", "coordinates": [ -108.39096, 39.84031 ] } },
{ "type": "Feature", "properties": { "c": "cdss_spring", "n": "TRACT C-A S-488", "d": "Decreed spring · WDID 4301706" }, "geometry": { "type": "Point", "coordinates": [ -108.37976, 39.84544 ] } },
{ "type": "Feature", "properties": { "c": "cdss_spring", "n": "MOBIL SPRING NO. 17", "d": "Decreed spring · WDID 4301880" }, "geometry": { "type": "Point", "coordinates": [ -108.38022, 39.84542 ] } },
{ "type": "Feature", "properties": { "c": "cdss_pond", "n": "BLACK SULPHUR RES", "d": "Decreed stock pond · WDID 4304243" }, "geometry": { "type": "Point", "coordinates": [ -108.37577, 39.84896 ] } },
{ "type": "Feature", "properties": { "c": "cdss_spring", "n": "MOBIL SPRING NO. 25", "d": "Decreed spring · WDID 4301885" }, "geometry": { "type": "Point", "coordinates": [ -108.36719, 39.85342 ] } },
{ "type": "Feature", "properties": { "c": "cdss_spring", "n": "MOBIL SPRING NO. 23", "d": "Decreed spring · WDID 4301883" }, "geometry": { "type": "Point", "coordinates": [ -108.34713, 39.85688 ] } },
{ "type": "Feature", "properties": { "c": "cdss_spring", "n": "TRACT C-A S-572", "d": "Decreed spring · WDID 4301707" }, "geometry": { "type": "Point", "coordinates": [ -108.34691, 39.85701 ] } },
{ "type": "Feature", "properties": { "c": "cdss_pond", "n": "RYAN GULCH RANCH POND NO. 5", "d": "Decreed stock pond · WDID 4303813" }, "geometry": { "type": "Point", "coordinates": [ -108.43151, 39.86208 ] } },
{ "type": "Feature", "properties": { "c": "cdss_pond", "n": "RYAN GULCH RANCH POND NO. 4", "d": "Decreed stock pond · WDID 4303812" }, "geometry": { "type": "Point", "coordinates": [ -108.43291, 39.86206 ] } },
{ "type": "Feature", "properties": { "c": "cdss_spring", "n": "RYAN GULCH SPRING NO. 1 PUMP & PL", "d": "Decreed spring · WDID 4303263" }, "geometry": { "type": "Point", "coordinates": [ -108.43469, 39.86078 ] } },
{ "type": "Feature", "properties": { "c": "nhd_spring", "n": "", "d": "USGS topo spring (may be dry)" }, "geometry": { "type": "Point", "coordinates": [ -108.43458, 39.86083 ] } },
{ "type": "Feature", "properties": { "c": "cdss_spring", "n": "HUGHES WELL NO 1", "d": "Decreed spring · WDID 4306027" }, "geometry": { "type": "Point", "coordinates": [ -108.48786, 39.86942 ] } },
{ "type": "Feature", "properties": { "c": "cdss_spring", "n": "STAKE SPRINGS SW", "d": "Decreed spring · WDID 4302660" }, "geometry": { "type": "Point", "coordinates": [ -108.4803, 39.87641 ] } },
{ "type": "Feature", "properties": { "c": "cdss_spring", "n": "TRACT C-A S-582", "d": "Decreed spring · WDID 4301683" }, "geometry": { "type": "Point", "coordinates": [ -108.4804, 39.8765 ] } },
{ "type": "Feature", "properties": { "c": "nhd_spring", "n": "Stake Springs", "d": "USGS topo spring (may be dry)" }, "geometry": { "type": "Point", "coordinates": [ -108.48035, 39.87655 ] } },
{ "type": "Feature", "properties": { "c": "cdss_spring", "n": "STAKE SPRINGS NE", "d": "Decreed spring · WDID 4302661" }, "geometry": { "type": "Point", "coordinates": [ -108.47871, 39.87694 ] } },
{ "type": "Feature", "properties": { "c": "cdss_spring", "n": "STAKE SPRINGS WELL 10", "d": "Decreed spring · WDID 4306085" }, "geometry": { "type": "Point", "coordinates": [ -108.47953, 39.87694 ] } },
{ "type": "Feature", "properties": { "c": "nhd_spring", "n": "Stake Springs", "d": "USGS topo spring (may be dry)" }, "geometry": { "type": "Point", "coordinates": [ -108.47879, 39.87705 ] } },
{ "type": "Feature", "properties": { "c": "cdss_spring", "n": "STAKE SPG RES FACILITY", "d": "Decreed spring · WDID 4304455" }, "geometry": { "type": "Point", "coordinates": [ -108.47564, 39.87796 ] } },
{ "type": "Feature", "properties": { "c": "cdss_spring", "n": "TRACT C-A S-472", "d": "Decreed spring · WDID 4301695" }, "geometry": { "type": "Point", "coordinates": [ -108.5491, 39.79792 ] } },
{ "type": "Feature", "properties": { "c": "nhd_spring", "n": "", "d": "USGS topo spring (may be dry)" }, "geometry": { "type": "Point", "coordinates": [ -108.54964, 39.79797 ] } },
{ "type": "Feature", "properties": { "c": "nhd_spring", "n": "", "d": "USGS topo spring (may be dry)" }, "geometry": { "type": "Point", "coordinates": [ -108.54944, 39.79984 ] } },
{ "type": "Feature", "properties": { "c": "cdss_spring", "n": "TRACT C-A S-473", "d": "Decreed spring · WDID 4301694" }, "geometry": { "type": "Point", "coordinates": [ -108.54941, 39.79987 ] } },
{ "type": "Feature", "properties": { "c": "cdss_spring", "n": "DIRE WOLF SPRING", "d": "Decreed spring · WDID 4301841" }, "geometry": { "type": "Point", "coordinates": [ -108.56297, 39.80656 ] } },
{ "type": "Feature", "properties": { "c": "cdss_spring", "n": "BLM SPRING 174-30", "d": "Decreed spring · WDID 4301520" }, "geometry": { "type": "Point", "coordinates": [ -108.58177, 39.80631 ] } },
{ "type": "Feature", "properties": { "c": "cdss_spring", "n": "BLM SPRING 174-44", "d": "Decreed spring · WDID 4301119" }, "geometry": { "type": "Point", "coordinates": [ -108.55221, 39.813 ] } },
{ "type": "Feature", "properties": { "c": "cdss_spring", "n": "BLM SPRING 174-29", "d": "Decreed spring · WDID 4301519" }, "geometry": { "type": "Point", "coordinates": [ -108.58191, 39.81303 ] } },
{ "type": "Feature", "properties": { "c": "cdss_spring", "n": "BLM SPRING 174-45", "d": "Decreed spring · WDID 4301141" }, "geometry": { "type": "Point", "coordinates": [ -108.54956, 39.81515 ] } },
{ "type": "Feature", "properties": { "c": "cdss_spring", "n": "BLM SPRING 174-70", "d": "Decreed spring · WDID 4301782" }, "geometry": { "type": "Point", "coordinates": [ -108.56826, 39.81688 ] } },
{ "type": "Feature", "properties": { "c": "cdss_spring", "n": "LAKE SPG NO 1", "d": "Decreed spring · WDID 4301363" }, "geometry": { "type": "Point", "coordinates": [ -108.61578, 39.72338 ] } },
{ "type": "Feature", "properties": { "c": "cdss_spring", "n": "BLM SPRING 183-06", "d": "Decreed spring · WDID 4301817" }, "geometry": { "type": "Point", "coordinates": [ -108.60333, 39.72683 ] } },
{ "type": "Feature", "properties": { "c": "cdss_spring", "n": "BLM SPRING 175-02", "d": "Decreed spring · WDID 4302487" }, "geometry": { "type": "Point", "coordinates": [ -108.62725, 39.8513 ] } },
{ "type": "Feature", "properties": { "c": "nhd_spring", "n": "", "d": "USGS topo spring (may be dry)" }, "geometry": { "type": "Point", "coordinates": [ -108.60271, 39.85884 ] } },
{ "type": "Feature", "properties": { "c": "cdss_spring", "n": "MOBIL SPRING NO. 9", "d": "Decreed spring · WDID 4301868" }, "geometry": { "type": "Point", "coordinates": [ -108.60072, 39.8592 ] } },
{ "type": "Feature", "properties": { "c": "nhd_spring", "n": "", "d": "USGS topo spring (may be dry)" }, "geometry": { "type": "Point", "coordinates": [ -108.60082, 39.8593 ] } },
{ "type": "Feature", "properties": { "c": "cdss_spring", "n": "BLM SPRING 175-19", "d": "Decreed spring · WDID 4301409" }, "geometry": { "type": "Point", "coordinates": [ -108.62791, 39.86211 ] } },
{ "type": "Feature", "properties": { "c": "cdss_spring", "n": "BLM SPRING 156-15", "d": "Decreed spring · WDID 4301382" }, "geometry": { "type": "Point", "coordinates": [ -108.6576, 39.87583 ] } },
{ "type": "Feature", "properties": { "c": "cdss_spring", "n": "BLM SPRING 156-06", "d": "Decreed spring · WDID 4301461" }, "geometry": { "type": "Point", "coordinates": [ -108.63812, 39.92057 ] } },
{ "type": "Feature", "properties": { "c": "cdss_spring", "n": "EAST SIDE SPRING", "d": "Decreed spring · WDID 4301913" }, "geometry": { "type": "Point", "coordinates": [ -108.64307, 39.92083 ] } },
{ "type": "Feature", "properties": { "c": "cdss_spring", "n": "BROKEN ROAD SPRING", "d": "Decreed spring · WDID 4301840" }, "geometry": { "type": "Point", "coordinates": [ -108.56738, 39.81776 ] } },
{ "type": "Feature", "properties": { "c": "cdss_spring", "n": "BLM SPRING 174-69", "d": "Decreed spring · WDID 4301781" }, "geometry": { "type": "Point", "coordinates": [ -108.57548, 39.82001 ] } },
{ "type": "Feature", "properties": { "c": "cdss_spring", "n": "DEAD HEAD SPRING", "d": "Decreed spring · WDID 4301839" }, "geometry": { "type": "Point", "coordinates": [ -108.56997, 39.82079 ] } },
{ "type": "Feature", "properties": { "c": "cdss_spring", "n": "BLM SPRING 174-68", "d": "Decreed spring · WDID 4301780" }, "geometry": { "type": "Point", "coordinates": [ -108.57724, 39.8226 ] } },
{ "type": "Feature", "properties": { "c": "cdss_spring", "n": "BLM SPRING 174-67", "d": "Decreed spring · WDID 4301779" }, "geometry": { "type": "Point", "coordinates": [ -108.57913, 39.82274 ] } },
{ "type": "Feature", "properties": { "c": "cdss_spring", "n": "BLM SPRING 174-72", "d": "Decreed spring · WDID 4301421" }, "geometry": { "type": "Point", "coordinates": [ -108.55982, 39.82407 ] } },
{ "type": "Feature", "properties": { "c": "nhd_spring", "n": "", "d": "USGS topo spring (may be dry)" }, "geometry": { "type": "Point", "coordinates": [ -108.5545, 39.82447 ] } },
{ "type": "Feature", "properties": { "c": "cdss_spring", "n": "BLM SPRING 174-31", "d": "Decreed spring · WDID 4301777" }, "geometry": { "type": "Point", "coordinates": [ -108.5787, 39.82397 ] } },
{ "type": "Feature", "properties": { "c": "cdss_spring", "n": "BLM SPRING 174-46", "d": "Decreed spring · WDID 4301778" }, "geometry": { "type": "Point", "coordinates": [ -108.5611, 39.82475 ] } },
{ "type": "Feature", "properties": { "c": "cdss_spring", "n": "SWEPI SPRING 13", "d": "Decreed spring · WDID 4301797" }, "geometry": { "type": "Point", "coordinates": [ -108.57218, 39.83674 ] } },
{ "type": "Feature", "properties": { "c": "cdss_spring", "n": "TRACT C-A S-471", "d": "Decreed spring · WDID 4301697" }, "geometry": { "type": "Point", "coordinates": [ -108.51878, 39.79169 ] } },
{ "type": "Feature", "properties": { "c": "nhd_spring", "n": "", "d": "USGS topo spring (may be dry)" }, "geometry": { "type": "Point", "coordinates": [ -108.52012, 39.79181 ] } },
{ "type": "Feature", "properties": { "c": "cdss_spring", "n": "BLM SPRING 174-42", "d": "Decreed spring · WDID 4301717" }, "geometry": { "type": "Point", "coordinates": [ -108.53748, 39.7915 ] } },
{ "type": "Feature", "properties": { "c": "cdss_spring", "n": "BLM SPRING 174-60", "d": "Decreed spring · WDID 4301696" }, "geometry": { "type": "Point", "coordinates": [ -108.54476, 39.79688 ] } },
{ "type": "Feature", "properties": { "c": "cdss_spring", "n": "BLM SPRING 174-57", "d": "Decreed spring · WDID 4301718" }, "geometry": { "type": "Point", "coordinates": [ -108.52292, 39.80769 ] } },
{ "type": "Feature", "properties": { "c": "cdss_spring", "n": "TRACT C-A S-587", "d": "Decreed spring · WDID 4301693" }, "geometry": { "type": "Point", "coordinates": [ -108.51164, 39.81681 ] } },
{ "type": "Feature", "properties": { "c": "cdss_spring", "n": "HUGHES DITCH", "d": "Decreed spring · WDID 4301492" }, "geometry": { "type": "Point", "coordinates": [ -108.50797, 39.85808 ] } },
{ "type": "Feature", "properties": { "c": "cdss_spring", "n": "HUGHES WELL NO 2", "d": "Decreed spring · WDID 4306028" }, "geometry": { "type": "Point", "coordinates": [ -108.50316, 39.8623 ] } },
{ "type": "Feature", "properties": { "c": "cdss_spring", "n": "TRACT C-A S-477", "d": "Decreed spring · WDID 4301681" }, "geometry": { "type": "Point", "coordinates": [ -108.51494, 39.89784 ] } },
{ "type": "Feature", "properties": { "c": "nhd_spring", "n": "Maverick Spring", "d": "USGS topo spring (may be dry)" }, "geometry": { "type": "Point", "coordinates": [ -108.55025, 39.89719 ] } },
{ "type": "Feature", "properties": { "c": "cdss_spring", "n": "MOBIL SPRING NO. 19", "d": "Decreed spring · WDID 4301869" }, "geometry": { "type": "Point", "coordinates": [ -108.58833, 39.85663 ] } },
{ "type": "Feature", "properties": { "c": "cdss_spring", "n": "TRACT C-A S-568", "d": "Decreed spring · WDID 4301682" }, "geometry": { "type": "Point", "coordinates": [ -108.58825, 39.85667 ] } },
{ "type": "Feature", "properties": { "c": "nhd_spring", "n": "", "d": "USGS topo spring (may be dry)" }, "geometry": { "type": "Point", "coordinates": [ -108.58831, 39.85674 ] } },
{ "type": "Feature", "properties": { "c": "nhd_spring", "n": "", "d": "USGS topo spring (may be dry)" }, "geometry": { "type": "Point", "coordinates": [ -108.58427, 39.85789 ] } },
{ "type": "Feature", "properties": { "c": "cdss_spring", "n": "SWEPI SPRING 10", "d": "Decreed spring · WDID 4301796" }, "geometry": { "type": "Point", "coordinates": [ -108.57546, 39.87166 ] } },
{ "type": "Feature", "properties": { "c": "cdss_spring", "n": "SWEPI SPRING 9", "d": "Decreed spring · WDID 4301795" }, "geometry": { "type": "Point", "coordinates": [ -108.57532, 39.87475 ] } },
{ "type": "Feature", "properties": { "c": "cdss_spring", "n": "SWEPI SPRING 8", "d": "Decreed spring · WDID 4301794" }, "geometry": { "type": "Point", "coordinates": [ -108.58907, 39.87524 ] } },
{ "type": "Feature", "properties": { "c": "cdss_spring", "n": "SWEPI SPRING 7", "d": "Decreed spring · WDID 4301793" }, "geometry": { "type": "Point", "coordinates": [ -108.55509, 39.89326 ] } },
{ "type": "Feature", "properties": { "c": "cdss_spring", "n": "SWEPI SPRING 6", "d": "Decreed spring · WDID 4301792" }, "geometry": { "type": "Point", "coordinates": [ -108.5514, 39.89575 ] } },
{ "type": "Feature", "properties": { "c": "cdss_spring", "n": "SWEPI SPRING 2", "d": "Decreed spring · WDID 4301789" }, "geometry": { "type": "Point", "coordinates": [ -108.58576, 39.90232 ] } },
{ "type": "Feature", "properties": { "c": "cdss_pond", "n": "WATER GULCH FACILITY", "d": "Decreed stock pond · WDID 4304454" }, "geometry": { "type": "Point", "coordinates": [ -108.55785, 39.90831 ] } },
{ "type": "Feature", "properties": { "c": "cdss_spring", "n": "SWEPI SPRING 1", "d": "Decreed spring · WDID 4301788" }, "geometry": { "type": "Point", "coordinates": [ -108.57266, 39.92843 ] } },
{ "type": "Feature", "properties": { "c": "cdss_spring", "n": "M-4 SPRING & SEEP", "d": "Decreed spring · WDID 4301826" }, "geometry": { "type": "Point", "coordinates": [ -108.55923, 39.93539 ] } },
{ "type": "Feature", "properties": { "c": "nhd_spring", "n": "", "d": "USGS topo spring (may be dry)" }, "geometry": { "type": "Point", "coordinates": [ -108.55929, 39.93548 ] } },
{ "type": "Feature", "properties": { "c": "cdss_spring", "n": "TRACT C-A S-427", "d": "Decreed spring · WDID 4301690" }, "geometry": { "type": "Point", "coordinates": [ -108.55926, 39.93548 ] } },
{ "type": "Feature", "properties": { "c": "cdss_spring", "n": "M-5 SPRING & SEEP", "d": "Decreed spring · WDID 4301827" }, "geometry": { "type": "Point", "coordinates": [ -108.55879, 39.93588 ] } },
{ "type": "Feature", "properties": { "c": "nhd_spring", "n": "", "d": "USGS topo spring (may be dry)" }, "geometry": { "type": "Point", "coordinates": [ -108.55883, 39.93588 ] } },
{ "type": "Feature", "properties": { "c": "cdss_spring", "n": "TRACT C-A S-410", "d": "Decreed spring · WDID 4301689" }, "geometry": { "type": "Point", "coordinates": [ -108.55551, 39.93812 ] } },
{ "type": "Feature", "properties": { "c": "cdss_spring", "n": "BLM SPRING 157-15", "d": "Decreed spring · WDID 4302377" }, "geometry": { "type": "Point", "coordinates": [ -108.57358, 39.93982 ] } },
{ "type": "Feature", "properties": { "c": "cdss_spring", "n": "M-3 SPRING & SEEP", "d": "Decreed spring · WDID 4301825" }, "geometry": { "type": "Point", "coordinates": [ -108.56215, 39.94106 ] } },
{ "type": "Feature", "properties": { "c": "cdss_spring", "n": "BLM SPRING 156-21", "d": "Decreed spring · WDID 4301820" }, "geometry": { "type": "Point", "coordinates": [ -108.63954, 39.92166 ] } },
{ "type": "Feature", "properties": { "c": "cdss_spring", "n": "BLM SPRING 156-19", "d": "Decreed spring · WDID 4301819" }, "geometry": { "type": "Point", "coordinates": [ -108.64352, 39.92358 ] } },
{ "type": "Feature", "properties": { "c": "cdss_spring", "n": "DABB CANYON POND", "d": "Decreed spring · WDID 4303824" }, "geometry": { "type": "Point", "coordinates": [ -108.64385, 39.94822 ] } },
{ "type": "Feature", "properties": { "c": "cdss_spring", "n": "FORREST SPRING", "d": "Decreed spring · WDID 4303363" }, "geometry": { "type": "Point", "coordinates": [ -108.64539, 39.94943 ] } },
{ "type": "Feature", "properties": { "c": "cdss_spring", "n": "BLM SPRING 156-14", "d": "Decreed spring · WDID 4301334" }, "geometry": { "type": "Point", "coordinates": [ -108.65597, 39.95886 ] } },
{ "type": "Feature", "properties": { "c": "cdss_spring", "n": "WEST SPRING CREEK SPG", "d": "Decreed spring · WDID 4301912" }, "geometry": { "type": "Point", "coordinates": [ -108.61906, 39.96603 ] } },
{ "type": "Feature", "properties": { "c": "cdss_spring", "n": "BLM SPRING 156-03", "d": "Decreed spring · WDID 4301379" }, "geometry": { "type": "Point", "coordinates": [ -108.65055, 39.96834 ] } },
{ "type": "Feature", "properties": { "c": "cdss_spring", "n": "BUNKHOUSE SPRING NO 2", "d": "Decreed spring · WDID 4303362" }, "geometry": { "type": "Point", "coordinates": [ -108.64177, 39.97222 ] } },
{ "type": "Feature", "properties": { "c": "cdss_spring", "n": "BUNKHOUSE SPRING NO 1", "d": "Decreed spring · WDID 4303361" }, "geometry": { "type": "Point", "coordinates": [ -108.63955, 39.9736 ] } },
{ "type": "Feature", "properties": { "c": "cdss_spring", "n": "MCDOWELL GL SPRING", "d": "Decreed spring · WDID 4301910" }, "geometry": { "type": "Point", "coordinates": [ -108.64181, 39.9904 ] } },
{ "type": "Feature", "properties": { "c": "nhd_spring", "n": "Cottonwood Spring", "d": "USGS topo spring (may be dry)" }, "geometry": { "type": "Point", "coordinates": [ -108.55482, 39.94757 ] } },
{ "type": "Feature", "properties": { "c": "cdss_spring", "n": "COTTONWOOD SPRING", "d": "Decreed spring · WDID 4301829" }, "geometry": { "type": "Point", "coordinates": [ -108.55485, 39.94759 ] } },
{ "type": "Feature", "properties": { "c": "cdss_spring", "n": "HEFLEY YOUNT SPRING", "d": "Decreed spring · WDID 4301908" }, "geometry": { "type": "Point", "coordinates": [ -108.55632, 39.94807 ] } },
{ "type": "Feature", "properties": { "c": "cdss_spring", "n": "BLM SPRING 157-29", "d": "Decreed spring · WDID 4301455" }, "geometry": { "type": "Point", "coordinates": [ -108.57678, 39.9643 ] } },
{ "type": "Feature", "properties": { "c": "cdss_spring", "n": "BLM SPRING 157-52", "d": "Decreed spring · WDID 4301997" }, "geometry": { "type": "Point", "coordinates": [ -108.57637, 39.9645 ] } },
{ "type": "Feature", "properties": { "c": "cdss_spring", "n": "BLM SPRING 157-54/55", "d": "Decreed spring · WDID 4301999" }, "geometry": { "type": "Point", "coordinates": [ -108.57548, 39.96532 ] } },
{ "type": "Feature", "properties": { "c": "cdss_spring", "n": "BLM SPRING 157-53", "d": "Decreed spring · WDID 4301998" }, "geometry": { "type": "Point", "coordinates": [ -108.57645, 39.96532 ] } },
{ "type": "Feature", "properties": { "c": "cdss_spring", "n": "BLM SPRING 157-56", "d": "Decreed spring · WDID 4302236" }, "geometry": { "type": "Point", "coordinates": [ -108.57582, 39.96587 ] } },
{ "type": "Feature", "properties": { "c": "cdss_spring", "n": "LITTLE DUCK CREEK SPG", "d": "Decreed spring · WDID 4301911" }, "geometry": { "type": "Point", "coordinates": [ -108.5648, 39.9755 ] } },
{ "type": "Feature", "properties": { "c": "cdss_spring", "n": "TRACT C-A S-480", "d": "Decreed spring · WDID 4301688" }, "geometry": { "type": "Point", "coordinates": [ -108.56116, 39.97748 ] } },
{ "type": "Feature", "properties": { "c": "cdss_spring", "n": "SWEPI SPRING 5", "d": "Decreed spring · WDID 4301791" }, "geometry": { "type": "Point", "coordinates": [ -108.53951, 39.90237 ] } },
{ "type": "Feature", "properties": { "c": "nhd_spring", "n": "", "d": "USGS topo spring (may be dry)" }, "geometry": { "type": "Point", "coordinates": [ -108.53681, 39.90423 ] } },
{ "type": "Feature", "properties": { "c": "cdss_spring", "n": "SWEPI SPRING 3", "d": "Decreed spring · WDID 4301790" }, "geometry": { "type": "Point", "coordinates": [ -108.55003, 39.90827 ] } },
{ "type": "Feature", "properties": { "c": "cdss_pond", "n": "CORRAL GULCH RES UPSTRM", "d": "Decreed stock pond · WDID 4304449" }, "geometry": { "type": "Point", "coordinates": [ -108.51661, 39.91187 ] } },
{ "type": "Feature", "properties": { "c": "cdss_spring", "n": "STAKE SPG RES DWNSTRM", "d": "Decreed spring · WDID 4304451" }, "geometry": { "type": "Point", "coordinates": [ -108.54668, 39.9116 ] } },
{ "type": "Feature", "properties": { "c": "cdss_spring", "n": "DUCK CREEK SPG NO 1", "d": "Decreed spring · WDID 4302038" }, "geometry": { "type": "Point", "coordinates": [ -108.54043, 39.94915 ] } },
{ "type": "Feature", "properties": { "c": "nhd_spring", "n": "", "d": "USGS topo spring (may be dry)" }, "geometry": { "type": "Point", "coordinates": [ -108.53589, 40.04641 ] } },
{ "type": "Feature", "properties": { "c": "cdss_spring", "n": "CALAMITY RIDGE SPRING", "d": "Decreed spring · WDID 4301891" }, "geometry": { "type": "Point", "coordinates": [ -108.55299, 40.04775 ] } },
{ "type": "Feature", "properties": { "c": "cdss_spring", "n": "BLM SPRING 148-46", "d": "Decreed spring · WDID 4301090" }, "geometry": { "type": "Point", "coordinates": [ -108.52557, 40.05043 ] } },
{ "type": "Feature", "properties": { "c": "cdss_spring", "n": "BLM SPRING 148-52", "d": "Decreed spring · WDID 4301659" }, "geometry": { "type": "Point", "coordinates": [ -108.52212, 40.06603 ] } },
{ "type": "Feature", "properties": { "c": "cdss_spring", "n": "BLM SPRING 157-51", "d": "Decreed spring · WDID 4301462" }, "geometry": { "type": "Point", "coordinates": [ -108.59508, 39.97865 ] } },
{ "type": "Feature", "properties": { "c": "cdss_spring", "n": "BLM SPRING 157-08", "d": "Decreed spring · WDID 4301602" }, "geometry": { "type": "Point", "coordinates": [ -108.57965, 39.98391 ] } },
{ "type": "Feature", "properties": { "c": "cdss_spring", "n": "BLM SPRING 157-06", "d": "Decreed spring · WDID 4301661" }, "geometry": { "type": "Point", "coordinates": [ -108.57859, 39.98776 ] } },
{ "type": "Feature", "properties": { "c": "cdss_spring", "n": "BLM SPRING 157-50", "d": "Decreed spring · WDID 4301996" }, "geometry": { "type": "Point", "coordinates": [ -108.59618, 39.99209 ] } },
{ "type": "Feature", "properties": { "c": "cdss_spring", "n": "EAST SPRING CREEK SPG", "d": "Decreed spring · WDID 4301909" }, "geometry": { "type": "Point", "coordinates": [ -108.59522, 39.99249 ] } },
{ "type": "Feature", "properties": { "c": "cdss_spring", "n": "BLM SPRING 157-88", "d": "Decreed spring · WDID 4303231" }, "geometry": { "type": "Point", "coordinates": [ -108.5947, 39.99286 ] } },
{ "type": "Feature", "properties": { "c": "cdss_spring", "n": "TRACT C-A S-481", "d": "Decreed spring · WDID 4301687" }, "geometry": { "type": "Point", "coordinates": [ -108.55773, 39.99422 ] } },
{ "type": "Feature", "properties": { "c": "cdss_spring", "n": "LOWER INDIAN SPG", "d": "Decreed spring · WDID 4301898" }, "geometry": { "type": "Point", "coordinates": [ -108.5677, 40.01664 ] } },
{ "type": "Feature", "properties": { "c": "cdss_spring", "n": "INDIAN SPRINGS", "d": "Decreed spring · WDID 4301343" }, "geometry": { "type": "Point", "coordinates": [ -108.58934, 40.01659 ] } },
{ "type": "Feature", "properties": { "c": "cdss_spring", "n": "KINNEY DITCH", "d": "Decreed spring · WDID 4300747" }, "geometry": { "type": "Point", "coordinates": [ -108.5959, 40.02208 ] } },
{ "type": "Feature", "properties": { "c": "cdss_spring", "n": "CRYSTAL #3 SPRING", "d": "Decreed spring · WDID 4301115" }, "geometry": { "type": "Point", "coordinates": [ -108.74522, 39.64388 ] } },
{ "type": "Feature", "properties": { "c": "cdss_spring", "n": "COULTON SPRING NO 1", "d": "Decreed spring · WDID 7005032" }, "geometry": { "type": "Point", "coordinates": [ -108.65493, 39.64797 ] } },
{ "type": "Feature", "properties": { "c": "cdss_spring", "n": "BLM SPRING 182-13", "d": "Decreed spring · WDID 4301801" }, "geometry": { "type": "Point", "coordinates": [ -108.68177, 39.64716 ] } },
{ "type": "Feature", "properties": { "c": "cdss_spring", "n": "BEAR SPG NO 3", "d": "Decreed spring · WDID 4301349" }, "geometry": { "type": "Point", "coordinates": [ -108.68312, 39.65006 ] } },
{ "type": "Feature", "properties": { "c": "cdss_spring", "n": "KELLY G. BRADY SPRING", "d": "Decreed spring · WDID 4301112" }, "geometry": { "type": "Point", "coordinates": [ -108.74201, 39.64825 ] } },
{ "type": "Feature", "properties": { "c": "cdss_spring", "n": "BRADY CABIN SPRING", "d": "Decreed spring · WDID 4303276" }, "geometry": { "type": "Point", "coordinates": [ -108.73152, 39.64869 ] } },
{ "type": "Feature", "properties": { "c": "cdss_spring", "n": "CATTLES SHADY SPRING", "d": "Decreed spring · WDID 7205200" }, "geometry": { "type": "Point", "coordinates": [ -108.71444, 39.65307 ] } },
{ "type": "Feature", "properties": { "c": "cdss_spring", "n": "BLM SPRING 182-11", "d": "Decreed spring · WDID 4301199" }, "geometry": { "type": "Point", "coordinates": [ -108.72863, 39.65654 ] } },
{ "type": "Feature", "properties": { "c": "cdss_spring", "n": "JOSH SPG NO 4", "d": "Decreed spring · WDID 4301358" }, "geometry": { "type": "Point", "coordinates": [ -108.7549, 39.65719 ] } },
{ "type": "Feature", "properties": { "c": "cdss_spring", "n": "BEAR SPG NO 2", "d": "Decreed spring · WDID 4301350" }, "geometry": { "type": "Point", "coordinates": [ -108.6897, 39.65943 ] } },
{ "type": "Feature", "properties": { "c": "cdss_spring", "n": "BLM SPRING 181-12", "d": "Decreed spring · WDID 4301170" }, "geometry": { "type": "Point", "coordinates": [ -108.8539, 39.65226 ] } },
{ "type": "Feature", "properties": { "c": "cdss_spring", "n": "BIG FOUNDATION SPG 2", "d": "Decreed spring · WDID 4301378" }, "geometry": { "type": "Point", "coordinates": [ -108.82974, 39.65314 ] } },
{ "type": "Feature", "properties": { "c": "cdss_spring", "n": "JOSH SPG NO 1", "d": "Decreed spring · WDID 4301361" }, "geometry": { "type": "Point", "coordinates": [ -108.77394, 39.65557 ] } },
{ "type": "Feature", "properties": { "c": "cdss_spring", "n": "MUD SPG NO 1", "d": "Decreed spring · WDID 4301433" }, "geometry": { "type": "Point", "coordinates": [ -108.84507, 39.65416 ] } },
{ "type": "Feature", "properties": { "c": "cdss_spring", "n": "BLM SPRING 181-33", "d": "Decreed spring · WDID 4302488" }, "geometry": { "type": "Point", "coordinates": [ -108.84529, 39.6546 ] } },
{ "type": "Feature", "properties": { "c": "cdss_spring", "n": "BIG FOUNDATION SPG 1", "d": "Decreed spring · WDID 4301394" }, "geometry": { "type": "Point", "coordinates": [ -108.81445, 39.65577 ] } },
{ "type": "Feature", "properties": { "c": "cdss_spring", "n": "JOSH SPG & PL 2", "d": "Decreed spring · WDID 4302094" }, "geometry": { "type": "Point", "coordinates": [ -108.76179, 39.65802 ] } },
{ "type": "Feature", "properties": { "c": "cdss_spring", "n": "BLM SPRING 181-11", "d": "Decreed spring · WDID 4301169" }, "geometry": { "type": "Point", "coordinates": [ -108.846, 39.65543 ] } },
{ "type": "Feature", "properties": { "c": "cdss_spring", "n": "JOSH SPG NO 3", "d": "Decreed spring · WDID 4301357" }, "geometry": { "type": "Point", "coordinates": [ -108.75793, 39.65948 ] } },
{ "type": "Feature", "properties": { "c": "cdss_spring", "n": "TWIN BUTTES SPG 1", "d": "Decreed spring · WDID 4301431" }, "geometry": { "type": "Point", "coordinates": [ -108.84209, 39.65694 ] } },
{ "type": "Feature", "properties": { "c": "cdss_spring", "n": "BLM SPRING 182-10", "d": "Decreed spring · WDID 4301196" }, "geometry": { "type": "Point", "coordinates": [ -108.74125, 39.6582 ] } },
{ "type": "Feature", "properties": { "c": "cdss_spring", "n": "BRADY SPRING", "d": "Decreed spring · WDID 4301867" }, "geometry": { "type": "Point", "coordinates": [ -108.74011, 39.65869 ] } },
{ "type": "Feature", "properties": { "c": "cdss_spring", "n": "BEAR SPG NO 1", "d": "Decreed spring · WDID 4301230" }, "geometry": { "type": "Point", "coordinates": [ -108.67723, 39.66403 ] } },
{ "type": "Feature", "properties": { "c": "cdss_spring", "n": "BLM SPRING 182-43", "d": "Decreed spring · WDID 4301454" }, "geometry": { "type": "Point", "coordinates": [ -108.73147, 39.66367 ] } },
{ "type": "Feature", "properties": { "c": "cdss_spring", "n": "BLM SPRING 182-55", "d": "Decreed spring · WDID 4302492" }, "geometry": { "type": "Point", "coordinates": [ -108.67141, 39.66661 ] } },
{ "type": "Feature", "properties": { "c": "cdss_spring", "n": "BLM SPRING 182-51", "d": "Decreed spring · WDID 4301586" }, "geometry": { "type": "Point", "coordinates": [ -108.67231, 39.67003 ] } },
{ "type": "Feature", "properties": { "c": "cdss_spring", "n": "BLM SPRING 182-20", "d": "Decreed spring · WDID 4302490" }, "geometry": { "type": "Point", "coordinates": [ -108.67284, 39.67099 ] } },
{ "type": "Feature", "properties": { "c": "cdss_spring", "n": "GILLAM DRAW #2 SPRING", "d": "Decreed spring · WDID 4301980" }, "geometry": { "type": "Point", "coordinates": [ -108.66237, 39.67455 ] } },
{ "type": "Feature", "properties": { "c": "cdss_spring", "n": "BLM SPRING 182-52", "d": "Decreed spring · WDID 4301171" }, "geometry": { "type": "Point", "coordinates": [ -108.66113, 39.67518 ] } },
{ "type": "Feature", "properties": { "c": "cdss_spring", "n": "BLM SPRING 182-48", "d": "Decreed spring · WDID 4302491" }, "geometry": { "type": "Point", "coordinates": [ -108.74101, 39.67691 ] } },
{ "type": "Feature", "properties": { "c": "cdss_spring", "n": "TRAIL CANYON SPG NO 2", "d": "Decreed spring · WDID 4301364" }, "geometry": { "type": "Point", "coordinates": [ -108.8779, 39.6568 ] } },
{ "type": "Feature", "properties": { "c": "cdss_spring", "n": "MISSOURI CK W A SPG 2", "d": "Decreed spring · WDID 4302128" }, "geometry": { "type": "Point", "coordinates": [ -108.88889, 39.65763 ] } },
{ "type": "Feature", "properties": { "c": "cdss_spring", "n": "BLM SPRING 180-23", "d": "Decreed spring · WDID 4301643" }, "geometry": { "type": "Point", "coordinates": [ -108.93948, 39.65658 ] } },
{ "type": "Feature", "properties": { "c": "cdss_spring", "n": "TRAIL CANYON SPG NO 1", "d": "Decreed spring · WDID 4301435" }, "geometry": { "type": "Point", "coordinates": [ -108.87549, 39.65909 ] } },
{ "type": "Feature", "properties": { "c": "cdss_spring", "n": "TRAIL CANYON SPG NO 3", "d": "Decreed spring · WDID 4301436" }, "geometry": { "type": "Point", "coordinates": [ -108.87435, 39.66261 ] } },
{ "type": "Feature", "properties": { "c": "cdss_spring", "n": "BLM SPRING 180-27", "d": "Decreed spring · WDID 4301818" }, "geometry": { "type": "Point", "coordinates": [ -108.9228, 39.66236 ] } },
{ "type": "Feature", "properties": { "c": "cdss_spring", "n": "BLM SPRING 180-05", "d": "Decreed spring · WDID 4301821" }, "geometry": { "type": "Point", "coordinates": [ -108.90062, 39.66594 ] } },
{ "type": "Feature", "properties": { "c": "cdss_spring", "n": "BLM SPRING 180-28", "d": "Decreed spring · WDID 4303271" }, "geometry": { "type": "Point", "coordinates": [ -108.89096, 39.66818 ] } },
{ "type": "Feature", "properties": { "c": "cdss_spring", "n": "S JAMES SPG", "d": "Decreed spring · WDID 4302429" }, "geometry": { "type": "Point", "coordinates": [ -108.99238, 39.66778 ] } },
{ "type": "Feature", "properties": { "c": "cdss_spring", "n": "BLM SPRING 180-26", "d": "Decreed spring · WDID 4301452" }, "geometry": { "type": "Point", "coordinates": [ -108.91743, 39.67166 ] } },
{ "type": "Feature", "properties": { "c": "cdss_spring", "n": "SHALE SPG NO 1", "d": "Decreed spring · WDID 4301434" }, "geometry": { "type": "Point", "coordinates": [ -108.83473, 39.6658 ] } },
{ "type": "Feature", "properties": { "c": "cdss_spring", "n": "LITTLE FOUNDATION SPG 1", "d": "Decreed spring · WDID 4301359" }, "geometry": { "type": "Point", "coordinates": [ -108.79612, 39.67102 ] } },
{ "type": "Feature", "properties": { "c": "cdss_spring", "n": "BIG FOUNDATION SPRING", "d": "Decreed spring · WDID 4301985" }, "geometry": { "type": "Point", "coordinates": [ -108.82306, 39.67273 ] } },
{ "type": "Feature", "properties": { "c": "cdss_pond", "n": "MARK RES NO 1", "d": "Decreed stock pond · WDID 4303893" }, "geometry": { "type": "Point", "coordinates": [ -108.85111, 39.67463 ] } },
{ "type": "Feature", "properties": { "c": "cdss_pond", "n": "MARK RES NO 2", "d": "Decreed stock pond · WDID 4304280" }, "geometry": { "type": "Point", "coordinates": [ -108.85025, 39.68192 ] } },
{ "type": "Feature", "properties": { "c": "cdss_pond", "n": "KIRBY RES NO 2/60", "d": "Decreed stock pond · WDID 4303895" }, "geometry": { "type": "Point", "coordinates": [ -108.84664, 39.695 ] } },
{ "type": "Feature", "properties": { "c": "cdss_pond", "n": "MARK RES NO 3", "d": "Decreed stock pond · WDID 4303897" }, "geometry": { "type": "Point", "coordinates": [ -108.84605, 39.69774 ] } },
{ "type": "Feature", "properties": { "c": "cdss_pond", "n": "ALBRIGHT RES NO 2", "d": "Decreed stock pond · WDID 4303896" }, "geometry": { "type": "Point", "coordinates": [ -108.84286, 39.70582 ] } },
{ "type": "Feature", "properties": { "c": "cdss_pond", "n": "BANTA RES NO 1", "d": "Decreed stock pond · WDID 4303894" }, "geometry": { "type": "Point", "coordinates": [ -108.83158, 39.71469 ] } },
{ "type": "Feature", "properties": { "c": "cdss_spring", "n": "BLM SPRING 176-06", "d": "Decreed spring · WDID 4301523" }, "geometry": { "type": "Point", "coordinates": [ -108.86121, 39.75814 ] } },
{ "type": "Feature", "properties": { "c": "cdss_spring", "n": "MISSOURI CK W A SPG 1", "d": "Decreed spring · WDID 4302127" }, "geometry": { "type": "Point", "coordinates": [ -108.88863, 39.67902 ] } },
{ "type": "Feature", "properties": { "c": "cdss_spring", "n": "RED CEDAR SPG 1", "d": "Decreed spring · WDID 4301267" }, "geometry": { "type": "Point", "coordinates": [ -108.88285, 39.6904 ] } },
{ "type": "Feature", "properties": { "c": "cdss_spring", "n": "OAK SPG NO 1", "d": "Decreed spring · WDID 4301432" }, "geometry": { "type": "Point", "coordinates": [ -108.86427, 39.6966 ] } },
{ "type": "Feature", "properties": { "c": "cdss_spring", "n": "BLM SPRING 181-31", "d": "Decreed spring · WDID 4301150" }, "geometry": { "type": "Point", "coordinates": [ -108.86741, 39.70505 ] } },
{ "type": "Feature", "properties": { "c": "cdss_spring", "n": "BUCK SPRING", "d": "Decreed spring · WDID 4301984" }, "geometry": { "type": "Point", "coordinates": [ -108.87933, 39.70904 ] } },
{ "type": "Feature", "properties": { "c": "cdss_spring", "n": "SHALE SPRING", "d": "Decreed spring · WDID 4301986" }, "geometry": { "type": "Point", "coordinates": [ -108.91023, 39.72611 ] } },
{ "type": "Feature", "properties": { "c": "cdss_spring", "n": "BLM SPRING 176-20", "d": "Decreed spring · WDID 4301524" }, "geometry": { "type": "Point", "coordinates": [ -108.8621, 39.75672 ] } },
{ "type": "Feature", "properties": { "c": "cdss_spring", "n": "BIG CEDAR SPG NO 1", "d": "Decreed spring · WDID 4301268" }, "geometry": { "type": "Point", "coordinates": [ -108.8619, 39.76118 ] } },
{ "type": "Feature", "properties": { "c": "cdss_spring", "n": "BLM SPRING 177-09", "d": "Decreed spring · WDID 4302530" }, "geometry": { "type": "Point", "coordinates": [ -108.88747, 39.76075 ] } },
{ "type": "Feature", "properties": { "c": "cdss_spring", "n": "WILD ROSE SPG 1", "d": "Decreed spring · WDID 4301269" }, "geometry": { "type": "Point", "coordinates": [ -108.8638, 39.77133 ] } },
{ "type": "Feature", "properties": { "c": "cdss_spring", "n": "BLM SPRING 182-50", "d": "Decreed spring · WDID 4301190" }, "geometry": { "type": "Point", "coordinates": [ -108.71157, 39.68004 ] } },
{ "type": "Feature", "properties": { "c": "cdss_spring", "n": "WESTSIDE SPRING", "d": "Decreed spring · WDID 4301983" }, "geometry": { "type": "Point", "coordinates": [ -108.71842, 39.67994 ] } },
{ "type": "Feature", "properties": { "c": "cdss_spring", "n": "TRAIL RIDGE SPRING", "d": "Decreed spring · WDID 4301982" }, "geometry": { "type": "Point", "coordinates": [ -108.7241, 39.68026 ] } },
{ "type": "Feature", "properties": { "c": "cdss_pond", "n": "CATHEDRAL RES NO. 1", "d": "Decreed stock pond · WDID 4304246" }, "geometry": { "type": "Point", "coordinates": [ -108.69502, 39.68326 ] } },
{ "type": "Feature", "properties": { "c": "cdss_spring", "n": "GILLAM DRAW #1 SPRING", "d": "Decreed spring · WDID 4301978" }, "geometry": { "type": "Point", "coordinates": [ -108.66313, 39.68588 ] } },
{ "type": "Feature", "properties": { "c": "cdss_spring", "n": "BRUSHY POINT SPRING", "d": "Decreed spring · WDID 4301981" }, "geometry": { "type": "Point", "coordinates": [ -108.7261, 39.7247 ] } },
{ "type": "Feature", "properties": { "c": "cdss_spring", "n": "BLM SPRING 149-02", "d": "Decreed spring · WDID 4302543" }, "geometry": { "type": "Point", "coordinates": [ -108.73322, 40.02745 ] } },
{ "type": "Feature", "properties": { "c": "cdss_spring", "n": "BLM SPRING 149-04", "d": "Decreed spring · WDID 4301810" }, "geometry": { "type": "Point", "coordinates": [ -108.73599, 40.08311 ] } },
{ "type": "Feature", "properties": { "c": "cdss_pond", "n": "COMSTOCK PUMP PL", "d": "Decreed stock pond · WDID 4301496" }, "geometry": { "type": "Point", "coordinates": [ -108.77425, 40.09602 ] } },
{ "type": "Feature", "properties": { "c": "cdss_spring", "n": "BLM SPRING 149-12", "d": "Decreed spring · WDID 4301668" }, "geometry": { "type": "Point", "coordinates": [ -108.69383, 40.10442 ] } },
{ "type": "Feature", "properties": { "c": "cdss_spring", "n": "WILD HORSE SEEP", "d": "Decreed spring · WDID 4301968" }, "geometry": { "type": "Point", "coordinates": [ -108.92118, 39.79853 ] } },
{ "type": "Feature", "properties": { "c": "cdss_spring", "n": "GORD SPG NO 1", "d": "Decreed spring · WDID 4301266" }, "geometry": { "type": "Point", "coordinates": [ -108.87371, 39.80572 ] } },
{ "type": "Feature", "properties": { "c": "cdss_pond", "n": "SLACK POND", "d": "Decreed stock pond · WDID 4303804" }, "geometry": { "type": "Point", "coordinates": [ -108.92537, 40.06495 ] } },
{ "type": "Feature", "properties": { "c": "cdss_spring", "n": "BLM SPRING 155-01", "d": "Decreed spring · WDID 4301456" }, "geometry": { "type": "Point", "coordinates": [ -108.82095, 39.97595 ] } },
{ "type": "Feature", "properties": { "c": "cdss_spring", "n": "BLM SPRING 150-03", "d": "Decreed spring · WDID 4301442" }, "geometry": { "type": "Point", "coordinates": [ -108.81458, 40.0644 ] } },
{ "type": "Feature", "properties": { "c": "cdss_spring", "n": "BLM SPRING 150-02", "d": "Decreed spring · WDID 4301585" }, "geometry": { "type": "Point", "coordinates": [ -108.81772, 40.06873 ] } },
{ "type": "Feature", "properties": { "c": "cdss_spring", "n": "BLM SPRING 150-08", "d": "Decreed spring · WDID 4301674" }, "geometry": { "type": "Point", "coordinates": [ -108.81487, 40.06955 ] } },
{ "type": "Feature", "properties": { "c": "cdss_spring", "n": "BLM SPRING 150-01", "d": "Decreed spring · WDID 4301422" }, "geometry": { "type": "Point", "coordinates": [ -108.81631, 40.06953 ] } },
{ "type": "Feature", "properties": { "c": "cdss_pond", "n": "TAYLOR DRAW RES", "d": "Decreed stock pond · WDID 4304433" }, "geometry": { "type": "Point", "coordinates": [ -108.71234, 40.10682 ] } },
{ "type": "Feature", "properties": { "c": "cdss_spring", "n": "BLM SPRING 149-25", "d": "Decreed spring · WDID 4301620" }, "geometry": { "type": "Point", "coordinates": [ -108.71919, 40.11092 ] } },
{ "type": "Feature", "properties": { "c": "cdss_pond", "n": "RANGELY RESERVOIR", "d": "Decreed stock pond · WDID 4304293" }, "geometry": { "type": "Point", "coordinates": [ -108.70942, 40.13391 ] } },
{ "type": "Feature", "properties": { "c": "cdss_pond", "n": "DESERADO POND PUMP STATION", "d": "Decreed stock pond · WDID 4303370" }, "geometry": { "type": "Point", "coordinates": [ -108.69772, 40.15695 ] } },
{ "type": "Feature", "properties": { "c": "cdss_spring", "n": "BLM SPRING 157-30", "d": "Decreed spring · WDID 4301601" }, "geometry": { "type": "Point", "coordinates": [ -108.6075, 39.9976 ] } },
{ "type": "Feature", "properties": { "c": "cdss_spring", "n": "BLM SPRING 157-92 THROUGH 98 COMPLEX", "d": "Decreed spring · WDID 4303233" }, "geometry": { "type": "Point", "coordinates": [ -108.61186, 39.99814 ] } },
{ "type": "Feature", "properties": { "c": "cdss_spring", "n": "BLM SPRING 157-89/90/91", "d": "Decreed spring · WDID 4303232" }, "geometry": { "type": "Point", "coordinates": [ -108.61186, 39.99814 ] } },
{ "type": "Feature", "properties": { "c": "cdss_spring", "n": "BLM SPRING 156-24", "d": "Decreed spring · WDID 4301669" }, "geometry": { "type": "Point", "coordinates": [ -108.63341, 39.99881 ] } },
{ "type": "Feature", "properties": { "c": "cdss_spring", "n": "COW CREEK SPRING", "d": "Decreed spring · WDID 4301896" }, "geometry": { "type": "Point", "coordinates": [ -108.62739, 40.00984 ] } },
{ "type": "Feature", "properties": { "c": "cdss_spring", "n": "SHAFT GULCH SPRING", "d": "Decreed spring · WDID 4301897" }, "geometry": { "type": "Point", "coordinates": [ -108.6039, 40.01175 ] } },
{ "type": "Feature", "properties": { "c": "cdss_spring", "n": "CHOKECHERRY SPRING", "d": "Decreed spring · WDID 4301895" }, "geometry": { "type": "Point", "coordinates": [ -108.6234, 40.01379 ] } },
{ "type": "Feature", "properties": { "c": "cdss_spring", "n": "BLM SPRING 148-54", "d": "Decreed spring · WDID 4301593" }, "geometry": { "type": "Point", "coordinates": [ -108.60903, 40.01437 ] } },
{ "type": "Feature", "properties": { "c": "cdss_spring", "n": "BLM SPRING 148-55", "d": "Decreed spring · WDID 4301594" }, "geometry": { "type": "Point", "coordinates": [ -108.60801, 40.01544 ] } },
{ "type": "Feature", "properties": { "c": "cdss_spring", "n": "WALSH DITCH", "d": "Decreed spring · WDID 4300991" }, "geometry": { "type": "Point", "coordinates": [ -108.64187, 40.01754 ] } },
{ "type": "Feature", "properties": { "c": "cdss_spring", "n": "INDIAN SPRING", "d": "Decreed spring · WDID 4301893" }, "geometry": { "type": "Point", "coordinates": [ -108.56065, 40.02467 ] } },
{ "type": "Feature", "properties": { "c": "cdss_spring", "n": "BLM SPRING 148-50", "d": "Decreed spring · WDID 4301660" }, "geometry": { "type": "Point", "coordinates": [ -108.55953, 40.02623 ] } },
{ "type": "Feature", "properties": { "c": "cdss_spring", "n": "KENNEY DITCH NO 3", "d": "Decreed spring · WDID 4301341" }, "geometry": { "type": "Point", "coordinates": [ -108.60106, 40.02518 ] } },
{ "type": "Feature", "properties": { "c": "cdss_spring", "n": "BLM SPRING 148-51", "d": "Decreed spring · WDID 4301097" }, "geometry": { "type": "Point", "coordinates": [ -108.56061, 40.02702 ] } },
{ "type": "Feature", "properties": { "c": "cdss_spring", "n": "DRAGON SPRINGS", "d": "Decreed spring · WDID 4301340" }, "geometry": { "type": "Point", "coordinates": [ -108.60042, 40.02709 ] } },
{ "type": "Feature", "properties": { "c": "cdss_spring", "n": "RED HILL GL SPRING", "d": "Decreed spring · WDID 4301894" }, "geometry": { "type": "Point", "coordinates": [ -108.58134, 40.02831 ] } },
{ "type": "Feature", "properties": { "c": "cdss_spring", "n": "BLM SPRING 148-16", "d": "Decreed spring · WDID 4301995" }, "geometry": { "type": "Point", "coordinates": [ -108.59437, 40.03113 ] } },
{ "type": "Feature", "properties": { "c": "cdss_spring", "n": "RED HILL SPRINGS", "d": "Decreed spring · WDID 4301342" }, "geometry": { "type": "Point", "coordinates": [ -108.59045, 40.0333 ] } },
{ "type": "Feature", "properties": { "c": "cdss_spring", "n": "BLM SPRING 148-12", "d": "Decreed spring · WDID 4301460" }, "geometry": { "type": "Point", "coordinates": [ -108.58513, 40.06255 ] } },
{ "type": "Feature", "properties": { "c": "cdss_spring", "n": "BLM SPRING 148-34", "d": "Decreed spring · WDID 4301809" }, "geometry": { "type": "Point", "coordinates": [ -108.56652, 40.12293 ] } },
{ "type": "Feature", "properties": { "c": "cdss_spring", "n": "GREASEWOOD #1 SPRING", "d": "Decreed spring · WDID 4301890" }, "geometry": { "type": "Point", "coordinates": [ -108.5132, 40.07821 ] } },
{ "type": "Feature", "properties": { "c": "nhd_spring", "n": "", "d": "USGS topo spring (may be dry)" }, "geometry": { "type": "Point", "coordinates": [ -108.53433, 40.08 ] } },
{ "type": "Feature", "properties": { "c": "cdss_spring", "n": "THOMPSON SPRING", "d": "Decreed spring · WDID 4302470" }, "geometry": { "type": "Point", "coordinates": [ -108.52918, 40.08221 ] } },
{ "type": "Feature", "properties": { "c": "nhd_spring", "n": "Thompson Spring", "d": "USGS topo spring (may be dry)" }, "geometry": { "type": "Point", "coordinates": [ -108.52969, 40.0822 ] } },
{ "type": "Feature", "properties": { "c": "cdss_spring", "n": "BLM SPRING 148-41", "d": "Decreed spring · WDID 4301106" }, "geometry": { "type": "Point", "coordinates": [ -108.55756, 40.08754 ] } },
{ "type": "Feature", "properties": { "c": "cdss_spring", "n": "BLM SPRING 148-09", "d": "Decreed spring · WDID 4301100" }, "geometry": { "type": "Point", "coordinates": [ -108.55902, 40.09058 ] } },
{ "type": "Feature", "properties": { "c": "cdss_spring", "n": "BLM SPRING 148-06", "d": "Decreed spring · WDID 4301607" }, "geometry": { "type": "Point", "coordinates": [ -108.54866, 40.09897 ] } },
{ "type": "Feature", "properties": { "c": "cdss_spring", "n": "BLM SPRING 148-53", "d": "Decreed spring · WDID 4301612" }, "geometry": { "type": "Point", "coordinates": [ -108.55513, 40.10023 ] } },
{ "type": "Feature", "properties": { "c": "cdss_spring", "n": "UPPER BOISE SPRING", "d": "Decreed spring · WDID 4301188" }, "geometry": { "type": "Point", "coordinates": [ -108.55683, 40.10233 ] } },
{ "type": "Feature", "properties": { "c": "cdss_spring", "n": "BLM SPRING 148-42", "d": "Decreed spring · WDID 4301608" }, "geometry": { "type": "Point", "coordinates": [ -108.54574, 40.1056 ] } },
{ "type": "Feature", "properties": { "c": "cdss_spring", "n": "CHOKECHERRY SPRINGS", "d": "Decreed spring · WDID 4301366" }, "geometry": { "type": "Point", "coordinates": [ -108.62301, 40.019 ] } },
{ "type": "Feature", "properties": { "c": "cdss_spring", "n": "SHAFT SPRINGS", "d": "Decreed spring · WDID 4301365" }, "geometry": { "type": "Point", "coordinates": [ -108.60573, 40.02245 ] } },
{ "type": "Feature", "properties": { "c": "cdss_spring", "n": "KINNEY DITCH NO 2", "d": "Decreed spring · WDID 4300748" }, "geometry": { "type": "Point", "coordinates": [ -108.60875, 40.02545 ] } },
{ "type": "Feature", "properties": { "c": "cdss_spring", "n": "KENNY RESERVOIR NO 1", "d": "Decreed spring · WDID 4304275" }, "geometry": { "type": "Point", "coordinates": [ -108.61547, 40.02841 ] } },
{ "type": "Feature", "properties": { "c": "cdss_spring", "n": "BLM SEEP", "d": "Decreed spring · WDID 4301892" }, "geometry": { "type": "Point", "coordinates": [ -108.60518, 40.04298 ] } },
{ "type": "Feature", "properties": { "c": "cdss_spring", "n": "SPRING CR RES", "d": "Decreed spring · WDID 4304500" }, "geometry": { "type": "Point", "coordinates": [ -108.65525, 40.07613 ] } },
{ "type": "Feature", "properties": { "c": "cdss_spring", "n": "HAMMOND DRAW #3  SPRING", "d": "Decreed spring · WDID 4301916" }, "geometry": { "type": "Point", "coordinates": [ -108.61373, 40.12025 ] } },
{ "type": "Feature", "properties": { "c": "cdss_spring", "n": "BLM SPRING 119-16", "d": "Decreed spring · WDID 4301617" }, "geometry": { "type": "Point", "coordinates": [ -108.62082, 40.15252 ] } },
{ "type": "Feature", "properties": { "c": "cdss_spring", "n": "BLM SPRING 119-15", "d": "Decreed spring · WDID 4301616" }, "geometry": { "type": "Point", "coordinates": [ -108.6191, 40.15423 ] } },
{ "type": "Feature", "properties": { "c": "cdss_spring", "n": "BLM SPRING 119-13", "d": "Decreed spring · WDID 4301615" }, "geometry": { "type": "Point", "coordinates": [ -108.62075, 40.15974 ] } },
{ "type": "Feature", "properties": { "c": "cdss_spring", "n": "BLM SPRING 148-02", "d": "Decreed spring · WDID 4301606" }, "geometry": { "type": "Point", "coordinates": [ -108.55541, 40.10668 ] } },
{ "type": "Feature", "properties": { "c": "cdss_spring", "n": "BLM SPRING 148-43", "d": "Decreed spring · WDID 4301609" }, "geometry": { "type": "Point", "coordinates": [ -108.5467, 40.10839 ] } },
{ "type": "Feature", "properties": { "c": "cdss_spring", "n": "BLM SPRING 148-44", "d": "Decreed spring · WDID 4301610" }, "geometry": { "type": "Point", "coordinates": [ -108.54259, 40.11112 ] } },
{ "type": "Feature", "properties": { "c": "cdss_spring", "n": "BLM SPRING 148-45", "d": "Decreed spring · WDID 4301611" }, "geometry": { "type": "Point", "coordinates": [ -108.54994, 40.11416 ] } },
{ "type": "Feature", "properties": { "c": "cdss_spring", "n": "BLM SPRING 119-52", "d": "Decreed spring · WDID 4301470" }, "geometry": { "type": "Point", "coordinates": [ -108.54683, 40.12806 ] } },
{ "type": "Feature", "properties": { "c": "cdss_spring", "n": "BLM SPRING 119-12", "d": "Decreed spring · WDID 4301463" }, "geometry": { "type": "Point", "coordinates": [ -108.54738, 40.1288 ] } },
{ "type": "Feature", "properties": { "c": "cdss_spring", "n": "BLM SPRING 119-19", "d": "Decreed spring · WDID 4301464" }, "geometry": { "type": "Point", "coordinates": [ -108.54226, 40.12904 ] } },
{ "type": "Feature", "properties": { "c": "cdss_spring", "n": "BLM SPRING 119-53", "d": "Decreed spring · WDID 4301471" }, "geometry": { "type": "Point", "coordinates": [ -108.55249, 40.12952 ] } },
{ "type": "Feature", "properties": { "c": "cdss_spring", "n": "BLM SPRING 119-51", "d": "Decreed spring · WDID 4301469" }, "geometry": { "type": "Point", "coordinates": [ -108.54683, 40.13011 ] } },
{ "type": "Feature", "properties": { "c": "cdss_spring", "n": "BLM SPRING 119-54", "d": "Decreed spring · WDID 4301473" }, "geometry": { "type": "Point", "coordinates": [ -108.55562, 40.13319 ] } },
{ "type": "Feature", "properties": { "c": "cdss_spring", "n": "BLM SPRING 119-20", "d": "Decreed spring · WDID 4301465" }, "geometry": { "type": "Point", "coordinates": [ -108.5551, 40.13421 ] } },
{ "type": "Feature", "properties": { "c": "cdss_spring", "n": "MONUMENT #1 SPRING", "d": "Decreed spring · WDID 4301915" }, "geometry": { "type": "Point", "coordinates": [ -108.51942, 40.1369 ] } },
{ "type": "Feature", "properties": { "c": "cdss_spring", "n": "BLM SPRING 119-50", "d": "Decreed spring · WDID 4301468" }, "geometry": { "type": "Point", "coordinates": [ -108.55523, 40.14017 ] } },
{ "type": "Feature", "properties": { "c": "cdss_spring", "n": "BLM SPRING 119-21", "d": "Decreed spring · WDID 4301466" }, "geometry": { "type": "Point", "coordinates": [ -108.55192, 40.14139 ] } },
{ "type": "Feature", "properties": { "c": "cdss_spring", "n": "BLM SPRING 119-22", "d": "Decreed spring · WDID 4301467" }, "geometry": { "type": "Point", "coordinates": [ -108.55441, 40.14173 ] } },
{ "type": "Feature", "properties": { "c": "cdss_spring", "n": "BLM SPRING 119-49", "d": "Decreed spring · WDID 4301671" }, "geometry": { "type": "Point", "coordinates": [ -108.55972, 40.14174 ] } },
{ "type": "Feature", "properties": { "c": "cdss_spring", "n": "BLM SPRING 119-07", "d": "Decreed spring · WDID 4301398" }, "geometry": { "type": "Point", "coordinates": [ -108.54926, 40.15955 ] } },
{ "type": "Feature", "properties": { "c": "cdss_spring", "n": "BLM SPRING 110-01", "d": "Decreed spring · WDID 4302356" }, "geometry": { "type": "Point", "coordinates": [ -108.54926, 40.15955 ] } },
{ "type": "Feature", "properties": { "c": "cdss_spring", "n": "BOISE SPRING 1", "d": "Decreed spring · WDID 4301206" }, "geometry": { "type": "Point", "coordinates": [ -108.54811, 40.15997 ] } },
{ "type": "Feature", "properties": { "c": "cdss_spring", "n": "BLM SPRING 119-47", "d": "Decreed spring · WDID 4301397" }, "geometry": { "type": "Point", "coordinates": [ -108.5439, 40.16068 ] } },
{ "type": "Feature", "properties": { "c": "cdss_spring", "n": "SPRING CREEK D PUMP 3", "d": "Decreed spring · WDID 4301450" }, "geometry": { "type": "Point", "coordinates": [ -108.65692, 40.16169 ] } },
{ "type": "Feature", "properties": { "c": "cdss_spring", "n": "SPRING CREEK D PUMP STA", "d": "Decreed spring · WDID 4300940" }, "geometry": { "type": "Point", "coordinates": [ -108.67203, 40.16123 ] } },
{ "type": "Feature", "properties": { "c": "cdss_spring", "n": "SPRING CREEK D PUMP 4", "d": "Decreed spring · WDID 4301451" }, "geometry": { "type": "Point", "coordinates": [ -108.66132, 40.16208 ] } },
{ "type": "Feature", "properties": { "c": "cdss_spring", "n": "SPRING CREEK D PUMP 2", "d": "Decreed spring · WDID 4300941" }, "geometry": { "type": "Point", "coordinates": [ -108.65362, 40.16336 ] } },
{ "type": "Feature", "properties": { "c": "cdss_spring", "n": "SPRING CREEK D PUMP 1", "d": "Decreed spring · WDID 4300939" }, "geometry": { "type": "Point", "coordinates": [ -108.64934, 40.16374 ] } },
{ "type": "Feature", "properties": { "c": "cdss_spring", "n": "BLM SPRING 119-05", "d": "Decreed spring · WDID 4302536" }, "geometry": { "type": "Point", "coordinates": [ -108.57332, 40.16368 ] } },
{ "type": "Feature", "properties": { "c": "cdss_spring", "n": "BLM SPRING 119-28", "d": "Decreed spring · WDID 4301614" }, "geometry": { "type": "Point", "coordinates": [ -108.56564, 40.16421 ] } },
{ "type": "Feature", "properties": { "c": "cdss_spring", "n": "BLM SPRING 119-06", "d": "Decreed spring · WDID 4303252" }, "geometry": { "type": "Point", "coordinates": [ -108.59522, 40.16371 ] } },
{ "type": "Feature", "properties": { "c": "cdss_spring", "n": "BLM SPRING 119-04", "d": "Decreed spring · WDID 4302535" }, "geometry": { "type": "Point", "coordinates": [ -108.57385, 40.16478 ] } },
{ "type": "Feature", "properties": { "c": "cdss_spring", "n": "BLM SPRING 119-03", "d": "Decreed spring · WDID 4301613" }, "geometry": { "type": "Point", "coordinates": [ -108.56459, 40.16791 ] } },
{ "type": "Feature", "properties": { "c": "cdss_spring", "n": "BLM SPRING 119-24", "d": "Decreed spring · WDID 4301396" }, "geometry": { "type": "Point", "coordinates": [ -108.5453, 40.16141 ] } },
{ "type": "Feature", "properties": { "c": "cdss_spring", "n": "BLM SPRING 119-30", "d": "Decreed spring · WDID 4301574" }, "geometry": { "type": "Point", "coordinates": [ -108.54091, 40.16268 ] } },
{ "type": "Feature", "properties": { "c": "cdss_spring", "n": "BLM SPRING 119-48", "d": "Decreed spring · WDID 4301577" }, "geometry": { "type": "Point", "coordinates": [ -108.53888, 40.16361 ] } },
{ "type": "Feature", "properties": { "c": "cdss_spring", "n": "BLM SPRING 119-31", "d": "Decreed spring · WDID 4301575" }, "geometry": { "type": "Point", "coordinates": [ -108.53825, 40.16394 ] } },
{ "type": "Feature", "properties": { "c": "cdss_spring", "n": "BLM SPRING 119-32", "d": "Decreed spring · WDID 4301576" }, "geometry": { "type": "Point", "coordinates": [ -108.53938, 40.16727 ] } },
{ "type": "Feature", "properties": { "c": "cdss_spring", "n": "BLM SPRING 119-27", "d": "Decreed spring · WDID 4301670" }, "geometry": { "type": "Point", "coordinates": [ -108.55315, 40.16765 ] } },
{ "type": "Feature", "properties": { "c": "cdss_spring", "n": "BLM SPRING 119-26", "d": "Decreed spring · WDID 4301295" }, "geometry": { "type": "Point", "coordinates": [ -108.55333, 40.16792 ] } },
{ "type": "Feature", "properties": { "c": "cdss_spring", "n": "MONUMENT #2 SPRING", "d": "Decreed spring · WDID 4301914" }, "geometry": { "type": "Point", "coordinates": [ -108.51791, 40.17185 ] } },
{ "type": "Feature", "properties": { "c": "cdss_spring", "n": "BOISE CR SPRING CR PL", "d": "Decreed spring · WDID 4302460" }, "geometry": { "type": "Point", "coordinates": [ -108.55323, 40.17144 ] } },
{ "type": "Feature", "properties": { "c": "cdss_spring", "n": "BLM SPRING 119-40", "d": "Decreed spring · WDID 4301449" }, "geometry": { "type": "Point", "coordinates": [ -108.53284, 40.17234 ] } },
{ "type": "Feature", "properties": { "c": "cdss_pond", "n": "BOISE CR RES", "d": "Decreed stock pond · WDID 4304501" }, "geometry": { "type": "Point", "coordinates": [ -108.55331, 40.17176 ] } },
{ "type": "Feature", "properties": { "c": "cdss_spring", "n": "COOK SPRING #1", "d": "Decreed spring · WDID 4301008" }, "geometry": { "type": "Point", "coordinates": [ -108.53293, 40.17336 ] } },
{ "type": "Feature", "properties": { "c": "cdss_spring", "n": "BLM SPRING 119-01", "d": "Decreed spring · WDID 4301393" }, "geometry": { "type": "Point", "coordinates": [ -108.55383, 40.17322 ] } },
{ "type": "Feature", "properties": { "c": "cdss_spring", "n": "BLM SPRING 119-45", "d": "Decreed spring · WDID 4301395" }, "geometry": { "type": "Point", "coordinates": [ -108.55447, 40.17357 ] } },
{ "type": "Feature", "properties": { "c": "cdss_spring", "n": "BLM SPRING 119-55", "d": "Decreed spring · WDID 4301149" }, "geometry": { "type": "Point", "coordinates": [ -108.53239, 40.17529 ] } },
{ "type": "Feature", "properties": { "c": "cdss_pond", "n": "ROBINSON POND 21NE", "d": "Decreed stock pond · WDID 4303515" }, "geometry": { "type": "Point", "coordinates": [ -107.94695, 39.7772 ] } },
{ "type": "Feature", "properties": { "c": "cdss_spring", "n": "BLM SPRING 169-05", "d": "Decreed spring · WDID 4302318" }, "geometry": { "type": "Point", "coordinates": [ -107.98762, 39.77248 ] } },
{ "type": "Feature", "properties": { "c": "cdss_spring", "n": "BLM SPRING 169-04", "d": "Decreed spring · WDID 4302293" }, "geometry": { "type": "Point", "coordinates": [ -107.9796, 39.77446 ] } },
{ "type": "Feature", "properties": { "c": "cdss_spring", "n": "COX SPRING NO. 1", "d": "Decreed spring · WDID 4302251" }, "geometry": { "type": "Point", "coordinates": [ -107.95873, 39.79558 ] } },
{ "type": "Feature", "properties": { "c": "cdss_spring", "n": "FOURTEEN MILE SPRING", "d": "Decreed spring · WDID 4301958" }, "geometry": { "type": "Point", "coordinates": [ -107.98719, 39.79626 ] } },
{ "type": "Feature", "properties": { "c": "cdss_pond", "n": "FOURTEEN MILE RES", "d": "Decreed stock pond · WDID 4304263" }, "geometry": { "type": "Point", "coordinates": [ -107.97813, 39.81306 ] } },
{ "type": "Feature", "properties": { "c": "cdss_spring", "n": "CABIN GULCH SPG", "d": "Decreed spring · WDID 4301309" }, "geometry": { "type": "Point", "coordinates": [ -108.00428, 39.81448 ] } },
{ "type": "Feature", "properties": { "c": "cdss_spring", "n": "PHILLIPS SPG", "d": "Decreed spring · WDID 4301330" }, "geometry": { "type": "Point", "coordinates": [ -107.96475, 39.82166 ] } },
{ "type": "Feature", "properties": { "c": "cdss_spring", "n": "ELIZABETH SPRING NO. 2", "d": "Decreed spring · WDID 4303187" }, "geometry": { "type": "Point", "coordinates": [ -107.96454, 39.82299 ] } },
{ "type": "Feature", "properties": { "c": "cdss_spring", "n": "FAWN SPRING", "d": "Decreed spring · WDID 4302637" }, "geometry": { "type": "Point", "coordinates": [ -107.9611, 39.82605 ] } },
{ "type": "Feature", "properties": { "c": "cdss_pond", "n": "WATER SUPPLY PLANT & PL", "d": "Decreed stock pond · WDID 4303727" }, "geometry": { "type": "Point", "coordinates": [ -107.96832, 39.82642 ] } },
{ "type": "Feature", "properties": { "c": "cdss_spring", "n": "FRENCH HILL SPRING", "d": "Decreed spring · WDID 4302249" }, "geometry": { "type": "Point", "coordinates": [ -107.95714, 39.8169 ] } },
{ "type": "Feature", "properties": { "c": "cdss_spring", "n": "EAST SPRING NO. 1", "d": "Decreed spring · WDID 4302651" }, "geometry": { "type": "Point", "coordinates": [ -107.95534, 39.82472 ] } },
{ "type": "Feature", "properties": { "c": "cdss_spring", "n": "WEST SPRING N0. 5", "d": "Decreed spring · WDID 4302650" }, "geometry": { "type": "Point", "coordinates": [ -107.95633, 39.82593 ] } },
{ "type": "Feature", "properties": { "c": "cdss_spring", "n": "DOE SPRING", "d": "Decreed spring · WDID 4302636" }, "geometry": { "type": "Point", "coordinates": [ -107.95861, 39.8264 ] } },
{ "type": "Feature", "properties": { "c": "cdss_spring", "n": "WEST SPRING NO. 4", "d": "Decreed spring · WDID 4302649" }, "geometry": { "type": "Point", "coordinates": [ -107.95681, 39.82695 ] } },
{ "type": "Feature", "properties": { "c": "cdss_spring", "n": "BLM SPRING 170-34", "d": "Decreed spring · WDID 4302347" }, "geometry": { "type": "Point", "coordinates": [ -108.01985, 39.80285 ] } },
{ "type": "Feature", "properties": { "c": "cdss_spring", "n": "THIRTEEN MILE SPRING", "d": "Decreed spring · WDID 4301959" }, "geometry": { "type": "Point", "coordinates": [ -108.05652, 39.82502 ] } },
{ "type": "Feature", "properties": { "c": "nhd_spring", "n": "", "d": "USGS topo spring (may be dry)" }, "geometry": { "type": "Point", "coordinates": [ -108.05648, 39.82513 ] } },
{ "type": "Feature", "properties": { "c": "cdss_spring", "n": "THIRTEEN MILE SPRING", "d": "Decreed spring · WDID 4301936" }, "geometry": { "type": "Point", "coordinates": [ -108.06771, 39.83413 ] } },
{ "type": "Feature", "properties": { "c": "nhd_spring", "n": "", "d": "USGS topo spring (may be dry)" }, "geometry": { "type": "Point", "coordinates": [ -108.01911, 39.83752 ] } },
{ "type": "Feature", "properties": { "c": "cdss_spring", "n": "DRIP SPG", "d": "Decreed spring · WDID 4301308" }, "geometry": { "type": "Point", "coordinates": [ -108.01898, 39.83754 ] } },
{ "type": "Feature", "properties": { "c": "cdss_spring", "n": "THIRTEENMILE SPG 1", "d": "Decreed spring · WDID 4302352" }, "geometry": { "type": "Point", "coordinates": [ -108.04046, 39.83812 ] } },
{ "type": "Feature", "properties": { "c": "nhd_spring", "n": "", "d": "USGS topo spring (may be dry)" }, "geometry": { "type": "Point", "coordinates": [ -108.02651, 39.8434 ] } },
{ "type": "Feature", "properties": { "c": "cdss_spring", "n": "BLM SPRING 170-16", "d": "Decreed spring · WDID 4302332" }, "geometry": { "type": "Point", "coordinates": [ -108.02645, 39.84344 ] } },
{ "type": "Feature", "properties": { "c": "nhd_spring", "n": "", "d": "USGS topo spring (may be dry)" }, "geometry": { "type": "Point", "coordinates": [ -108.02266, 39.84395 ] } },
{ "type": "Feature", "properties": { "c": "cdss_pond", "n": "WATER SUPPLY POND", "d": "Decreed stock pond · WDID 4303726" }, "geometry": { "type": "Point", "coordinates": [ -107.96832, 39.82642 ] } },
{ "type": "Feature", "properties": { "c": "cdss_spring", "n": "WEST SPRING NO. 1", "d": "Decreed spring · WDID 4302250" }, "geometry": { "type": "Point", "coordinates": [ -107.96286, 39.82787 ] } },
{ "type": "Feature", "properties": { "c": "cdss_pond", "n": "NICHOLE POND", "d": "Decreed stock pond · WDID 4303729" }, "geometry": { "type": "Point", "coordinates": [ -107.97191, 39.82829 ] } },
{ "type": "Feature", "properties": { "c": "cdss_pond", "n": "TJ POND", "d": "Decreed stock pond · WDID 4303725" }, "geometry": { "type": "Point", "coordinates": [ -107.96686, 39.82878 ] } },
{ "type": "Feature", "properties": { "c": "cdss_pond", "n": "ROBISON POND", "d": "Decreed stock pond · WDID 4303724" }, "geometry": { "type": "Point", "coordinates": [ -107.96451, 39.82933 ] } },
{ "type": "Feature", "properties": { "c": "cdss_pond", "n": "HILLSIDE POND", "d": "Decreed stock pond · WDID 4303728" }, "geometry": { "type": "Point", "coordinates": [ -107.97287, 39.82996 ] } },
{ "type": "Feature", "properties": { "c": "cdss_spring", "n": "RIAH SPRING", "d": "Decreed spring · WDID 4302691" }, "geometry": { "type": "Point", "coordinates": [ -107.96685, 39.83135 ] } },
{ "type": "Feature", "properties": { "c": "cdss_spring", "n": "CLARK SPG", "d": "Decreed spring · WDID 4301331" }, "geometry": { "type": "Point", "coordinates": [ -107.96458, 39.83147 ] } },
{ "type": "Feature", "properties": { "c": "cdss_spring", "n": "REBECCA SPRING", "d": "Decreed spring · WDID 4302690" }, "geometry": { "type": "Point", "coordinates": [ -107.9663, 39.8315 ] } },
{ "type": "Feature", "properties": { "c": "cdss_spring", "n": "RICH SPRING", "d": "Decreed spring · WDID 4302692" }, "geometry": { "type": "Point", "coordinates": [ -107.96593, 39.83165 ] } },
{ "type": "Feature", "properties": { "c": "cdss_spring", "n": "WEST SPRING NO. 3", "d": "Decreed spring · WDID 4302648" }, "geometry": { "type": "Point", "coordinates": [ -107.95691, 39.82728 ] } },
{ "type": "Feature", "properties": { "c": "cdss_spring", "n": "WEST SPRING NO. 2", "d": "Decreed spring · WDID 4302647" }, "geometry": { "type": "Point", "coordinates": [ -107.95734, 39.82819 ] } },
{ "type": "Feature", "properties": { "c": "cdss_spring", "n": "HUNT SPG NO 1", "d": "Decreed spring · WDID 4301437" }, "geometry": { "type": "Point", "coordinates": [ -107.95209, 39.86295 ] } },
{ "type": "Feature", "properties": { "c": "cdss_spring", "n": "HUNT SPG & STOCK POND 2", "d": "Decreed spring · WDID 4301562" }, "geometry": { "type": "Point", "coordinates": [ -107.95463, 39.87188 ] } },
{ "type": "Feature", "properties": { "c": "cdss_spring", "n": "AGNES SPRING", "d": "Decreed spring · WDID 4301118" }, "geometry": { "type": "Point", "coordinates": [ -107.95331, 39.8737 ] } },
{ "type": "Feature", "properties": { "c": "cdss_spring", "n": "WILD COW GULCH SPRING", "d": "Decreed spring · WDID 4301933" }, "geometry": { "type": "Point", "coordinates": [ -108.05401, 39.8451 ] } },
{ "type": "Feature", "properties": { "c": "cdss_spring", "n": "OPEN GULCH SPRING", "d": "Decreed spring · WDID 4301932" }, "geometry": { "type": "Point", "coordinates": [ -108.03986, 39.84785 ] } },
{ "type": "Feature", "properties": { "c": "nhd_spring", "n": "", "d": "USGS topo spring (may be dry)" }, "geometry": { "type": "Point", "coordinates": [ -108.02771, 39.84871 ] } },
{ "type": "Feature", "properties": { "c": "cdss_spring", "n": "BLM SPRING 170-15", "d": "Decreed spring · WDID 4301459" }, "geometry": { "type": "Point", "coordinates": [ -108.02756, 39.84873 ] } },
{ "type": "Feature", "properties": { "c": "nhd_spring", "n": "", "d": "USGS topo spring (may be dry)" }, "geometry": { "type": "Point", "coordinates": [ -108.06821, 39.86222 ] } },
{ "type": "Feature", "properties": { "c": "cdss_spring", "n": "DRY FORK #1 SPRING", "d": "Decreed spring · WDID 4301931" }, "geometry": { "type": "Point", "coordinates": [ -108.06826, 39.86245 ] } },
{ "type": "Feature", "properties": { "c": "nhd_spring", "n": "", "d": "USGS topo spring (may be dry)" }, "geometry": { "type": "Point", "coordinates": [ -108.06661, 39.86308 ] } },
{ "type": "Feature", "properties": { "c": "cdss_spring", "n": "BLM SPRING 170-04", "d": "Decreed spring · WDID 4301457" }, "geometry": { "type": "Point", "coordinates": [ -108.06675, 39.86332 ] } },
{ "type": "Feature", "properties": { "c": "cdss_spring", "n": "UPPER DRY FORK #1 SPRING", "d": "Decreed spring · WDID 4301929" }, "geometry": { "type": "Point", "coordinates": [ -108.07304, 39.86508 ] } },
{ "type": "Feature", "properties": { "c": "cdss_spring", "n": "REED SPG", "d": "Decreed spring · WDID 4301315" }, "geometry": { "type": "Point", "coordinates": [ -108.05546, 39.87852 ] } },
{ "type": "Feature", "properties": { "c": "cdss_spring", "n": "SUMMER CAMP SP", "d": "Decreed spring · WDID 4301173" }, "geometry": { "type": "Point", "coordinates": [ -107.99972, 39.86956 ] } },
{ "type": "Feature", "properties": { "c": "cdss_spring", "n": "BLM SPRING 161-24", "d": "Decreed spring · WDID 4301581" }, "geometry": { "type": "Point", "coordinates": [ -108.00288, 39.87759 ] } },
{ "type": "Feature", "properties": { "c": "cdss_spring", "n": "BLM SPRING 161-23", "d": "Decreed spring · WDID 4302385" }, "geometry": { "type": "Point", "coordinates": [ -108.00213, 39.88199 ] } },
{ "type": "Feature", "properties": { "c": "cdss_spring", "n": "TIMBER GULCH SPG", "d": "Decreed spring · WDID 4301227" }, "geometry": { "type": "Point", "coordinates": [ -108.01175, 39.88505 ] } },
{ "type": "Feature", "properties": { "c": "nhd_spring", "n": "", "d": "USGS topo spring (may be dry)" }, "geometry": { "type": "Point", "coordinates": [ -108.01185, 39.88507 ] } },
{ "type": "Feature", "properties": { "c": "cdss_spring", "n": "NORTH TIMBERGULCH SPG", "d": "Decreed spring · WDID 4301926" }, "geometry": { "type": "Point", "coordinates": [ -107.99927, 39.8885 ] } },
{ "type": "Feature", "properties": { "c": "cdss_spring", "n": "RATTLESNAKE SPG", "d": "Decreed spring · WDID 4301226" }, "geometry": { "type": "Point", "coordinates": [ -108.01668, 39.89354 ] } },
{ "type": "Feature", "properties": { "c": "cdss_spring", "n": "HIDDEN SPG", "d": "Decreed spring · WDID 4301212" }, "geometry": { "type": "Point", "coordinates": [ -108.01344, 39.90433 ] } },
{ "type": "Feature", "properties": { "c": "cdss_spring", "n": "HORSE SPG", "d": "Decreed spring · WDID 4301215" }, "geometry": { "type": "Point", "coordinates": [ -108.00027, 39.90502 ] } },
{ "type": "Feature", "properties": { "c": "cdss_spring", "n": "BLM SPRING 161-27", "d": "Decreed spring · WDID 4301578" }, "geometry": { "type": "Point", "coordinates": [ -108.00424, 39.90571 ] } },
{ "type": "Feature", "properties": { "c": "cdss_spring", "n": "TIMBER GL #2 SPRING", "d": "Decreed spring · WDID 4301924" }, "geometry": { "type": "Point", "coordinates": [ -108.02226, 39.88422 ] } },
{ "type": "Feature", "properties": { "c": "cdss_pond", "n": "TIMBER GULCH RESERVOIR 1", "d": "Decreed stock pond · WDID 4303710" }, "geometry": { "type": "Point", "coordinates": [ -108.02189, 39.88841 ] } },
{ "type": "Feature", "properties": { "c": "cdss_spring", "n": "BLM SPRING 161-58", "d": "Decreed spring · WDID 4301851" }, "geometry": { "type": "Point", "coordinates": [ -108.02988, 39.88952 ] } },
{ "type": "Feature", "properties": { "c": "cdss_pond", "n": "TIMBER GULCH RESERVOIR 2", "d": "Decreed stock pond · WDID 4303711" }, "geometry": { "type": "Point", "coordinates": [ -108.02596, 39.89012 ] } },
{ "type": "Feature", "properties": { "c": "cdss_spring", "n": "BLM RATTLESNAKE SPRING", "d": "Decreed spring · WDID 4301925" }, "geometry": { "type": "Point", "coordinates": [ -108.01955, 39.89059 ] } },
{ "type": "Feature", "properties": { "c": "cdss_pond", "n": "TIMBER GULCH RESERVOIR 3", "d": "Decreed stock pond · WDID 4303712" }, "geometry": { "type": "Point", "coordinates": [ -108.02897, 39.89287 ] } },
{ "type": "Feature", "properties": { "c": "cdss_spring", "n": "TIMBER GL #3 SPRING", "d": "Decreed spring · WDID 4301923" }, "geometry": { "type": "Point", "coordinates": [ -108.05387, 39.89279 ] } },
{ "type": "Feature", "properties": { "c": "nhd_spring", "n": "Timber Gulch Spring Number 3", "d": "USGS topo spring (may be dry)" }, "geometry": { "type": "Point", "coordinates": [ -108.05515, 39.89653 ] } },
{ "type": "Feature", "properties": { "c": "cdss_spring", "n": "CASEYS SPG", "d": "Decreed spring · WDID 4301224" }, "geometry": { "type": "Point", "coordinates": [ -108.05522, 39.89655 ] } },
{ "type": "Feature", "properties": { "c": "cdss_spring", "n": "JOE BUSH MTN SPG", "d": "Decreed spring · WDID 4301222" }, "geometry": { "type": "Point", "coordinates": [ -108.02473, 39.89843 ] } },
{ "type": "Feature", "properties": { "c": "cdss_spring", "n": "BLM SPRING 161-54", "d": "Decreed spring · WDID 4301848" }, "geometry": { "type": "Point", "coordinates": [ -108.06509, 39.89896 ] } },
{ "type": "Feature", "properties": { "c": "cdss_pond", "n": "EXXON DRY CREEK RESERVOIR", "d": "Decreed stock pond · WDID 4303778" }, "geometry": { "type": "Point", "coordinates": [ -108.07008, 39.89899 ] } },
{ "type": "Feature", "properties": { "c": "cdss_spring", "n": "HARPER SPRING", "d": "Decreed spring · WDID 4301920" }, "geometry": { "type": "Point", "coordinates": [ -108.02324, 39.90093 ] } },
{ "type": "Feature", "properties": { "c": "cdss_spring", "n": "WATKINS SPRING", "d": "Decreed spring · WDID 4301919" }, "geometry": { "type": "Point", "coordinates": [ -108.0315, 39.90594 ] } },
{ "type": "Feature", "properties": { "c": "cdss_spring", "n": "BLM SPRING 161-57", "d": "Decreed spring · WDID 4301850" }, "geometry": { "type": "Point", "coordinates": [ -108.04269, 39.90611 ] } },
{ "type": "Feature", "properties": { "c": "cdss_spring", "n": "BLM SPRING 161-55", "d": "Decreed spring · WDID 4301849" }, "geometry": { "type": "Point", "coordinates": [ -108.05784, 39.91098 ] } },
{ "type": "Feature", "properties": { "c": "cdss_spring", "n": "BLM SPRING 161-10", "d": "Decreed spring · WDID 4301389" }, "geometry": { "type": "Point", "coordinates": [ -108.0716, 39.91774 ] } },
{ "type": "Feature", "properties": { "c": "cdss_spring", "n": "JOE BUSH SPRING", "d": "Decreed spring · WDID 4301903" }, "geometry": { "type": "Point", "coordinates": [ -108.02338, 39.91932 ] } },
{ "type": "Feature", "properties": { "c": "cdss_spring", "n": "BLM DRIFT FENCE SPRING", "d": "Decreed spring · WDID 4301902" }, "geometry": { "type": "Point", "coordinates": [ -108.05331, 39.92144 ] } },
{ "type": "Feature", "properties": { "c": "cdss_spring", "n": "DRIFT FENCE SPG", "d": "Decreed spring · WDID 4301216" }, "geometry": { "type": "Point", "coordinates": [ -108.04647, 39.9242 ] } },
{ "type": "Feature", "properties": { "c": "cdss_spring", "n": "COW CAMP SPG", "d": "Decreed spring · WDID 4301213" }, "geometry": { "type": "Point", "coordinates": [ -107.99909, 39.90626 ] } },
{ "type": "Feature", "properties": { "c": "cdss_spring", "n": "JOE BUSH SPG", "d": "Decreed spring · WDID 4301214" }, "geometry": { "type": "Point", "coordinates": [ -108.00009, 39.90715 ] } },
{ "type": "Feature", "properties": { "c": "cdss_spring", "n": "BIG BUCK SPG", "d": "Decreed spring · WDID 4301210" }, "geometry": { "type": "Point", "coordinates": [ -108.0028, 39.90952 ] } },
{ "type": "Feature", "properties": { "c": "cdss_spring", "n": "BLM HIDDEN SPRING", "d": "Decreed spring · WDID 4301918" }, "geometry": { "type": "Point", "coordinates": [ -108.00461, 39.90985 ] } },
{ "type": "Feature", "properties": { "c": "cdss_spring", "n": "ROCK RIDGE SPG", "d": "Decreed spring · WDID 4301211" }, "geometry": { "type": "Point", "coordinates": [ -108.01224, 39.91143 ] } },
{ "type": "Feature", "properties": { "c": "cdss_spring", "n": "BEAR CANYON SPG NO 3", "d": "Decreed spring · WDID 4301444" }, "geometry": { "type": "Point", "coordinates": [ -107.98911, 39.91383 ] } },
{ "type": "Feature", "properties": { "c": "cdss_spring", "n": "BLM SPRING 161-49", "d": "Decreed spring · WDID 4301579" }, "geometry": { "type": "Point", "coordinates": [ -108.01745, 39.91442 ] } },
{ "type": "Feature", "properties": { "c": "cdss_spring", "n": "SEGAR GULCH SPG", "d": "Decreed spring · WDID 4301219" }, "geometry": { "type": "Point", "coordinates": [ -108.01402, 39.9242 ] } },
{ "type": "Feature", "properties": { "c": "cdss_spring", "n": "ELK DRAW SPG", "d": "Decreed spring · WDID 4301311" }, "geometry": { "type": "Point", "coordinates": [ -107.98478, 39.92537 ] } },
{ "type": "Feature", "properties": { "c": "cdss_pond", "n": "ELK DRAW RES", "d": "Decreed stock pond · WDID 4303899" }, "geometry": { "type": "Point", "coordinates": [ -107.9815, 39.9265 ] } },
{ "type": "Feature", "properties": { "c": "cdss_spring", "n": "BLM BEAR SPRING", "d": "Decreed spring · WDID 4301904" }, "geometry": { "type": "Point", "coordinates": [ -108.02385, 39.92651 ] } },
{ "type": "Feature", "properties": { "c": "cdss_spring", "n": "DAVIDS SPG", "d": "Decreed spring · WDID 4301218" }, "geometry": { "type": "Point", "coordinates": [ -108.02623, 39.9277 ] } },
{ "type": "Feature", "properties": { "c": "cdss_spring", "n": "BEAR SPG", "d": "Decreed spring · WDID 4301217" }, "geometry": { "type": "Point", "coordinates": [ -108.03007, 39.92904 ] } },
{ "type": "Feature", "properties": { "c": "cdss_spring", "n": "BLM SPRING 161-44", "d": "Decreed spring · WDID 4301511" }, "geometry": { "type": "Point", "coordinates": [ -108.06132, 39.9338 ] } },
{ "type": "Feature", "properties": { "c": "cdss_spring", "n": "LITTLE SEGAR SPG", "d": "Decreed spring · WDID 4301220" }, "geometry": { "type": "Point", "coordinates": [ -108.07031, 39.93488 ] } },
{ "type": "Feature", "properties": { "c": "cdss_spring", "n": "BLM SPRING 161-53", "d": "Decreed spring · WDID 4301563" }, "geometry": { "type": "Point", "coordinates": [ -108.0283, 39.93755 ] } },
{ "type": "Feature", "properties": { "c": "cdss_spring", "n": "WAGON WHEEL SPG", "d": "Decreed spring · WDID 4301221" }, "geometry": { "type": "Point", "coordinates": [ -108.03606, 39.93949 ] } },
{ "type": "Feature", "properties": { "c": "cdss_spring", "n": "BLM LITTLE SEGAR SPRING", "d": "Decreed spring · WDID 4301901" }, "geometry": { "type": "Point", "coordinates": [ -108.07033, 39.93999 ] } },
{ "type": "Feature", "properties": { "c": "cdss_spring", "n": "JOE NO 1 SPRING", "d": "Decreed spring · WDID 4302675" }, "geometry": { "type": "Point", "coordinates": [ -108.02341, 39.94194 ] } },
{ "type": "Feature", "properties": { "c": "cdss_spring", "n": "HAY GULCH SPG NO 6", "d": "Decreed spring · WDID 4301345" }, "geometry": { "type": "Point", "coordinates": [ -108.03283, 39.9514 ] } },
{ "type": "Feature", "properties": { "c": "cdss_spring", "n": "RICHARDS SPG", "d": "Decreed spring · WDID 4301445" }, "geometry": { "type": "Point", "coordinates": [ -107.98614, 39.93021 ] } },
{ "type": "Feature", "properties": { "c": "cdss_spring", "n": "BRUSH HOLE SPRING", "d": "Decreed spring · WDID 4303182" }, "geometry": { "type": "Point", "coordinates": [ -107.99785, 39.93149 ] } },
{ "type": "Feature", "properties": { "c": "cdss_spring", "n": "BRUSH HOLE SPG", "d": "Decreed spring · WDID 4301310" }, "geometry": { "type": "Point", "coordinates": [ -107.99375, 39.93183 ] } },
{ "type": "Feature", "properties": { "c": "cdss_pond", "n": "BILL ALLEN RESERVOIR", "d": "Decreed stock pond · WDID 4304242" }, "geometry": { "type": "Point", "coordinates": [ -107.97576, 39.9328 ] } },
{ "type": "Feature", "properties": { "c": "cdss_spring", "n": "FOUR MILE & LOUIE SPR PL", "d": "Decreed spring · WDID 4301312" }, "geometry": { "type": "Point", "coordinates": [ -107.9995, 39.93657 ] } },
{ "type": "Feature", "properties": { "c": "cdss_spring", "n": "BLM SPRING 161-51", "d": "Decreed spring · WDID 4302237" }, "geometry": { "type": "Point", "coordinates": [ -108.01693, 39.93948 ] } },
{ "type": "Feature", "properties": { "c": "cdss_spring", "n": "BUCKLES SPG 1", "d": "Decreed spring · WDID 4301440" }, "geometry": { "type": "Point", "coordinates": [ -107.98179, 39.97716 ] } },
{ "type": "Feature", "properties": { "c": "cdss_spring", "n": "SULLIVAN SPG NO 3", "d": "Decreed spring · WDID 4302187" }, "geometry": { "type": "Point", "coordinates": [ -107.9967, 39.98657 ] } },
{ "type": "Feature", "properties": { "c": "cdss_spring", "n": "SULLIVAN SPG NO 2", "d": "Decreed spring · WDID 4302186" }, "geometry": { "type": "Point", "coordinates": [ -107.99531, 39.98662 ] } },
{ "type": "Feature", "properties": { "c": "cdss_spring", "n": "JOSEPHINE MEEKER SPG", "d": "Decreed spring · WDID 4302428" }, "geometry": { "type": "Point", "coordinates": [ -107.99458, 39.98822 ] } },
{ "type": "Feature", "properties": { "c": "cdss_spring", "n": "BRADLEY NO 1 SPRING", "d": "Decreed spring · WDID 4302674" }, "geometry": { "type": "Point", "coordinates": [ -108.03283, 39.95149 ] } },
{ "type": "Feature", "properties": { "c": "cdss_spring", "n": "SHULTS SPG", "d": "Decreed spring · WDID 4301346" }, "geometry": { "type": "Point", "coordinates": [ -108.05265, 39.95733 ] } },
{ "type": "Feature", "properties": { "c": "cdss_spring", "n": "BLM SPRING 161-46", "d": "Decreed spring · WDID 4301561" }, "geometry": { "type": "Point", "coordinates": [ -108.05442, 39.958 ] } },
{ "type": "Feature", "properties": { "c": "cdss_spring", "n": "HAY GULCH #1 SPRING", "d": "Decreed spring · WDID 4301900" }, "geometry": { "type": "Point", "coordinates": [ -108.05153, 39.95933 ] } },
{ "type": "Feature", "properties": { "c": "cdss_spring", "n": "BLM SPRING 161-01", "d": "Decreed spring · WDID 4301599" }, "geometry": { "type": "Point", "coordinates": [ -108.04513, 39.96082 ] } },
{ "type": "Feature", "properties": { "c": "cdss_spring", "n": "BLM SPRING 161-45", "d": "Decreed spring · WDID 4301559" }, "geometry": { "type": "Point", "coordinates": [ -108.05084, 39.96119 ] } },
{ "type": "Feature", "properties": { "c": "cdss_spring", "n": "HAY GULCH #2 SPRING", "d": "Decreed spring · WDID 4301899" }, "geometry": { "type": "Point", "coordinates": [ -108.06095, 39.96235 ] } },
{ "type": "Feature", "properties": { "c": "cdss_spring", "n": "CASEY NO 1 SPRING", "d": "Decreed spring · WDID 4302676" }, "geometry": { "type": "Point", "coordinates": [ -108.03745, 39.96487 ] } },
{ "type": "Feature", "properties": { "c": "cdss_spring", "n": "PINE KNOT GULCH SPG 7", "d": "Decreed spring · WDID 4301228" }, "geometry": { "type": "Point", "coordinates": [ -108.03985, 39.97712 ] } },
{ "type": "Feature", "properties": { "c": "cdss_spring", "n": "ADAMS SPRING 2-35", "d": "Decreed spring · WDID 4302001" }, "geometry": { "type": "Point", "coordinates": [ -108.02796, 40.01482 ] } },
{ "type": "Feature", "properties": { "c": "cdss_spring", "n": "SULLIVAN SPG NO 1", "d": "Decreed spring · WDID 4302185" }, "geometry": { "type": "Point", "coordinates": [ -107.98891, 39.99039 ] } },
{ "type": "Feature", "properties": { "c": "cdss_spring", "n": "LUGENBEEL SPG", "d": "Decreed spring · WDID 4301441" }, "geometry": { "type": "Point", "coordinates": [ -107.96987, 39.99704 ] } },
{ "type": "Feature", "properties": { "c": "cdss_spring", "n": "BUCKLES SPG 2", "d": "Decreed spring · WDID 4301438" }, "geometry": { "type": "Point", "coordinates": [ -107.97183, 40.00353 ] } },
{ "type": "Feature", "properties": { "c": "cdss_spring", "n": "TAYLOR SPG NO 1", "d": "Decreed spring · WDID 4301413" }, "geometry": { "type": "Point", "coordinates": [ -108.00596, 40.01567 ] } },
{ "type": "Feature", "properties": { "c": "cdss_spring", "n": "AJA SPRING 4", "d": "Decreed spring · WDID 4302435" }, "geometry": { "type": "Point", "coordinates": [ -108.00635, 40.01578 ] } },
{ "type": "Feature", "properties": { "c": "cdss_spring", "n": "PENROSE SPG NO 2", "d": "Decreed spring · WDID 4301552" }, "geometry": { "type": "Point", "coordinates": [ -108.00635, 40.01578 ] } },
{ "type": "Feature", "properties": { "c": "cdss_spring", "n": "AJA SPRING 2", "d": "Decreed spring · WDID 4302434" }, "geometry": { "type": "Point", "coordinates": [ -108.0092, 40.01616 ] } },
{ "type": "Feature", "properties": { "c": "cdss_spring", "n": "PENROSE SPG NO 1", "d": "Decreed spring · WDID 4301551" }, "geometry": { "type": "Point", "coordinates": [ -108.00762, 40.01633 ] } },
{ "type": "Feature", "properties": { "c": "cdss_spring", "n": "LUBEN SPG", "d": "Decreed spring · WDID 4301323" }, "geometry": { "type": "Point", "coordinates": [ -108.0046, 40.01652 ] } },
{ "type": "Feature", "properties": { "c": "cdss_spring", "n": "AJA SPRING 1", "d": "Decreed spring · WDID 4302405" }, "geometry": { "type": "Point", "coordinates": [ -108.0061, 40.01918 ] } },
{ "type": "Feature", "properties": { "c": "cdss_spring", "n": "ADAMS SPRING 1-35", "d": "Decreed spring · WDID 4302000" }, "geometry": { "type": "Point", "coordinates": [ -108.02732, 40.01574 ] } },
{ "type": "Feature", "properties": { "c": "cdss_spring", "n": "BARNARD SPRING NO 1", "d": "Decreed spring · WDID 4301759" }, "geometry": { "type": "Point", "coordinates": [ -108.00715, 40.02461 ] } },
{ "type": "Feature", "properties": { "c": "cdss_spring", "n": "BLM SPRING 171-13", "d": "Decreed spring · WDID 4301590" }, "geometry": { "type": "Point", "coordinates": [ -108.14311, 39.87233 ] } },
{ "type": "Feature", "properties": { "c": "cdss_spring", "n": "BLM SPRING 171-02", "d": "Decreed spring · WDID 4301592" }, "geometry": { "type": "Point", "coordinates": [ -108.13008, 39.87297 ] } },
{ "type": "Feature", "properties": { "c": "cdss_spring", "n": "JESSUP GULCH #2 SPRING", "d": "Decreed spring · WDID 4301947" }, "geometry": { "type": "Point", "coordinates": [ -108.12711, 39.87546 ] } },
{ "type": "Feature", "properties": { "c": "cdss_spring", "n": "DRY FORK #2 SPRING", "d": "Decreed spring · WDID 4301928" }, "geometry": { "type": "Point", "coordinates": [ -108.08772, 39.8771 ] } },
{ "type": "Feature", "properties": { "c": "cdss_spring", "n": "BLM SPRING 161-38", "d": "Decreed spring · WDID 4302404" }, "geometry": { "type": "Point", "coordinates": [ -108.09018, 39.87705 ] } },
{ "type": "Feature", "properties": { "c": "cdss_spring", "n": "TWO POINT SPRING", "d": "Decreed spring · WDID 4301922" }, "geometry": { "type": "Point", "coordinates": [ -108.08676, 39.8875 ] } },
{ "type": "Feature", "properties": { "c": "cdss_spring", "n": "TROUGH GULCH SPG", "d": "Decreed spring · WDID 4301223" }, "geometry": { "type": "Point", "coordinates": [ -108.10637, 39.88698 ] } },
{ "type": "Feature", "properties": { "c": "cdss_spring", "n": "LITTLE CORRAL SPG", "d": "Decreed spring · WDID 4301347" }, "geometry": { "type": "Point", "coordinates": [ -108.09354, 39.89853 ] } },
{ "type": "Feature", "properties": { "c": "nhd_spring", "n": "", "d": "USGS topo spring (may be dry)" }, "geometry": { "type": "Point", "coordinates": [ -108.09361, 39.89862 ] } },
{ "type": "Feature", "properties": { "c": "cdss_spring", "n": "BLM SPRING 161-41", "d": "Decreed spring · WDID 4302441" }, "geometry": { "type": "Point", "coordinates": [ -108.09588, 39.90267 ] } },
{ "type": "Feature", "properties": { "c": "cdss_spring", "n": "BLM SPRING 160-18", "d": "Decreed spring · WDID 4301294" }, "geometry": { "type": "Point", "coordinates": [ -108.14545, 39.88961 ] } },
{ "type": "Feature", "properties": { "c": "cdss_spring", "n": "COLLINS GULCH SPRING", "d": "Decreed spring · WDID 4301945" }, "geometry": { "type": "Point", "coordinates": [ -108.1713, 39.88925 ] } },
{ "type": "Feature", "properties": { "c": "cdss_spring", "n": "DARK CANYON SPRING", "d": "Decreed spring · WDID 4301946" }, "geometry": { "type": "Point", "coordinates": [ -108.14431, 39.8917 ] } },
{ "type": "Feature", "properties": { "c": "nhd_spring", "n": "Dark Canyon Spring", "d": "USGS topo spring (may be dry)" }, "geometry": { "type": "Point", "coordinates": [ -108.14426, 39.89171 ] } },
{ "type": "Feature", "properties": { "c": "cdss_spring", "n": "BLM SPRING 160-31", "d": "Decreed spring · WDID 4301811" }, "geometry": { "type": "Point", "coordinates": [ -108.17835, 39.89096 ] } },
{ "type": "Feature", "properties": { "c": "cdss_spring", "n": "BLM SPRING 160-29", "d": "Decreed spring · WDID 4303266" }, "geometry": { "type": "Point", "coordinates": [ -108.1552, 39.89953 ] } },
{ "type": "Feature", "properties": { "c": "cdss_spring", "n": "BLM SPRING 160-33", "d": "Decreed spring · WDID 4301597" }, "geometry": { "type": "Point", "coordinates": [ -108.18199, 39.8988 ] } },
{ "type": "Feature", "properties": { "c": "cdss_spring", "n": "LITTLE CORRAL GL SPRING", "d": "Decreed spring · WDID 4301942" }, "geometry": { "type": "Point", "coordinates": [ -108.1787, 39.90133 ] } },
{ "type": "Feature", "properties": { "c": "cdss_spring", "n": "G W2 SPRING", "d": "Decreed spring · WDID 4301944" }, "geometry": { "type": "Point", "coordinates": [ -108.17847, 39.90145 ] } },
{ "type": "Feature", "properties": { "c": "cdss_spring", "n": "BLM SPRING 160-35", "d": "Decreed spring · WDID 4301598" }, "geometry": { "type": "Point", "coordinates": [ -108.17801, 39.90165 ] } },
{ "type": "Feature", "properties": { "c": "cdss_spring", "n": "BLM SPRING 161-39", "d": "Decreed spring · WDID 4302422" }, "geometry": { "type": "Point", "coordinates": [ -108.09712, 39.9035 ] } },
{ "type": "Feature", "properties": { "c": "nhd_spring", "n": "", "d": "USGS topo spring (may be dry)" }, "geometry": { "type": "Point", "coordinates": [ -108.11001, 39.90695 ] } },
{ "type": "Feature", "properties": { "c": "cdss_spring", "n": "POST GULCH SPRING", "d": "Decreed spring · WDID 4301938" }, "geometry": { "type": "Point", "coordinates": [ -108.11005, 39.90698 ] } },
{ "type": "Feature", "properties": { "c": "cdss_spring", "n": "BLM SPRING 161-40", "d": "Decreed spring · WDID 4302433" }, "geometry": { "type": "Point", "coordinates": [ -108.11201, 39.90716 ] } },
{ "type": "Feature", "properties": { "c": "nhd_spring", "n": "Post Gulch Spring", "d": "USGS topo spring (may be dry)" }, "geometry": { "type": "Point", "coordinates": [ -108.10972, 39.90783 ] } },
{ "type": "Feature", "properties": { "c": "cdss_spring", "n": "BLM SPRING 161-11", "d": "Decreed spring · WDID 4301582" }, "geometry": { "type": "Point", "coordinates": [ -108.10966, 39.90787 ] } },
{ "type": "Feature", "properties": { "c": "cdss_spring", "n": "BLM SPRING 161-13", "d": "Decreed spring · WDID 4301580" }, "geometry": { "type": "Point", "coordinates": [ -108.09283, 39.91132 ] } },
{ "type": "Feature", "properties": { "c": "cdss_spring", "n": "BLM OWL GULCH SPRING", "d": "Decreed spring · WDID 4301921" }, "geometry": { "type": "Point", "coordinates": [ -108.07786, 39.91268 ] } },
{ "type": "Feature", "properties": { "c": "cdss_spring", "n": "OWL GULCH SPG", "d": "Decreed spring · WDID 4301225" }, "geometry": { "type": "Point", "coordinates": [ -108.0783, 39.91569 ] } },
{ "type": "Feature", "properties": { "c": "cdss_spring", "n": "DARK CANYON #2 SPRING", "d": "Decreed spring · WDID 4301906" }, "geometry": { "type": "Point", "coordinates": [ -108.12626, 39.92183 ] } },
{ "type": "Feature", "properties": { "c": "nhd_spring", "n": "Little Corral Gulch Spring", "d": "USGS topo spring (may be dry)" }, "geometry": { "type": "Point", "coordinates": [ -108.17891, 39.90216 ] } },
{ "type": "Feature", "properties": { "c": "cdss_spring", "n": "DARK CANYON #3 SPRING", "d": "Decreed spring · WDID 4301940" }, "geometry": { "type": "Point", "coordinates": [ -108.15014, 39.90346 ] } },
{ "type": "Feature", "properties": { "c": "nhd_spring", "n": "", "d": "USGS topo spring (may be dry)" }, "geometry": { "type": "Point", "coordinates": [ -108.17836, 39.9034 ] } },
{ "type": "Feature", "properties": { "c": "cdss_spring", "n": "HOUSE SPRING", "d": "Decreed spring · WDID 4301943" }, "geometry": { "type": "Point", "coordinates": [ -108.17843, 39.90344 ] } },
{ "type": "Feature", "properties": { "c": "cdss_spring", "n": "BLM SPRING 160-06", "d": "Decreed spring · WDID 4301596" }, "geometry": { "type": "Point", "coordinates": [ -108.19288, 39.90441 ] } },
{ "type": "Feature", "properties": { "c": "cdss_spring", "n": "BLM SPRING 160-30", "d": "Decreed spring · WDID 4301458" }, "geometry": { "type": "Point", "coordinates": [ -108.16659, 39.9052 ] } },
{ "type": "Feature", "properties": { "c": "cdss_spring", "n": "G W1 SPRING", "d": "Decreed spring · WDID 4301941" }, "geometry": { "type": "Point", "coordinates": [ -108.1668, 39.90708 ] } },
{ "type": "Feature", "properties": { "c": "cdss_spring", "n": "COTTONWOOD LEAF SPRING", "d": "Decreed spring · WDID 4301939" }, "geometry": { "type": "Point", "coordinates": [ -108.14796, 39.90924 ] } },
{ "type": "Feature", "properties": { "c": "cdss_spring", "n": "LITTLE CORRAL GL #3 SPG", "d": "Decreed spring · WDID 4301905" }, "geometry": { "type": "Point", "coordinates": [ -108.15985, 39.91655 ] } },
{ "type": "Feature", "properties": { "c": "cdss_spring", "n": "BLM SPRING 160-01", "d": "Decreed spring · WDID 4301587" }, "geometry": { "type": "Point", "coordinates": [ -108.20724, 39.92725 ] } },
{ "type": "Feature", "properties": { "c": "cdss_spring", "n": "BLM SPRING 160-04", "d": "Decreed spring · WDID 4301402" }, "geometry": { "type": "Point", "coordinates": [ -108.22278, 39.90811 ] } },
{ "type": "Feature", "properties": { "c": "cdss_spring", "n": "BLM SPRING 160-36", "d": "Decreed spring · WDID 4301403" }, "geometry": { "type": "Point", "coordinates": [ -108.21904, 39.91059 ] } },
{ "type": "Feature", "properties": { "c": "nhd_spring", "n": "", "d": "USGS topo spring (may be dry)" }, "geometry": { "type": "Point", "coordinates": [ -108.26527, 39.9626 ] } },
{ "type": "Feature", "properties": { "c": "cdss_spring", "n": "SQUARE S SPG  3", "d": "Decreed spring · WDID 4301297" }, "geometry": { "type": "Point", "coordinates": [ -108.26544, 39.9626 ] } },
{ "type": "Feature", "properties": { "c": "cdss_spring", "n": "PAT REIGAN SPG", "d": "Decreed spring · WDID 4302309" }, "geometry": { "type": "Point", "coordinates": [ -108.2469, 39.99394 ] } },
{ "type": "Feature", "properties": { "c": "cdss_spring", "n": "NORELL SLOUGH SPRING", "d": "Decreed spring · WDID 4303189" }, "geometry": { "type": "Point", "coordinates": [ -108.24833, 40.0005 ] } },
{ "type": "Feature", "properties": { "c": "cdss_spring", "n": "SAYER SPRING DITCH", "d": "Decreed spring · WDID 4300920" }, "geometry": { "type": "Point", "coordinates": [ -108.24848, 40.00456 ] } },
{ "type": "Feature", "properties": { "c": "cdss_spring", "n": "LITTLE HILLS SPG NO  3", "d": "Decreed spring · WDID 4302112" }, "geometry": { "type": "Point", "coordinates": [ -108.24446, 40.00567 ] } },
{ "type": "Feature", "properties": { "c": "cdss_spring", "n": "LITTLE HILL SPRING", "d": "Decreed spring · WDID 4303185" }, "geometry": { "type": "Point", "coordinates": [ -108.24694, 40.01066 ] } },
{ "type": "Feature", "properties": { "c": "cdss_spring", "n": "FOOTE POND SPG", "d": "Decreed spring · WDID 4302054" }, "geometry": { "type": "Point", "coordinates": [ -108.24674, 40.01117 ] } },
{ "type": "Feature", "properties": { "c": "cdss_spring", "n": "BLM SPRING 160-28", "d": "Decreed spring · WDID 4301588" }, "geometry": { "type": "Point", "coordinates": [ -108.12607, 39.92269 ] } },
{ "type": "Feature", "properties": { "c": "cdss_spring", "n": "BLM SPRING 161-37", "d": "Decreed spring · WDID 4301600" }, "geometry": { "type": "Point", "coordinates": [ -108.11504, 39.92783 ] } },
{ "type": "Feature", "properties": { "c": "cdss_spring", "n": "PHOEBE GULCH SPRING", "d": "Decreed spring · WDID 4301907" }, "geometry": { "type": "Point", "coordinates": [ -108.11312, 39.93221 ] } },
{ "type": "Feature", "properties": { "c": "cdss_spring", "n": "BLM SPRING 161-43", "d": "Decreed spring · WDID 4301453" }, "geometry": { "type": "Point", "coordinates": [ -108.08173, 39.94113 ] } },
{ "type": "Feature", "properties": { "c": "cdss_spring", "n": "LITTLE HILLS SPG NO 11", "d": "Decreed spring · WDID 4302111" }, "geometry": { "type": "Point", "coordinates": [ -108.10819, 39.94525 ] } },
{ "type": "Feature", "properties": { "c": "cdss_spring", "n": "LITTLE HILLS SPG NO 10", "d": "Decreed spring · WDID 4302110" }, "geometry": { "type": "Point", "coordinates": [ -108.11573, 39.95789 ] } },
{ "type": "Feature", "properties": { "c": "cdss_spring", "n": "KENDALL GULCH SPG", "d": "Decreed spring · WDID 4301348" }, "geometry": { "type": "Point", "coordinates": [ -108.09273, 40.00098 ] } },
{ "type": "Feature", "properties": { "c": "cdss_spring", "n": "CARNER SPRING NO. 1", "d": "Decreed spring · WDID 4302569" }, "geometry": { "type": "Point", "coordinates": [ -108.10906, 40.00678 ] } },
{ "type": "Feature", "properties": { "c": "cdss_spring", "n": "VT GULCH SPRING", "d": "Decreed spring · WDID 4301889" }, "geometry": { "type": "Point", "coordinates": [ -108.1441, 40.00676 ] } },
{ "type": "Feature", "properties": { "c": "cdss_spring", "n": "CARNER SPRING NO. 2", "d": "Decreed spring · WDID 4302570" }, "geometry": { "type": "Point", "coordinates": [ -108.10707, 40.01048 ] } },
{ "type": "Feature", "properties": { "c": "cdss_spring", "n": "BLM SPRING 160-38", "d": "Decreed spring · WDID 4301852" }, "geometry": { "type": "Point", "coordinates": [ -108.1969, 39.95419 ] } },
{ "type": "Feature", "properties": { "c": "cdss_spring", "n": "BLM SPRING 160-39", "d": "Decreed spring · WDID 4301853" }, "geometry": { "type": "Point", "coordinates": [ -108.19691, 39.95528 ] } },
{ "type": "Feature", "properties": { "c": "cdss_spring", "n": "BLM SPRING 160-25", "d": "Decreed spring · WDID 4301604" }, "geometry": { "type": "Point", "coordinates": [ -108.20688, 39.95515 ] } },
{ "type": "Feature", "properties": { "c": "cdss_spring", "n": "BLM SPRING 160-26", "d": "Decreed spring · WDID 4301603" }, "geometry": { "type": "Point", "coordinates": [ -108.2131, 39.96599 ] } },
{ "type": "Feature", "properties": { "c": "cdss_spring", "n": "BLM SPRING 160-40", "d": "Decreed spring · WDID 4301854" }, "geometry": { "type": "Point", "coordinates": [ -108.18319, 39.97305 ] } },
{ "type": "Feature", "properties": { "c": "cdss_spring", "n": "LITTLE HILLS SPG NO  9", "d": "Decreed spring · WDID 4302116" }, "geometry": { "type": "Point", "coordinates": [ -108.18274, 40.00159 ] } },
{ "type": "Feature", "properties": { "c": "cdss_spring", "n": "LITTLE HILLS SPG NO  7", "d": "Decreed spring · WDID 4302114" }, "geometry": { "type": "Point", "coordinates": [ -108.18274, 40.00159 ] } },
{ "type": "Feature", "properties": { "c": "cdss_spring", "n": "LITTLE HILLS SPG NO  8", "d": "Decreed spring · WDID 4302115" }, "geometry": { "type": "Point", "coordinates": [ -108.18094, 40.00242 ] } },
{ "type": "Feature", "properties": { "c": "cdss_spring", "n": "LITTLE HILLS SPG NO  5", "d": "Decreed spring · WDID 4302113" }, "geometry": { "type": "Point", "coordinates": [ -108.19093, 40.00409 ] } },
{ "type": "Feature", "properties": { "c": "cdss_spring", "n": "NORTH DRY FORK SPRING", "d": "Decreed spring · WDID 4301888" }, "geometry": { "type": "Point", "coordinates": [ -108.16312, 40.0092 ] } },
{ "type": "Feature", "properties": { "c": "cdss_pond", "n": "POWELL PARK RES", "d": "Decreed stock pond · WDID 4304288" }, "geometry": { "type": "Point", "coordinates": [ -108.11632, 40.02113 ] } },
{ "type": "Feature", "properties": { "c": "cdss_spring", "n": "WIX SPRING NO. 2", "d": "Decreed spring · WDID 4302694" }, "geometry": { "type": "Point", "coordinates": [ -108.12329, 40.02273 ] } },
{ "type": "Feature", "properties": { "c": "cdss_spring", "n": "WIX SPRING NO. 1", "d": "Decreed spring · WDID 4302693" }, "geometry": { "type": "Point", "coordinates": [ -108.1248, 40.0232 ] } },
{ "type": "Feature", "properties": { "c": "cdss_spring", "n": "BLM SPRING 146-09", "d": "Decreed spring · WDID 4301028" }, "geometry": { "type": "Point", "coordinates": [ -108.261, 40.03936 ] } },
{ "type": "Feature", "properties": { "c": "cdss_spring", "n": "BLM SPRING 146-10", "d": "Decreed spring · WDID 4301045" }, "geometry": { "type": "Point", "coordinates": [ -108.25819, 40.04195 ] } },
{ "type": "Feature", "properties": { "c": "cdss_pond", "n": "SUPERIOR OIL COMPANY TERMINAL RESERVOIRS", "d": "Decreed stock pond · WDID 4304306" }, "geometry": { "type": "Point", "coordinates": [ -108.25342, 40.09028 ] } },
{ "type": "Feature", "properties": { "c": "cdss_pond", "n": "KELLOG GULCH RESERVOIR", "d": "Decreed stock pond · WDID 4304274" }, "geometry": { "type": "Point", "coordinates": [ -108.17106, 40.07286 ] } },
{ "type": "Feature", "properties": { "c": "cdss_pond", "n": "JOHNNIE JOHNSON RESERVOIR", "d": "Decreed stock pond · WDID 4303642" }, "geometry": { "type": "Point", "coordinates": [ -108.20997, 40.08729 ] } },
{ "type": "Feature", "properties": { "c": "cdss_spring", "n": "STAKE SPGS RES DIVERSION", "d": "Decreed spring · WDID 4302379" }, "geometry": { "type": "Point", "coordinates": [ -108.47514, 39.8782 ] } },
{ "type": "Feature", "properties": { "c": "cdss_spring", "n": "STAKE SPRINGS RESERVOIR", "d": "Decreed spring · WDID 4304436" }, "geometry": { "type": "Point", "coordinates": [ -108.47476, 39.8784 ] } },
{ "type": "Feature", "properties": { "c": "cdss_spring", "n": "TRACT C-A S-581", "d": "Decreed spring · WDID 4301684" }, "geometry": { "type": "Point", "coordinates": [ -108.47413, 39.87967 ] } },
{ "type": "Feature", "properties": { "c": "cdss_spring", "n": "SMITH DITCH", "d": "Decreed spring · WDID 4300933" }, "geometry": { "type": "Point", "coordinates": [ -108.46002, 39.88621 ] } },
{ "type": "Feature", "properties": { "c": "cdss_spring", "n": "STAKE SPG NO 3", "d": "Decreed spring · WDID 4302271" }, "geometry": { "type": "Point", "coordinates": [ -108.45444, 39.89041 ] } },
{ "type": "Feature", "properties": { "c": "nhd_spring", "n": "", "d": "USGS topo spring (may be dry)" }, "geometry": { "type": "Point", "coordinates": [ -108.45457, 39.89042 ] } },
{ "type": "Feature", "properties": { "c": "cdss_spring", "n": "STAKE SPG NO 4", "d": "Decreed spring · WDID 4302270" }, "geometry": { "type": "Point", "coordinates": [ -108.45178, 39.89421 ] } },
{ "type": "Feature", "properties": { "c": "nhd_spring", "n": "", "d": "USGS topo spring (may be dry)" }, "geometry": { "type": "Point", "coordinates": [ -108.45192, 39.89427 ] } },
{ "type": "Feature", "properties": { "c": "cdss_spring", "n": "SAWYER DITCH NO 1 AND 2", "d": "Decreed spring · WDID 4302689" }, "geometry": { "type": "Point", "coordinates": [ -108.44513, 39.8999 ] } },
{ "type": "Feature", "properties": { "c": "cdss_spring", "n": "SAWYER DITCH NO 2", "d": "Decreed spring · WDID 4300918" }, "geometry": { "type": "Point", "coordinates": [ -108.44547, 39.89994 ] } },
{ "type": "Feature", "properties": { "c": "cdss_pond", "n": "RYAN GULCH RANCH POND NO. 3", "d": "Decreed stock pond · WDID 4303811" }, "geometry": { "type": "Point", "coordinates": [ -108.43168, 39.8629 ] } },
{ "type": "Feature", "properties": { "c": "cdss_pond", "n": "RYAN GULCH RANCH POND NO. 1", "d": "Decreed stock pond · WDID 4303809" }, "geometry": { "type": "Point", "coordinates": [ -108.43065, 39.86381 ] } },
{ "type": "Feature", "properties": { "c": "cdss_pond", "n": "RYAN GULCH RANCH POND NO. 2", "d": "Decreed stock pond · WDID 4303810" }, "geometry": { "type": "Point", "coordinates": [ -108.43175, 39.8639 ] } },
{ "type": "Feature", "properties": { "c": "cdss_spring", "n": "STAKE SPG DRAW WT 6027", "d": "Decreed spring · WDID 4301180" }, "geometry": { "type": "Point", "coordinates": [ -108.42002, 39.93027 ] } },
{ "type": "Feature", "properties": { "c": "cdss_spring", "n": "STAKE SPRINGS DITCH", "d": "Decreed spring · WDID 4300950" }, "geometry": { "type": "Point", "coordinates": [ -108.41988, 39.9305 ] } },
{ "type": "Feature", "properties": { "c": "cdss_spring", "n": "YELLOW CREEK NO. 4", "d": "Decreed spring · WDID 4302662" }, "geometry": { "type": "Point", "coordinates": [ -108.41752, 39.93104 ] } },
{ "type": "Feature", "properties": { "c": "cdss_spring", "n": "CORRAL GULCH SPG NO 1", "d": "Decreed spring · WDID 4302269" }, "geometry": { "type": "Point", "coordinates": [ -108.43213, 39.93441 ] } },
{ "type": "Feature", "properties": { "c": "nhd_spring", "n": "", "d": "USGS topo spring (may be dry)" }, "geometry": { "type": "Point", "coordinates": [ -108.4322, 39.9346 ] } },
{ "type": "Feature", "properties": { "c": "cdss_pond", "n": "MAGPIE RESERVOIR", "d": "Decreed stock pond · WDID 4303287" }, "geometry": { "type": "Point", "coordinates": [ -108.4218, 39.93527 ] } },
{ "type": "Feature", "properties": { "c": "cdss_pond", "n": "ROBIN RESERVOIR", "d": "Decreed stock pond · WDID 4303289" }, "geometry": { "type": "Point", "coordinates": [ -108.43658, 39.9355 ] } },
{ "type": "Feature", "properties": { "c": "cdss_spring", "n": "TRACT C-A S-571", "d": "Decreed spring · WDID 4301708" }, "geometry": { "type": "Point", "coordinates": [ -108.32931, 39.85525 ] } },
{ "type": "Feature", "properties": { "c": "cdss_spring", "n": "MOBIL SPRING NO. 24", "d": "Decreed spring · WDID 4301884" }, "geometry": { "type": "Point", "coordinates": [ -108.32964, 39.8554 ] } },
{ "type": "Feature", "properties": { "c": "cdss_pond", "n": "BOIES RESERVOIR", "d": "Decreed stock pond · WDID 4303902" }, "geometry": { "type": "Point", "coordinates": [ -108.30548, 39.85837 ] } },
{ "type": "Feature", "properties": { "c": "cdss_pond", "n": "EXXON BOIES BLACK SULPUR RESERVOIR", "d": "Decreed stock pond · WDID 4303773" }, "geometry": { "type": "Point", "coordinates": [ -108.30316, 39.86162 ] } },
{ "type": "Feature", "properties": { "c": "cdss_spring", "n": "ROCK SCHOOL SP", "d": "Decreed spring · WDID 4301245" }, "geometry": { "type": "Point", "coordinates": [ -108.28951, 39.8707 ] } },
{ "type": "Feature", "properties": { "c": "cdss_pond", "n": "EXXON LOVE RANCH RESERVOIR", "d": "Decreed stock pond · WDID 4303772" }, "geometry": { "type": "Point", "coordinates": [ -108.29072, 39.8895 ] } },
{ "type": "Feature", "properties": { "c": "nhd_spring", "n": "", "d": "USGS topo spring (may be dry)" }, "geometry": { "type": "Point", "coordinates": [ -108.29973, 39.91921 ] } },
{ "type": "Feature", "properties": { "c": "cdss_spring", "n": "ENCANA SPRING NO. 1", "d": "Decreed spring · WDID 4303190" }, "geometry": { "type": "Point", "coordinates": [ -108.29989, 39.91924 ] } },
{ "type": "Feature", "properties": { "c": "cdss_pond", "n": "RYAN GULCH RESERVOIR", "d": "Decreed stock pond · WDID 4304298" }, "geometry": { "type": "Point", "coordinates": [ -108.28283, 39.94362 ] } },
{ "type": "Feature", "properties": { "c": "cdss_pond", "n": "WOLF RIDGE RES", "d": "Decreed stock pond · WDID 4304314" }, "geometry": { "type": "Point", "coordinates": [ -108.33541, 39.97229 ] } },
{ "type": "Feature", "properties": { "c": "cdss_spring", "n": "SAWYER DITCH NO 1", "d": "Decreed spring · WDID 4300917" }, "geometry": { "type": "Point", "coordinates": [ -108.44547, 39.89994 ] } },
{ "type": "Feature", "properties": { "c": "cdss_spring", "n": "STAKE SPRINGS DRAW WATER GAS", "d": "Decreed spring · WDID 4302671" }, "geometry": { "type": "Point", "coordinates": [ -108.43926, 39.90622 ] } },
{ "type": "Feature", "properties": { "c": "cdss_pond", "n": "BOX ELDER GULCH RES", "d": "Decreed stock pond · WDID 4304450" }, "geometry": { "type": "Point", "coordinates": [ -108.48471, 39.91401 ] } },
{ "type": "Feature", "properties": { "c": "cdss_pond", "n": "BLOWDOWN WATER STORAGE", "d": "Decreed stock pond · WDID 4303528" }, "geometry": { "type": "Point", "coordinates": [ -108.50447, 39.91747 ] } },
{ "type": "Feature", "properties": { "c": "cdss_spring", "n": "TRACT C-A S-559", "d": "Decreed spring · WDID 4301680" }, "geometry": { "type": "Point", "coordinates": [ -108.47626, 39.91931 ] } },
{ "type": "Feature", "properties": { "c": "cdss_pond", "n": "CORRAL GULCH LOWER SITE RESERVOIR", "d": "Decreed stock pond · WDID 4303802" }, "geometry": { "type": "Point", "coordinates": [ -108.49729, 39.91876 ] } },
{ "type": "Feature", "properties": { "c": "cdss_pond", "n": "CORRAL GULCH BORROW AREA POND", "d": "Decreed stock pond · WDID 4303801" }, "geometry": { "type": "Point", "coordinates": [ -108.50127, 39.91956 ] } },
{ "type": "Feature", "properties": { "c": "cdss_spring", "n": "TRACT C-A S-558", "d": "Decreed spring · WDID 4301679" }, "geometry": { "type": "Point", "coordinates": [ -108.47588, 39.92107 ] } },
{ "type": "Feature", "properties": { "c": "cdss_pond", "n": "CORRAL GULCH RESERVOIR", "d": "Decreed stock pond · WDID 4304453" }, "geometry": { "type": "Point", "coordinates": [ -108.48852, 39.92138 ] } },
{ "type": "Feature", "properties": { "c": "cdss_spring", "n": "TRACT C-A S-557", "d": "Decreed spring · WDID 4301678" }, "geometry": { "type": "Point", "coordinates": [ -108.46249, 39.92419 ] } },
{ "type": "Feature", "properties": { "c": "cdss_pond", "n": "BOBCAT POND", "d": "Decreed stock pond · WDID 4303284" }, "geometry": { "type": "Point", "coordinates": [ -108.42232, 39.94303 ] } },
{ "type": "Feature", "properties": { "c": "cdss_pond", "n": "LYNX POND", "d": "Decreed stock pond · WDID 4303330" }, "geometry": { "type": "Point", "coordinates": [ -108.42157, 39.94417 ] } },
{ "type": "Feature", "properties": { "c": "cdss_pond", "n": "LION POND", "d": "Decreed stock pond · WDID 4303285" }, "geometry": { "type": "Point", "coordinates": [ -108.42058, 39.94533 ] } },
{ "type": "Feature", "properties": { "c": "cdss_pond", "n": "BOBWHITE RESERVOIR", "d": "Decreed stock pond · WDID 4303286" }, "geometry": { "type": "Point", "coordinates": [ -108.41104, 39.94846 ] } },
{ "type": "Feature", "properties": { "c": "cdss_pond", "n": "GROUSE RESERVOIR", "d": "Decreed stock pond · WDID 4303283" }, "geometry": { "type": "Point", "coordinates": [ -108.40376, 39.95106 ] } },
{ "type": "Feature", "properties": { "c": "cdss_pond", "n": "LARK BUNTING RESERVOIR", "d": "Decreed stock pond · WDID 4303288" }, "geometry": { "type": "Point", "coordinates": [ -108.42717, 39.95494 ] } },
{ "type": "Feature", "properties": { "c": "cdss_spring", "n": "TRACT C-A S-586", "d": "Decreed spring · WDID 4301686" }, "geometry": { "type": "Point", "coordinates": [ -108.3919, 39.97968 ] } },
{ "type": "Feature", "properties": { "c": "cdss_pond", "n": "DUCK CREEK TERMINAL RES", "d": "Decreed stock pond · WDID 4303505" }, "geometry": { "type": "Point", "coordinates": [ -108.39766, 39.98124 ] } },
{ "type": "Feature", "properties": { "c": "cdss_pond", "n": "EXXON YELLOW CREEK RESERVOIR", "d": "Decreed stock pond · WDID 4303777" }, "geometry": { "type": "Point", "coordinates": [ -108.36305, 39.98474 ] } },
{ "type": "Feature", "properties": { "c": "cdss_pond", "n": "DUCK CREEK RES", "d": "Decreed stock pond · WDID 4304251" }, "geometry": { "type": "Point", "coordinates": [ -108.36049, 39.9869 ] } },
{ "type": "Feature", "properties": { "c": "cdss_spring", "n": "VIOLETT SPRINGS POND #1", "d": "Decreed spring · WDID 4303751" }, "geometry": { "type": "Point", "coordinates": [ -108.35112, 39.99964 ] } },
{ "type": "Feature", "properties": { "c": "cdss_spring", "n": "VIOLETT SPRINGS POND #2", "d": "Decreed spring · WDID 4303752" }, "geometry": { "type": "Point", "coordinates": [ -108.35053, 39.99974 ] } },
{ "type": "Feature", "properties": { "c": "cdss_spring", "n": "VIOLETT SPRINGS", "d": "Decreed spring · WDID 4302307" }, "geometry": { "type": "Point", "coordinates": [ -108.35087, 40.00003 ] } },
{ "type": "Feature", "properties": { "c": "cdss_spring", "n": "TRACT C-A S-584", "d": "Decreed spring · WDID 4301685" }, "geometry": { "type": "Point", "coordinates": [ -108.35085, 40.00004 ] } },
{ "type": "Feature", "properties": { "c": "cdss_spring", "n": "YELLOW CREEK SPG NO 2", "d": "Decreed spring · WDID 4302234" }, "geometry": { "type": "Point", "coordinates": [ -108.35776, 40.10052 ] } },
{ "type": "Feature", "properties": { "c": "cdss_spring", "n": "BLM SPRING 146-02", "d": "Decreed spring · WDID 4302542" }, "geometry": { "type": "Point", "coordinates": [ -108.35884, 40.11623 ] } },
{ "type": "Feature", "properties": { "c": "cdss_spring", "n": "YELLOW CREEK SPG NO 1", "d": "Decreed spring · WDID 4302233" }, "geometry": { "type": "Point", "coordinates": [ -108.36023, 40.11727 ] } },
{ "type": "Feature", "properties": { "c": "cdss_pond", "n": "YELLOW CREEK RES", "d": "Decreed stock pond · WDID 4304317" }, "geometry": { "type": "Point", "coordinates": [ -108.3673, 40.12119 ] } },
{ "type": "Feature", "properties": { "c": "cdss_spring", "n": "BLM SPRING 120-02", "d": "Decreed spring · WDID 4301570" }, "geometry": { "type": "Point", "coordinates": [ -108.38607, 40.12624 ] } },
{ "type": "Feature", "properties": { "c": "nhd_spring", "n": "Stinking Spring", "d": "USGS topo spring (may be dry)" }, "geometry": { "type": "Point", "coordinates": [ -108.38615, 40.12628 ] } },
{ "type": "Feature", "properties": { "c": "cdss_pond", "n": "YELLOW CREEK RES NO 1", "d": "Decreed stock pond · WDID 4304318" }, "geometry": { "type": "Point", "coordinates": [ -108.34516, 40.01394 ] } },
{ "type": "Feature", "properties": { "c": "cdss_spring", "n": "BLM SPRING 146-16", "d": "Decreed spring · WDID 4301814" }, "geometry": { "type": "Point", "coordinates": [ -108.29498, 40.08882 ] } },
{ "type": "Feature", "properties": { "c": "cdss_spring", "n": "BLM SPRING 146-17", "d": "Decreed spring · WDID 4301815" }, "geometry": { "type": "Point", "coordinates": [ -108.30088, 40.0914 ] } },
{ "type": "Feature", "properties": { "c": "cdss_spring", "n": "BLM SPRING 146-06", "d": "Decreed spring · WDID 4301565" }, "geometry": { "type": "Point", "coordinates": [ -108.31534, 40.11693 ] } },
{ "type": "Feature", "properties": { "c": "cdss_spring", "n": "BLM SPRING 146-08", "d": "Decreed spring · WDID 4301566" }, "geometry": { "type": "Point", "coordinates": [ -108.32207, 40.12158 ] } },
{ "type": "Feature", "properties": { "c": "cdss_spring", "n": "BLM SPRING 121-09", "d": "Decreed spring · WDID 4301572" }, "geometry": { "type": "Point", "coordinates": [ -108.33459, 40.12784 ] } },
{ "type": "Feature", "properties": { "c": "cdss_spring", "n": "BLM SPRING 121-12", "d": "Decreed spring · WDID 4301568" }, "geometry": { "type": "Point", "coordinates": [ -108.34904, 40.13804 ] } },
{ "type": "Feature", "properties": { "c": "cdss_spring", "n": "BLM SPRING 121-13", "d": "Decreed spring · WDID 4301573" }, "geometry": { "type": "Point", "coordinates": [ -108.33803, 40.14043 ] } },
{ "type": "Feature", "properties": { "c": "cdss_spring", "n": "BLM SPRING 121-11", "d": "Decreed spring · WDID 4301567" }, "geometry": { "type": "Point", "coordinates": [ -108.34917, 40.14102 ] } },
{ "type": "Feature", "properties": { "c": "cdss_spring", "n": "BLM SPRING 121-14", "d": "Decreed spring · WDID 4301569" }, "geometry": { "type": "Point", "coordinates": [ -108.34389, 40.14527 ] } },
{ "type": "Feature", "properties": { "c": "cdss_pond", "n": "DUCK CK TRIB FACILITY", "d": "Decreed stock pond · WDID 4301749" }, "geometry": { "type": "Point", "coordinates": [ -108.48795, 39.95263 ] } },
{ "type": "Feature", "properties": { "c": "cdss_spring", "n": "BLM SPRING 148-40", "d": "Decreed spring · WDID 4301088" }, "geometry": { "type": "Point", "coordinates": [ -108.49328, 40.03602 ] } },
{ "type": "Feature", "properties": { "c": "cdss_spring", "n": "BLM SPRING 119-09", "d": "Decreed spring · WDID 4301813" }, "geometry": { "type": "Point", "coordinates": [ -108.50262, 40.1553 ] } },
{ "type": "Feature", "properties": { "c": "cdss_pond", "n": "WOLF CREEK RESERVOIR (CRWCD)", "d": "Decreed stock pond · WDID 4304313" }, "geometry": { "type": "Point", "coordinates": [ -108.49629, 40.19318 ] } },
{ "type": "Feature", "properties": { "c": "cdss_spring", "n": "BLM SPRING 120-07", "d": "Decreed spring · WDID 4301571" }, "geometry": { "type": "Point", "coordinates": [ -108.38571, 40.14442 ] } },
{ "type": "Feature", "properties": { "c": "cdss_spring", "n": "LAMBERT SPG & PL", "d": "Decreed spring · WDID 4301234" }, "geometry": { "type": "Point", "coordinates": [ -108.38965, 40.14476 ] } },
{ "type": "Feature", "properties": { "c": "nhd_spring", "n": "Lambert Spring", "d": "USGS topo spring (may be dry)" }, "geometry": { "type": "Point", "coordinates": [ -108.38958, 40.14476 ] } },
{ "type": "Feature", "properties": { "c": "cdss_pond", "n": "CROOKED WASH RES", "d": "Decreed stock pond · WDID 4304248" }, "geometry": { "type": "Point", "coordinates": [ -108.35879, 40.18241 ] } },
{ "type": "Feature", "properties": { "c": "cdss_spring", "n": "BLM SPRING 120-05", "d": "Decreed spring · WDID 4302537" }, "geometry": { "type": "Point", "coordinates": [ -108.39146, 40.18309 ] } },
{ "type": "Feature", "properties": { "c": "cdss_spring", "n": "BLM SPRING 121-15", "d": "Decreed spring · WDID 4301186" }, "geometry": { "type": "Point", "coordinates": [ -108.34094, 40.14643 ] } },
{ "type": "Feature", "properties": { "c": "cdss_spring", "n": "GRAVES NO 1 SPRING AP", "d": "Decreed spring · WDID 5105653" }, "geometry": { "type": "Point", "coordinates": [ -105.87826, 39.97668 ] } },
{ "type": "Feature", "properties": { "c": "cdss_spring", "n": "MCCOY SPRING NO 1", "d": "Decreed spring · WDID 5101345" }, "geometry": { "type": "Point", "coordinates": [ -105.87641, 39.97701 ] } },
{ "type": "Feature", "properties": { "c": "cdss_spring", "n": "MCCOY SPRING NO 2", "d": "Decreed spring · WDID 5101346" }, "geometry": { "type": "Point", "coordinates": [ -105.87432, 39.97719 ] } },
{ "type": "Feature", "properties": { "c": "cdss_pond", "n": "LURYE RESERVOIR", "d": "Decreed stock pond · WDID 5103546" }, "geometry": { "type": "Point", "coordinates": [ -105.86953, 39.98258 ] } },
{ "type": "Feature", "properties": { "c": "cdss_pond", "n": "FVMRD GOLF CLUB POND NO 4", "d": "Decreed stock pond · WDID 5103621" }, "geometry": { "type": "Point", "coordinates": [ -105.89115, 39.98265 ] } },
{ "type": "Feature", "properties": { "c": "cdss_pond", "n": "FVMRD GOLF CLUB POND NO 3", "d": "Decreed stock pond · WDID 5103620" }, "geometry": { "type": "Point", "coordinates": [ -105.8991, 39.9828 ] } },
{ "type": "Feature", "properties": { "c": "cdss_pond", "n": "FVMRD GOLF CLUB POND NO 2", "d": "Decreed stock pond · WDID 5103619" }, "geometry": { "type": "Point", "coordinates": [ -105.90327, 39.98286 ] } },
{ "type": "Feature", "properties": { "c": "cdss_pond", "n": "FVMRD GOLF CLUB POND NO 1", "d": "Decreed stock pond · WDID 5103618" }, "geometry": { "type": "Point", "coordinates": [ -105.91034, 39.98304 ] } },
{ "type": "Feature", "properties": { "c": "cdss_spring", "n": "YMCA SPRING NO 1", "d": "Decreed spring · WDID 5101161" }, "geometry": { "type": "Point", "coordinates": [ -105.92287, 39.98394 ] } },
{ "type": "Feature", "properties": { "c": "cdss_pond", "n": "POLE CREEK MEADOWS POND 1", "d": "Decreed stock pond · WDID 5103503" }, "geometry": { "type": "Point", "coordinates": [ -105.87383, 39.98931 ] } },
{ "type": "Feature", "properties": { "c": "cdss_pond", "n": "JAMES PEAK RANCH UPPER POND NO 1", "d": "Decreed stock pond · WDID 5103637" }, "geometry": { "type": "Point", "coordinates": [ -105.79654, 39.98485 ] } },
{ "type": "Feature", "properties": { "c": "cdss_pond", "n": "JAMES PEAK RANCH AUGMENTATION POND", "d": "Decreed stock pond · WDID 5103640" }, "geometry": { "type": "Point", "coordinates": [ -105.7982, 39.98489 ] } },
{ "type": "Feature", "properties": { "c": "cdss_pond", "n": "JAMES PEAK RANCH LOWER POND", "d": "Decreed stock pond · WDID 5103639" }, "geometry": { "type": "Point", "coordinates": [ -105.79643, 39.98572 ] } },
{ "type": "Feature", "properties": { "c": "cdss_pond", "n": "GILE PONDS DEPLETION REACH", "d": "Decreed stock pond · WDID 5109063" }, "geometry": { "type": "Point", "coordinates": [ -105.8352, 39.98548 ] } },
{ "type": "Feature", "properties": { "c": "cdss_pond", "n": "GRAND COUNTY ROAD AND BRIDGE TABERNASH POND", "d": "Decreed stock pond · WDID 5101421" }, "geometry": { "type": "Point", "coordinates": [ -105.8302, 39.98555 ] } },
{ "type": "Feature", "properties": { "c": "cdss_pond", "n": "GILE PONDS AUG PLAN", "d": "Decreed stock pond · WDID 5107380" }, "geometry": { "type": "Point", "coordinates": [ -105.83545, 39.98555 ] } },
{ "type": "Feature", "properties": { "c": "cdss_pond", "n": "CABIN CREEK RESERVOIR", "d": "Decreed stock pond · WDID 5103647" }, "geometry": { "type": "Point", "coordinates": [ -105.74371, 39.98619 ] } },
{ "type": "Feature", "properties": { "c": "cdss_pond", "n": "GILE POND NO 5", "d": "Decreed stock pond · WDID 5103514" }, "geometry": { "type": "Point", "coordinates": [ -105.83546, 39.98557 ] } },
{ "type": "Feature", "properties": { "c": "cdss_pond", "n": "JAMES PEAK RANCH UPPER POND NO 2", "d": "Decreed stock pond · WDID 5103638" }, "geometry": { "type": "Point", "coordinates": [ -105.79771, 39.98592 ] } },
{ "type": "Feature", "properties": { "c": "cdss_pond", "n": "MIZE RANCH UPPER POND", "d": "Decreed stock pond · WDID 5103635" }, "geometry": { "type": "Point", "coordinates": [ -105.7983, 39.98718 ] } },
{ "type": "Feature", "properties": { "c": "cdss_pond", "n": "MIZE LOWER PONDS DITCH", "d": "Decreed stock pond · WDID 5101438" }, "geometry": { "type": "Point", "coordinates": [ -105.79607, 39.98755 ] } },
{ "type": "Feature", "properties": { "c": "cdss_pond", "n": "MIZE RANCH LOWER POND", "d": "Decreed stock pond · WDID 5103636" }, "geometry": { "type": "Point", "coordinates": [ -105.79607, 39.98755 ] } },
{ "type": "Feature", "properties": { "c": "cdss_pond", "n": "GILE POND NO 4", "d": "Decreed stock pond · WDID 5103513" }, "geometry": { "type": "Point", "coordinates": [ -105.83626, 39.98771 ] } },
{ "type": "Feature", "properties": { "c": "cdss_pond", "n": "GILE POND NO 2", "d": "Decreed stock pond · WDID 5103511" }, "geometry": { "type": "Point", "coordinates": [ -105.83529, 39.98842 ] } },
{ "type": "Feature", "properties": { "c": "cdss_pond", "n": "CLAYTON RESERVOIR NO 1", "d": "Decreed stock pond · WDID 5103652" }, "geometry": { "type": "Point", "coordinates": [ -105.79406, 39.98905 ] } },
{ "type": "Feature", "properties": { "c": "cdss_pond", "n": "FRASER VALLEY DOWNSTREAM RESERVOIR", "d": "Decreed stock pond · WDID 5103750" }, "geometry": { "type": "Point", "coordinates": [ -105.8284, 39.989 ] } },
{ "type": "Feature", "properties": { "c": "cdss_pond", "n": "JAMIE LAKE", "d": "Decreed stock pond · WDID 5103718" }, "geometry": { "type": "Point", "coordinates": [ -105.82839, 39.98901 ] } },
{ "type": "Feature", "properties": { "c": "cdss_pond", "n": "SUNSET RIDGE POND", "d": "Decreed stock pond · WDID 5103528" }, "geometry": { "type": "Point", "coordinates": [ -105.82844, 39.98902 ] } },
{ "type": "Feature", "properties": { "c": "cdss_pond", "n": "GILE POND NO 3", "d": "Decreed stock pond · WDID 5103512" }, "geometry": { "type": "Point", "coordinates": [ -105.83968, 39.98904 ] } },
{ "type": "Feature", "properties": { "c": "cdss_pond", "n": "POLE CREEK MEADOWS RESERVOIR NO 1", "d": "Decreed stock pond · WDID 5103745" }, "geometry": { "type": "Point", "coordinates": [ -105.85449, 39.98903 ] } },
{ "type": "Feature", "properties": { "c": "cdss_pond", "n": "CLAYTON RESERVOIR NO 2", "d": "Decreed stock pond · WDID 5103653" }, "geometry": { "type": "Point", "coordinates": [ -105.79186, 39.98958 ] } },
{ "type": "Feature", "properties": { "c": "cdss_pond", "n": "GILE POND NO 1", "d": "Decreed stock pond · WDID 5103510" }, "geometry": { "type": "Point", "coordinates": [ -105.83659, 39.99025 ] } },
{ "type": "Feature", "properties": { "c": "cdss_pond", "n": "HIGHLAND AUG POND EXCHANGE DEPLETION REACH", "d": "Decreed stock pond · WDID 5109194" }, "geometry": { "type": "Point", "coordinates": [ -105.83603, 39.9919 ] } },
{ "type": "Feature", "properties": { "c": "cdss_pond", "n": "HIGHLAND AUGMENTATION POND", "d": "Decreed stock pond · WDID 5103758" }, "geometry": { "type": "Point", "coordinates": [ -105.83606, 39.99202 ] } },
{ "type": "Feature", "properties": { "c": "cdss_pond", "n": "WPCC STORAGE TANK", "d": "Decreed stock pond · WDID 5103592" }, "geometry": { "type": "Point", "coordinates": [ -105.86495, 39.99333 ] } },
{ "type": "Feature", "properties": { "c": "cdss_pond", "n": "RANCH CREEK RESERVOIR", "d": "Decreed stock pond · WDID 5103690" }, "geometry": { "type": "Point", "coordinates": [ -105.8208, 39.99772 ] } },
{ "type": "Feature", "properties": { "c": "cdss_pond", "n": "TABERNASH VILLAGE RESERVOIR 1", "d": "Decreed stock pond · WDID 5103736" }, "geometry": { "type": "Point", "coordinates": [ -105.85801, 39.99901 ] } },
{ "type": "Feature", "properties": { "c": "cdss_spring", "n": "CRYSTALLINE SPRING NO 12", "d": "Decreed spring · WDID 5101394" }, "geometry": { "type": "Point", "coordinates": [ -105.77619, 39.99959 ] } },
{ "type": "Feature", "properties": { "c": "cdss_pond", "n": "CRYSTALLINE POND NO 1", "d": "Decreed stock pond · WDID 5103575" }, "geometry": { "type": "Point", "coordinates": [ -105.77168, 39.99971 ] } },
{ "type": "Feature", "properties": { "c": "cdss_spring", "n": "CRYSTALLINE SPRING NO 10", "d": "Decreed spring · WDID 5101392" }, "geometry": { "type": "Point", "coordinates": [ -105.77188, 39.99972 ] } },
{ "type": "Feature", "properties": { "c": "cdss_pond", "n": "POLE CREEK MEADOWS POND 3", "d": "Decreed stock pond · WDID 5103505" }, "geometry": { "type": "Point", "coordinates": [ -105.87123, 39.98977 ] } },
{ "type": "Feature", "properties": { "c": "cdss_pond", "n": "POLE CREEK GOLF COURSE POND NO 1", "d": "Decreed stock pond · WDID 5103516" }, "geometry": { "type": "Point", "coordinates": [ -105.91008, 39.99403 ] } },
{ "type": "Feature", "properties": { "c": "cdss_pond", "n": "POLE CREEK GOLF COURSE POND NO 2", "d": "Decreed stock pond · WDID 5103517" }, "geometry": { "type": "Point", "coordinates": [ -105.9124, 39.99403 ] } },
{ "type": "Feature", "properties": { "c": "cdss_pond", "n": "POLE CREEK MEADOWS POND 2", "d": "Decreed stock pond · WDID 5103504" }, "geometry": { "type": "Point", "coordinates": [ -105.88234, 39.9945 ] } },
{ "type": "Feature", "properties": { "c": "cdss_pond", "n": "POLE CREEK GOLF COURSE POND NO 3", "d": "Decreed stock pond · WDID 5103518" }, "geometry": { "type": "Point", "coordinates": [ -105.91413, 39.99553 ] } },
{ "type": "Feature", "properties": { "c": "cdss_pond", "n": "GRAND COUNTRY POND NO 1", "d": "Decreed stock pond · WDID 5103600" }, "geometry": { "type": "Point", "coordinates": [ -105.8895, 39.99798 ] } },
{ "type": "Feature", "properties": { "c": "cdss_pond", "n": "QUARTER CIRCLE R DAM", "d": "Decreed stock pond · WDID 5103538" }, "geometry": { "type": "Point", "coordinates": [ -105.86946, 39.99931 ] } },
{ "type": "Feature", "properties": { "c": "cdss_pond", "n": "WPHA POND NO. 5", "d": "Decreed stock pond · WDID 5103545" }, "geometry": { "type": "Point", "coordinates": [ -105.88278, 40.00239 ] } },
{ "type": "Feature", "properties": { "c": "cdss_pond", "n": "WPHA POND NO. 4", "d": "Decreed stock pond · WDID 5103544" }, "geometry": { "type": "Point", "coordinates": [ -105.883, 40.0024 ] } },
{ "type": "Feature", "properties": { "c": "cdss_pond", "n": "LAKE GERALDINE", "d": "Decreed stock pond · WDID 5103509" }, "geometry": { "type": "Point", "coordinates": [ -105.93507, 40.0041 ] } },
{ "type": "Feature", "properties": { "c": "cdss_pond", "n": "CRYSTALLINE POND NO 13", "d": "Decreed stock pond · WDID 5103587" }, "geometry": { "type": "Point", "coordinates": [ -105.77334, 39.9998 ] } },
{ "type": "Feature", "properties": { "c": "cdss_spring", "n": "CRYSTALLINE SPRING NO 16", "d": "Decreed spring · WDID 5101398" }, "geometry": { "type": "Point", "coordinates": [ -105.77427, 40.00001 ] } },
{ "type": "Feature", "properties": { "c": "cdss_pond", "n": "CRYSTALLINE POND NO 14", "d": "Decreed stock pond · WDID 5103588" }, "geometry": { "type": "Point", "coordinates": [ -105.77659, 40.00007 ] } },
{ "type": "Feature", "properties": { "c": "cdss_spring", "n": "CRYSTALLINE SPRING NO 11", "d": "Decreed spring · WDID 5101393" }, "geometry": { "type": "Point", "coordinates": [ -105.77335, 40.00024 ] } },
{ "type": "Feature", "properties": { "c": "cdss_spring", "n": "CRYSTALLINE SPRING NO 13", "d": "Decreed spring · WDID 5101395" }, "geometry": { "type": "Point", "coordinates": [ -105.77607, 40.0005 ] } },
{ "type": "Feature", "properties": { "c": "cdss_spring", "n": "CRYSTALLINE SPRING NO 9", "d": "Decreed spring · WDID 5101391" }, "geometry": { "type": "Point", "coordinates": [ -105.7713, 40.00058 ] } },
{ "type": "Feature", "properties": { "c": "cdss_pond", "n": "CRYSTALLINE POND NO 15", "d": "Decreed stock pond · WDID 5103589" }, "geometry": { "type": "Point", "coordinates": [ -105.77685, 40.00062 ] } },
{ "type": "Feature", "properties": { "c": "cdss_spring", "n": "CRYSTALLINE SPRING NO 14", "d": "Decreed spring · WDID 5101396" }, "geometry": { "type": "Point", "coordinates": [ -105.77713, 40.00082 ] } },
{ "type": "Feature", "properties": { "c": "cdss_pond", "n": "CRYSTALLINE POND NO 12", "d": "Decreed stock pond · WDID 5103586" }, "geometry": { "type": "Point", "coordinates": [ -105.77018, 40.00189 ] } },
{ "type": "Feature", "properties": { "c": "cdss_pond", "n": "CRYSTALLINE POND NO 5", "d": "Decreed stock pond · WDID 5103579" }, "geometry": { "type": "Point", "coordinates": [ -105.77008, 40.00199 ] } },
{ "type": "Feature", "properties": { "c": "cdss_pond", "n": "CRYSTALLINE POND NO 10", "d": "Decreed stock pond · WDID 5103584" }, "geometry": { "type": "Point", "coordinates": [ -105.77015, 40.0023 ] } },
{ "type": "Feature", "properties": { "c": "cdss_spring", "n": "CRYSTALLINE SPRING NO 8", "d": "Decreed spring · WDID 5101390" }, "geometry": { "type": "Point", "coordinates": [ -105.76982, 40.00234 ] } },
{ "type": "Feature", "properties": { "c": "cdss_pond", "n": "CRYSTALLINE POND NO 7", "d": "Decreed stock pond · WDID 5103581" }, "geometry": { "type": "Point", "coordinates": [ -105.76989, 40.00237 ] } },
{ "type": "Feature", "properties": { "c": "cdss_spring", "n": "CRYSTALLINE SPRING NO 15", "d": "Decreed spring · WDID 5101397" }, "geometry": { "type": "Point", "coordinates": [ -105.77026, 40.00238 ] } },
{ "type": "Feature", "properties": { "c": "cdss_pond", "n": "CRYSTALLINE POND NO 4", "d": "Decreed stock pond · WDID 5103578" }, "geometry": { "type": "Point", "coordinates": [ -105.77085, 40.00311 ] } },
{ "type": "Feature", "properties": { "c": "cdss_spring", "n": "CRYSTALLINE SPRING NO 4", "d": "Decreed spring · WDID 5101386" }, "geometry": { "type": "Point", "coordinates": [ -105.76876, 40.00343 ] } },
{ "type": "Feature", "properties": { "c": "cdss_spring", "n": "CRYSTALLINE SPRING NO 7", "d": "Decreed spring · WDID 5101389" }, "geometry": { "type": "Point", "coordinates": [ -105.77064, 40.00343 ] } },
{ "type": "Feature", "properties": { "c": "cdss_spring", "n": "CRYSTALLINE SPRING NO 3", "d": "Decreed spring · WDID 5101385" }, "geometry": { "type": "Point", "coordinates": [ -105.76864, 40.00347 ] } },
{ "type": "Feature", "properties": { "c": "cdss_pond", "n": "CRYSTALLINE POND NO 3", "d": "Decreed stock pond · WDID 5103577" }, "geometry": { "type": "Point", "coordinates": [ -105.76933, 40.00437 ] } },
{ "type": "Feature", "properties": { "c": "cdss_pond", "n": "CRYSTALLINE POND NO 9", "d": "Decreed stock pond · WDID 5103583" }, "geometry": { "type": "Point", "coordinates": [ -105.7683, 40.00449 ] } },
{ "type": "Feature", "properties": { "c": "cdss_pond", "n": "CRYSTALLINE POND NO 8", "d": "Decreed stock pond · WDID 5103582" }, "geometry": { "type": "Point", "coordinates": [ -105.76865, 40.00464 ] } },
{ "type": "Feature", "properties": { "c": "cdss_spring", "n": "KILKER NATURAL SPRING", "d": "Decreed spring · WDID 5101098" }, "geometry": { "type": "Point", "coordinates": [ -105.78672, 40.0047 ] } },
{ "type": "Feature", "properties": { "c": "cdss_spring", "n": "CRYSTALLINE SPRING NO 5", "d": "Decreed spring · WDID 5101387" }, "geometry": { "type": "Point", "coordinates": [ -105.76813, 40.00488 ] } },
{ "type": "Feature", "properties": { "c": "cdss_spring", "n": "CRYSTALLINE SPRING NO 1", "d": "Decreed spring · WDID 5101383" }, "geometry": { "type": "Point", "coordinates": [ -105.77042, 40.00512 ] } },
{ "type": "Feature", "properties": { "c": "cdss_pond", "n": "CRYSTALLINE POND NO 2", "d": "Decreed stock pond · WDID 5103576" }, "geometry": { "type": "Point", "coordinates": [ -105.76874, 40.00519 ] } },
{ "type": "Feature", "properties": { "c": "cdss_spring", "n": "CRYSTALLINE SPRING NO 2", "d": "Decreed spring · WDID 5101384" }, "geometry": { "type": "Point", "coordinates": [ -105.76756, 40.00537 ] } },
{ "type": "Feature", "properties": { "c": "cdss_pond", "n": "CRYSTALLINE POND NO 6", "d": "Decreed stock pond · WDID 5103580" }, "geometry": { "type": "Point", "coordinates": [ -105.77209, 40.00578 ] } },
{ "type": "Feature", "properties": { "c": "cdss_spring", "n": "CRYSTALLINE SPRING NO 6", "d": "Decreed spring · WDID 5101388" }, "geometry": { "type": "Point", "coordinates": [ -105.77187, 40.00596 ] } },
{ "type": "Feature", "properties": { "c": "cdss_pond", "n": "CRYSTALLINE POND NO 11", "d": "Decreed stock pond · WDID 5103585" }, "geometry": { "type": "Point", "coordinates": [ -105.76981, 40.00625 ] } },
{ "type": "Feature", "properties": { "c": "cdss_spring", "n": "MARY JANE SPRING", "d": "Decreed spring · WDID 5105234" }, "geometry": { "type": "Point", "coordinates": [ -105.79173, 40.00824 ] } },
{ "type": "Feature", "properties": { "c": "cdss_pond", "n": "TROUTT RESERVOIR", "d": "Decreed stock pond · WDID 5103704" }, "geometry": { "type": "Point", "coordinates": [ -105.88471, 40.00493 ] } },
{ "type": "Feature", "properties": { "c": "cdss_pond", "n": "WPHA POND NO. 1", "d": "Decreed stock pond · WDID 5103541" }, "geometry": { "type": "Point", "coordinates": [ -105.88475, 40.00495 ] } },
{ "type": "Feature", "properties": { "c": "cdss_pond", "n": "CONRICK RESERVOIR", "d": "Decreed stock pond · WDID 5103713" }, "geometry": { "type": "Point", "coordinates": [ -105.93279, 40.00473 ] } },
{ "type": "Feature", "properties": { "c": "cdss_spring", "n": "HOORNBEEK SPG PL NO 1", "d": "Decreed spring · WDID 5105300" }, "geometry": { "type": "Point", "coordinates": [ -105.9422, 40.00494 ] } },
{ "type": "Feature", "properties": { "c": "cdss_pond", "n": "WPHA POND NO. 3", "d": "Decreed stock pond · WDID 5103543" }, "geometry": { "type": "Point", "coordinates": [ -105.88464, 40.00759 ] } },
{ "type": "Feature", "properties": { "c": "cdss_pond", "n": "POND DITCH", "d": "Decreed stock pond · WDID 5100839" }, "geometry": { "type": "Point", "coordinates": [ -105.89538, 40.01189 ] } },
{ "type": "Feature", "properties": { "c": "cdss_pond", "n": "WPHA POND NO. 2", "d": "Decreed stock pond · WDID 5103542" }, "geometry": { "type": "Point", "coordinates": [ -105.88471, 40.01313 ] } },
{ "type": "Feature", "properties": { "c": "cdss_spring", "n": "ECKER SPRING", "d": "Decreed spring · WDID 5105373" }, "geometry": { "type": "Point", "coordinates": [ -105.93854, 40.01453 ] } },
{ "type": "Feature", "properties": { "c": "cdss_pond", "n": "ECKER POND FILLING DITCH", "d": "Decreed stock pond · WDID 5101443" }, "geometry": { "type": "Point", "coordinates": [ -105.93829, 40.01485 ] } },
{ "type": "Feature", "properties": { "c": "cdss_pond", "n": "ECKER POND", "d": "Decreed stock pond · WDID 5104054" }, "geometry": { "type": "Point", "coordinates": [ -105.9382, 40.01567 ] } },
{ "type": "Feature", "properties": { "c": "cdss_pond", "n": "MARTE-LINKE RESERVOIR", "d": "Decreed stock pond · WDID 5103684" }, "geometry": { "type": "Point", "coordinates": [ -105.98407, 39.98615 ] } },
{ "type": "Feature", "properties": { "c": "cdss_spring", "n": "SINKOVITS HOUSE SPRING", "d": "Decreed spring · WDID 5101138" }, "geometry": { "type": "Point", "coordinates": [ -105.98132, 40.00076 ] } },
{ "type": "Feature", "properties": { "c": "cdss_pond", "n": "ORR RESERVOIR EAST NINE MILE", "d": "Decreed stock pond · WDID 5103539" }, "geometry": { "type": "Point", "coordinates": [ -105.97022, 40.00122 ] } },
{ "type": "Feature", "properties": { "c": "cdss_pond", "n": "JACK ORR RESERVOIR", "d": "Decreed stock pond · WDID 5104009" }, "geometry": { "type": "Point", "coordinates": [ -105.97856, 40.00179 ] } },
{ "type": "Feature", "properties": { "c": "cdss_pond", "n": "HOMESTEAD HILLS POND", "d": "Decreed stock pond · WDID 5103757" }, "geometry": { "type": "Point", "coordinates": [ -105.94884, 40.00439 ] } },
{ "type": "Feature", "properties": { "c": "cdss_pond", "n": "SANBORN RESERVOIR", "d": "Decreed stock pond · WDID 5103590" }, "geometry": { "type": "Point", "coordinates": [ -105.95127, 40.00476 ] } },
{ "type": "Feature", "properties": { "c": "cdss_spring", "n": "SANBORN SPRING", "d": "Decreed spring · WDID 5105594" }, "geometry": { "type": "Point", "coordinates": [ -105.9518, 40.00584 ] } },
{ "type": "Feature", "properties": { "c": "cdss_spring", "n": "HARBERTS SPRING AND PIPELINE", "d": "Decreed spring · WDID 5101067" }, "geometry": { "type": "Point", "coordinates": [ -105.95071, 40.01199 ] } },
{ "type": "Feature", "properties": { "c": "cdss_spring", "n": "JENKINS SPRING AND PIPELINE", "d": "Decreed spring · WDID 5101094" }, "geometry": { "type": "Point", "coordinates": [ -105.94481, 40.01587 ] } },
{ "type": "Feature", "properties": { "c": "cdss_spring", "n": "PROSPECT SPRING", "d": "Decreed spring · WDID 5105770" }, "geometry": { "type": "Point", "coordinates": [ -106.09843, 40.04865 ] } },
{ "type": "Feature", "properties": { "c": "cdss_spring", "n": "DAWSON GULCH SPRING", "d": "Decreed spring · WDID 5101047" }, "geometry": { "type": "Point", "coordinates": [ -106.18311, 40.00677 ] } },
{ "type": "Feature", "properties": { "c": "cdss_spring", "n": "DAWSON GULCH SPRING POND", "d": "Decreed spring · WDID 5103523" }, "geometry": { "type": "Point", "coordinates": [ -106.18343, 40.00695 ] } },
{ "type": "Feature", "properties": { "c": "cdss_spring", "n": "DAWSON GULCH SPRING AUG PLAN", "d": "Decreed spring · WDID 5107967" }, "geometry": { "type": "Point", "coordinates": [ -106.18367, 40.00699 ] } },
{ "type": "Feature", "properties": { "c": "cdss_spring", "n": "DAWSON GULCH SPRING DEPLETION REACH", "d": "Decreed spring · WDID 5109153" }, "geometry": { "type": "Point", "coordinates": [ -106.18366, 40.00702 ] } },
{ "type": "Feature", "properties": { "c": "cdss_pond", "n": "LITTLE MUDDY RESERVOIR", "d": "Decreed stock pond · WDID 5103681" }, "geometry": { "type": "Point", "coordinates": [ -106.11263, 40.01232 ] } },
{ "type": "Feature", "properties": { "c": "cdss_spring", "n": "TAUSSIG SPRING NO 1", "d": "Decreed spring · WDID 5101145" }, "geometry": { "type": "Point", "coordinates": [ -106.17983, 40.02052 ] } },
{ "type": "Feature", "properties": { "c": "cdss_spring", "n": "REINI SPRING NO 2", "d": "Decreed spring · WDID 5101122" }, "geometry": { "type": "Point", "coordinates": [ -106.11851, 40.02131 ] } },
{ "type": "Feature", "properties": { "c": "cdss_spring", "n": "TAUSSIG SPRING NO 2", "d": "Decreed spring · WDID 5101146" }, "geometry": { "type": "Point", "coordinates": [ -106.18103, 40.02082 ] } },
{ "type": "Feature", "properties": { "c": "cdss_spring", "n": "TAUSSIG SPRING NO 3", "d": "Decreed spring · WDID 5101147" }, "geometry": { "type": "Point", "coordinates": [ -106.18013, 40.02108 ] } },
{ "type": "Feature", "properties": { "c": "cdss_spring", "n": "REINI SPRING NO 1", "d": "Decreed spring · WDID 5101121" }, "geometry": { "type": "Point", "coordinates": [ -106.11364, 40.02247 ] } },
{ "type": "Feature", "properties": { "c": "cdss_spring", "n": "ALAMEDA SPRING NO 4", "d": "Decreed spring · WDID 3605407" }, "geometry": { "type": "Point", "coordinates": [ -106.33295, 40.01554 ] } },
{ "type": "Feature", "properties": { "c": "cdss_spring", "n": "ALAMEDA SPRING NO 2", "d": "Decreed spring · WDID 3605405" }, "geometry": { "type": "Point", "coordinates": [ -106.33295, 40.01554 ] } },
{ "type": "Feature", "properties": { "c": "cdss_pond", "n": "TAUSSIG RESERVOIR NO 1", "d": "Decreed stock pond · WDID 5103755" }, "geometry": { "type": "Point", "coordinates": [ -106.26284, 40.01982 ] } },
{ "type": "Feature", "properties": { "c": "cdss_spring", "n": "HESTERS SPRING DEPLETION REACH", "d": "Decreed spring · WDID 3609139" }, "geometry": { "type": "Point", "coordinates": [ -106.36997, 40.02584 ] } },
{ "type": "Feature", "properties": { "c": "cdss_spring", "n": "HESTERS SPRING AUG PLAN", "d": "Decreed spring · WDID 3607013" }, "geometry": { "type": "Point", "coordinates": [ -106.36997, 40.02584 ] } },
{ "type": "Feature", "properties": { "c": "cdss_spring", "n": "HESTERS SPRING", "d": "Decreed spring · WDID 3605598" }, "geometry": { "type": "Point", "coordinates": [ -106.36997, 40.02584 ] } },
{ "type": "Feature", "properties": { "c": "cdss_spring", "n": "WOLFF SPRING NO. 3", "d": "Decreed spring · WDID 5105822" }, "geometry": { "type": "Point", "coordinates": [ -106.27042, 40.03138 ] } },
{ "type": "Feature", "properties": { "c": "cdss_spring", "n": "WOLFF SPRING NO. 2", "d": "Decreed spring · WDID 5105821" }, "geometry": { "type": "Point", "coordinates": [ -106.27268, 40.03225 ] } },
{ "type": "Feature", "properties": { "c": "cdss_spring", "n": "JUNCTION BUTTE WILDLIFE AREA SPRING NO 1", "d": "Decreed spring · WDID 3605416" }, "geometry": { "type": "Point", "coordinates": [ -106.36619, 40.03126 ] } },
{ "type": "Feature", "properties": { "c": "cdss_spring", "n": "WOLFF SPRING NO. 1", "d": "Decreed spring · WDID 5105820" }, "geometry": { "type": "Point", "coordinates": [ -106.27309, 40.03254 ] } },
{ "type": "Feature", "properties": { "c": "cdss_spring", "n": "HIDDEN MEADOWS SPRING 3", "d": "Decreed spring · WDID 5105825" }, "geometry": { "type": "Point", "coordinates": [ -106.24549, 40.02371 ] } },
{ "type": "Feature", "properties": { "c": "cdss_spring", "n": "HIDDEN MEADOWS SPRING 2", "d": "Decreed spring · WDID 5105824" }, "geometry": { "type": "Point", "coordinates": [ -106.24545, 40.02516 ] } },
{ "type": "Feature", "properties": { "c": "cdss_spring", "n": "HIDDEN MEADOWS SPRING 1", "d": "Decreed spring · WDID 5105823" }, "geometry": { "type": "Point", "coordinates": [ -106.24595, 40.02863 ] } },
{ "type": "Feature", "properties": { "c": "cdss_pond", "n": "WILLIAMS FORK RESERVOIR", "d": "Decreed stock pond · WDID 3604915" }, "geometry": { "type": "Point", "coordinates": [ -106.20747, 40.03434 ] } },
{ "type": "Feature", "properties": { "c": "cdss_pond", "n": "HINE RESERVOIR", "d": "Decreed stock pond · WDID 5103717" }, "geometry": { "type": "Point", "coordinates": [ -106.20561, 40.03502 ] } },
{ "type": "Feature", "properties": { "c": "cdss_pond", "n": "WILLIAMS FORK RESERVOIR", "d": "Decreed stock pond · WDID 5103709" }, "geometry": { "type": "Point", "coordinates": [ -106.20535, 40.03505 ] } },
{ "type": "Feature", "properties": { "c": "cdss_pond", "n": "WILLIAMS FORK EXCHANGE POOL", "d": "Decreed stock pond · WDID 5104915" }, "geometry": { "type": "Point", "coordinates": [ -106.20598, 40.03552 ] } },
{ "type": "Feature", "properties": { "c": "cdss_spring", "n": "BUCKHORN SPRING NO 3", "d": "Decreed spring · WDID 5101030" }, "geometry": { "type": "Point", "coordinates": [ -106.17498, 40.04738 ] } },
{ "type": "Feature", "properties": { "c": "cdss_spring", "n": "RANCH SPRING NO 1", "d": "Decreed spring · WDID 5105369" }, "geometry": { "type": "Point", "coordinates": [ -106.17804, 40.04738 ] } },
{ "type": "Feature", "properties": { "c": "cdss_spring", "n": "JOHN KEMP SPRING", "d": "Decreed spring · WDID 5101096" }, "geometry": { "type": "Point", "coordinates": [ -106.18435, 40.04749 ] } },
{ "type": "Feature", "properties": { "c": "cdss_spring", "n": "BUCKHORN SPRING NO 1", "d": "Decreed spring · WDID 5101028" }, "geometry": { "type": "Point", "coordinates": [ -106.17646, 40.04762 ] } },
{ "type": "Feature", "properties": { "c": "cdss_spring", "n": "BUCKHORN SPRING NO 2", "d": "Decreed spring · WDID 5101029" }, "geometry": { "type": "Point", "coordinates": [ -106.17596, 40.04776 ] } },
{ "type": "Feature", "properties": { "c": "cdss_spring", "n": "RANCH SPRING NO 2", "d": "Decreed spring · WDID 5105368" }, "geometry": { "type": "Point", "coordinates": [ -106.17948, 40.04801 ] } },
{ "type": "Feature", "properties": { "c": "cdss_spring", "n": "MARTE NO 1 SPRING", "d": "Decreed spring · WDID 5101112" }, "geometry": { "type": "Point", "coordinates": [ -106.15075, 40.04989 ] } },
{ "type": "Feature", "properties": { "c": "cdss_spring", "n": "TUNDRA SPRING", "d": "Decreed spring · WDID 5101295" }, "geometry": { "type": "Point", "coordinates": [ -106.10736, 40.06105 ] } },
{ "type": "Feature", "properties": { "c": "cdss_pond", "n": "ALLEN'S RESERVOIR AND DITCH", "d": "Decreed stock pond · WDID 5103746" }, "geometry": { "type": "Point", "coordinates": [ -106.10696, 40.0635 ] } },
{ "type": "Feature", "properties": { "c": "cdss_pond", "n": "CORRAL CREEK WETLAND NO1", "d": "Decreed stock pond · WDID 5103526" }, "geometry": { "type": "Point", "coordinates": [ -106.2048, 40.06295 ] } },
{ "type": "Feature", "properties": { "c": "cdss_pond", "n": "GORE ICE POND DITCH", "d": "Decreed stock pond · WDID 5300589" }, "geometry": { "type": "Point", "coordinates": [ -106.41222, 40.04533 ] } },
{ "type": "Feature", "properties": { "c": "cdss_pond", "n": "ELK TROUT POND WELL", "d": "Decreed stock pond · WDID 5104059" }, "geometry": { "type": "Point", "coordinates": [ -106.34305, 40.0463 ] } },
{ "type": "Feature", "properties": { "c": "cdss_pond", "n": "GORE ICE POND DITCH", "d": "Decreed stock pond · WDID 5300588" }, "geometry": { "type": "Point", "coordinates": [ -106.42642, 40.04548 ] } },
{ "type": "Feature", "properties": { "c": "cdss_pond", "n": "GABRIEL RESERVOIR", "d": "Decreed stock pond · WDID 5003662" }, "geometry": { "type": "Point", "coordinates": [ -106.35015, 40.04653 ] } },
{ "type": "Feature", "properties": { "c": "cdss_pond", "n": "CORRAL CREEK POND", "d": "Decreed stock pond · WDID 5104057" }, "geometry": { "type": "Point", "coordinates": [ -106.19139, 40.06397 ] } },
{ "type": "Feature", "properties": { "c": "cdss_pond", "n": "CORRAL CREEK WETLAND NO2", "d": "Decreed stock pond · WDID 5103527" }, "geometry": { "type": "Point", "coordinates": [ -106.20047, 40.06507 ] } },
{ "type": "Feature", "properties": { "c": "cdss_spring", "n": "PRESTON POWERS SPRING NO 1", "d": "Decreed spring · WDID 5101218" }, "geometry": { "type": "Point", "coordinates": [ -106.2275, 40.06808 ] } },
{ "type": "Feature", "properties": { "c": "cdss_spring", "n": "PRESTON POWERS SPRING NO 2", "d": "Decreed spring · WDID 5101219" }, "geometry": { "type": "Point", "coordinates": [ -106.22889, 40.0681 ] } },
{ "type": "Feature", "properties": { "c": "cdss_spring", "n": "DOUGHERTY HOT SPRING G", "d": "Decreed spring · WDID 5101055" }, "geometry": { "type": "Point", "coordinates": [ -106.11219, 40.0748 ] } },
{ "type": "Feature", "properties": { "c": "cdss_spring", "n": "DOUGHERTY HOT SPRINGS", "d": "Decreed spring · WDID 5101051" }, "geometry": { "type": "Point", "coordinates": [ -106.11175, 40.07536 ] } },
{ "type": "Feature", "properties": { "c": "cdss_spring", "n": "DOUGHERTY SPRING NO 2", "d": "Decreed spring · WDID 5101053" }, "geometry": { "type": "Point", "coordinates": [ -106.11135, 40.07583 ] } },
{ "type": "Feature", "properties": { "c": "cdss_spring", "n": "DOUGHERTY HOT SPRING EKH", "d": "Decreed spring · WDID 5101056" }, "geometry": { "type": "Point", "coordinates": [ -106.11064, 40.07585 ] } },
{ "type": "Feature", "properties": { "c": "cdss_spring", "n": "DOUGHERTY HOT SPRING F", "d": "Decreed spring · WDID 5101054" }, "geometry": { "type": "Point", "coordinates": [ -106.11106, 40.07594 ] } },
{ "type": "Feature", "properties": { "c": "cdss_spring", "n": "DOUGHERTY SPRING NO 1", "d": "Decreed spring · WDID 5101052" }, "geometry": { "type": "Point", "coordinates": [ -106.11197, 40.076 ] } },
{ "type": "Feature", "properties": { "c": "cdss_spring", "n": "LAWSON SPRING NO 3", "d": "Decreed spring · WDID 5101104" }, "geometry": { "type": "Point", "coordinates": [ -105.94132, 40.01647 ] } },
{ "type": "Feature", "properties": { "c": "cdss_pond", "n": "ELK VALLEY POND", "d": "Decreed stock pond · WDID 5103532" }, "geometry": { "type": "Point", "coordinates": [ -105.93784, 40.01696 ] } },
{ "type": "Feature", "properties": { "c": "cdss_spring", "n": "CALLAHAN SPRING", "d": "Decreed spring · WDID 5101182" }, "geometry": { "type": "Point", "coordinates": [ -105.8902, 40.02233 ] } },
{ "type": "Feature", "properties": { "c": "cdss_spring", "n": "LAWSON SPRING NO 2", "d": "Decreed spring · WDID 5101103" }, "geometry": { "type": "Point", "coordinates": [ -105.94161, 40.025 ] } },
{ "type": "Feature", "properties": { "c": "cdss_spring", "n": "LAWSON SPRING NO 4", "d": "Decreed spring · WDID 5101240" }, "geometry": { "type": "Point", "coordinates": [ -105.93495, 40.02584 ] } },
{ "type": "Feature", "properties": { "c": "cdss_spring", "n": "LAWSON SPRING NO 1", "d": "Decreed spring · WDID 5101102" }, "geometry": { "type": "Point", "coordinates": [ -105.93772, 40.02588 ] } },
{ "type": "Feature", "properties": { "c": "cdss_spring", "n": "MARTE SPRING NO 3", "d": "Decreed spring · WDID 5101115" }, "geometry": { "type": "Point", "coordinates": [ -105.91507, 40.02994 ] } },
{ "type": "Feature", "properties": { "c": "cdss_spring", "n": "LAWSON SPRING SYSTEM NO 5", "d": "Decreed spring · WDID 5101326" }, "geometry": { "type": "Point", "coordinates": [ -105.93053, 40.03695 ] } },
{ "type": "Feature", "properties": { "c": "cdss_pond", "n": "F W LINKE RESERVOIR", "d": "Decreed stock pond · WDID 5103659" }, "geometry": { "type": "Point", "coordinates": [ -105.93433, 40.04088 ] } },
{ "type": "Feature", "properties": { "c": "cdss_pond", "n": "LAKE VAL MORITZ ALTERNATE NO 11", "d": "Decreed stock pond · WDID 5104066" }, "geometry": { "type": "Point", "coordinates": [ -105.90472, 40.04343 ] } },
{ "type": "Feature", "properties": { "c": "cdss_pond", "n": "F W LINKE NO 3 RESERVOIR", "d": "Decreed stock pond · WDID 5103661" }, "geometry": { "type": "Point", "coordinates": [ -105.94022, 40.0468 ] } },
{ "type": "Feature", "properties": { "c": "cdss_spring", "n": "MARTE SPRING", "d": "Decreed spring · WDID 5105529" }, "geometry": { "type": "Point", "coordinates": [ -105.91116, 40.04812 ] } },
{ "type": "Feature", "properties": { "c": "cdss_pond", "n": "LINKE RESERVOIR", "d": "Decreed stock pond · WDID 5103680" }, "geometry": { "type": "Point", "coordinates": [ -105.93685, 40.05056 ] } },
{ "type": "Feature", "properties": { "c": "cdss_spring", "n": "SPENARD SPRING NO 1", "d": "Decreed spring · WDID 5101140" }, "geometry": { "type": "Point", "coordinates": [ -105.88707, 40.05149 ] } },
{ "type": "Feature", "properties": { "c": "cdss_pond", "n": "LAKE VAL MORITZ ALTERNATE NO 12", "d": "Decreed stock pond · WDID 5104067" }, "geometry": { "type": "Point", "coordinates": [ -105.89839, 40.053 ] } },
{ "type": "Feature", "properties": { "c": "cdss_spring", "n": "MARK MARTE RANCH SPRING", "d": "Decreed spring · WDID 5101109" }, "geometry": { "type": "Point", "coordinates": [ -105.91919, 40.05299 ] } },
{ "type": "Feature", "properties": { "c": "cdss_pond", "n": "LAKE VAL MORITZ", "d": "Decreed stock pond · WDID 5104044" }, "geometry": { "type": "Point", "coordinates": [ -105.89937, 40.0544 ] } },
{ "type": "Feature", "properties": { "c": "cdss_spring", "n": "MARTE SPRING NO 4", "d": "Decreed spring · WDID 5101116" }, "geometry": { "type": "Point", "coordinates": [ -105.92388, 40.05453 ] } },
{ "type": "Feature", "properties": { "c": "cdss_pond", "n": "LAKE VAL MORITZ ALTERNATE NO 9 (UPPER PONDS)", "d": "Decreed stock pond · WDID 5104064" }, "geometry": { "type": "Point", "coordinates": [ -105.90195, 40.06149 ] } },
{ "type": "Feature", "properties": { "c": "cdss_spring", "n": "MARK MARTE SPRING NO 2", "d": "Decreed spring · WDID 5101111" }, "geometry": { "type": "Point", "coordinates": [ -105.91795, 40.06193 ] } },
{ "type": "Feature", "properties": { "c": "nhd_spring", "n": "", "d": "USGS topo spring (may be dry)" }, "geometry": { "type": "Point", "coordinates": [ -105.81226, 40.01373 ] } },
{ "type": "Feature", "properties": { "c": "cdss_spring", "n": "MEADOW CR CG SPRING", "d": "Decreed spring · WDID 5105768" }, "geometry": { "type": "Point", "coordinates": [ -105.81068, 40.01516 ] } },
{ "type": "Feature", "properties": { "c": "cdss_pond", "n": "VAVER RESERVOIR NO 1", "d": "Decreed stock pond · WDID 5103707" }, "geometry": { "type": "Point", "coordinates": [ -105.73807, 40.0468 ] } },
{ "type": "Feature", "properties": { "c": "cdss_pond", "n": "VAVER RESERVOIR NO 2", "d": "Decreed stock pond · WDID 5103708" }, "geometry": { "type": "Point", "coordinates": [ -105.76594, 40.04683 ] } },
{ "type": "Feature", "properties": { "c": "cdss_pond", "n": "MEADOW CREEK RESERVOIR", "d": "Decreed stock pond · WDID 5103686" }, "geometry": { "type": "Point", "coordinates": [ -105.75218, 40.0525 ] } },
{ "type": "Feature", "properties": { "c": "cdss_pond", "n": "LITTLE HO RESERVOIR", "d": "Decreed stock pond · WDID 5104020" }, "geometry": { "type": "Point", "coordinates": [ -105.84279, 40.09242 ] } },
{ "type": "Feature", "properties": { "c": "cdss_spring", "n": "HORSE PASTURE SPRING", "d": "Decreed spring · WDID 5101089" }, "geometry": { "type": "Point", "coordinates": [ -105.84399, 40.09843 ] } },
{ "type": "Feature", "properties": { "c": "cdss_spring", "n": "HANKISON SPG & PL NO 1", "d": "Decreed spring · WDID 5101066" }, "geometry": { "type": "Point", "coordinates": [ -105.85332, 40.09875 ] } },
{ "type": "Feature", "properties": { "c": "cdss_pond", "n": "BARN STOCK WELL", "d": "Decreed stock pond · WDID 5105009" }, "geometry": { "type": "Point", "coordinates": [ -105.84537, 40.1008 ] } },
{ "type": "Feature", "properties": { "c": "cdss_pond", "n": "HANKINSON RESERVOIR", "d": "Decreed stock pond · WDID 5103665" }, "geometry": { "type": "Point", "coordinates": [ -105.845, 40.10201 ] } },
{ "type": "Feature", "properties": { "c": "nhd_spring", "n": "", "d": "USGS topo spring (may be dry)" }, "geometry": { "type": "Point", "coordinates": [ -106.10082, 40.04925 ] } },
{ "type": "Feature", "properties": { "c": "cdss_spring", "n": "SOLITUDE SPRING", "d": "Decreed spring · WDID 5101141" }, "geometry": { "type": "Point", "coordinates": [ -106.05609, 40.05179 ] } },
{ "type": "Feature", "properties": { "c": "cdss_pond", "n": "F W LINKE NO 2 RESERVOIR", "d": "Decreed stock pond · WDID 5103660" }, "geometry": { "type": "Point", "coordinates": [ -105.95175, 40.0556 ] } },
{ "type": "Feature", "properties": { "c": "cdss_spring", "n": "GRACE SPRING", "d": "Decreed spring · WDID 5105789" }, "geometry": { "type": "Point", "coordinates": [ -105.9905, 40.05915 ] } },
{ "type": "Feature", "properties": { "c": "cdss_spring", "n": "LIVINGSTON SPRING NO 1", "d": "Decreed spring · WDID 5105365" }, "geometry": { "type": "Point", "coordinates": [ -105.98982, 40.06033 ] } },
{ "type": "Feature", "properties": { "c": "cdss_spring", "n": "SPRING DITCH", "d": "Decreed spring · WDID 5100898" }, "geometry": { "type": "Point", "coordinates": [ -106.0765, 40.06798 ] } },
{ "type": "Feature", "properties": { "c": "cdss_pond", "n": "COTTONWOOD RESERVOIR", "d": "Decreed stock pond · WDID 5104012" }, "geometry": { "type": "Point", "coordinates": [ -106.07209, 40.07341 ] } },
{ "type": "Feature", "properties": { "c": "cdss_spring", "n": "BOODRY SPRING NO 1", "d": "Decreed spring · WDID 5101026" }, "geometry": { "type": "Point", "coordinates": [ -106.10435, 40.07332 ] } },
{ "type": "Feature", "properties": { "c": "cdss_pond", "n": "MARIETTA RESERVOIR", "d": "Decreed stock pond · WDID 5103683" }, "geometry": { "type": "Point", "coordinates": [ -106.04062, 40.07405 ] } },
{ "type": "Feature", "properties": { "c": "cdss_spring", "n": "HOT SULPHUR SPRINGS WATER SYSTEM", "d": "Decreed spring · WDID 5101276" }, "geometry": { "type": "Point", "coordinates": [ -106.10341, 40.07784 ] } },
{ "type": "Feature", "properties": { "c": "cdss_pond", "n": "DEBERARD RESERVOIR", "d": "Decreed stock pond · WDID 5103657" }, "geometry": { "type": "Point", "coordinates": [ -105.8979, 40.06285 ] } },
{ "type": "Feature", "properties": { "c": "cdss_pond", "n": "LINKE LAKE", "d": "Decreed stock pond · WDID 5103570" }, "geometry": { "type": "Point", "coordinates": [ -105.93323, 40.0633 ] } },
{ "type": "Feature", "properties": { "c": "cdss_pond", "n": "LAKE VAL MORITZ ALTERNATE NO 1 (BACK 9)", "d": "Decreed stock pond · WDID 5104063" }, "geometry": { "type": "Point", "coordinates": [ -105.89869, 40.0642 ] } },
{ "type": "Feature", "properties": { "c": "cdss_spring", "n": "MARK MARTE SPRING NO 1", "d": "Decreed spring · WDID 5101110" }, "geometry": { "type": "Point", "coordinates": [ -105.91737, 40.06552 ] } },
{ "type": "Feature", "properties": { "c": "cdss_pond", "n": "GRAND ELK POND F", "d": "Decreed stock pond · WDID 5103557" }, "geometry": { "type": "Point", "coordinates": [ -105.93196, 40.06568 ] } },
{ "type": "Feature", "properties": { "c": "cdss_pond", "n": "GRAND ELK POND E", "d": "Decreed stock pond · WDID 5103556" }, "geometry": { "type": "Point", "coordinates": [ -105.93411, 40.06609 ] } },
{ "type": "Feature", "properties": { "c": "cdss_pond", "n": "GRAND ELK POND D", "d": "Decreed stock pond · WDID 5103555" }, "geometry": { "type": "Point", "coordinates": [ -105.94021, 40.06734 ] } },
{ "type": "Feature", "properties": { "c": "cdss_pond", "n": "GRAND ELK POND C", "d": "Decreed stock pond · WDID 5103554" }, "geometry": { "type": "Point", "coordinates": [ -105.93565, 40.07191 ] } },
{ "type": "Feature", "properties": { "c": "cdss_pond", "n": "LAKE VAL MORITZ ALTERNATE NO 10 (FRONT 9)", "d": "Decreed stock pond · WDID 5104065" }, "geometry": { "type": "Point", "coordinates": [ -105.89293, 40.07339 ] } },
{ "type": "Feature", "properties": { "c": "cdss_pond", "n": "GRAND ELK POND B", "d": "Decreed stock pond · WDID 5103553" }, "geometry": { "type": "Point", "coordinates": [ -105.9353, 40.0732 ] } },
{ "type": "Feature", "properties": { "c": "cdss_pond", "n": "GRAND ELK POND A", "d": "Decreed stock pond · WDID 5103552" }, "geometry": { "type": "Point", "coordinates": [ -105.94436, 40.07681 ] } },
{ "type": "Feature", "properties": { "c": "cdss_pond", "n": "LAKE VAL MORITZ WETLANDS", "d": "Decreed stock pond · WDID 5104068" }, "geometry": { "type": "Point", "coordinates": [ -105.89931, 40.07734 ] } },
{ "type": "Feature", "properties": { "c": "cdss_spring", "n": "COLD SPRINGS RANCH AND GREENHOUSE DEPLETION REACH", "d": "Decreed spring · WDID 5109208" }, "geometry": { "type": "Point", "coordinates": [ -105.90938, 40.0806 ] } },
{ "type": "Feature", "properties": { "c": "cdss_pond", "n": "HANKISON RED MTN RES", "d": "Decreed stock pond · WDID 5104015" }, "geometry": { "type": "Point", "coordinates": [ -105.88154, 40.08166 ] } },
{ "type": "Feature", "properties": { "c": "cdss_pond", "n": "BRODERICK MILL POND PUMP & PIPELINE", "d": "Decreed stock pond · WDID 5101302" }, "geometry": { "type": "Point", "coordinates": [ -105.93149, 40.08149 ] } },
{ "type": "Feature", "properties": { "c": "cdss_pond", "n": "BRODERICK MILL POND PUMP & PIPELINE", "d": "Decreed stock pond · WDID 5103645" }, "geometry": { "type": "Point", "coordinates": [ -105.9315, 40.08153 ] } },
{ "type": "Feature", "properties": { "c": "cdss_pond", "n": "KLEINS FISH POND NO 4", "d": "Decreed stock pond · WDID 5104043" }, "geometry": { "type": "Point", "coordinates": [ -105.92351, 40.08224 ] } },
{ "type": "Feature", "properties": { "c": "cdss_pond", "n": "KLEINS FISH POND NO 3", "d": "Decreed stock pond · WDID 5104042" }, "geometry": { "type": "Point", "coordinates": [ -105.92538, 40.08232 ] } },
{ "type": "Feature", "properties": { "c": "cdss_pond", "n": "KLEINS FISH POND NO 1", "d": "Decreed stock pond · WDID 5104040" }, "geometry": { "type": "Point", "coordinates": [ -105.92922, 40.08259 ] } },
{ "type": "Feature", "properties": { "c": "cdss_pond", "n": "KLEINS FISH POND NO 2", "d": "Decreed stock pond · WDID 5104041" }, "geometry": { "type": "Point", "coordinates": [ -105.92706, 40.08271 ] } },
{ "type": "Feature", "properties": { "c": "cdss_pond", "n": "HUDLER RESERVOIR NO 6", "d": "Decreed stock pond · WDID 5103672" }, "geometry": { "type": "Point", "coordinates": [ -105.96031, 40.08275 ] } },
{ "type": "Feature", "properties": { "c": "cdss_spring", "n": "COLORADO RIVER AT HOT SULPHUR SPRINGS, CO.", "d": "Decreed spring · WDID 5102123" }, "geometry": { "type": "Point", "coordinates": [ -106.08809, 40.08332 ] } },
{ "type": "Feature", "properties": { "c": "cdss_spring", "n": "DODGE SPRING AND PL NO 2", "d": "Decreed spring · WDID 5101050" }, "geometry": { "type": "Point", "coordinates": [ -105.98185, 40.08514 ] } },
{ "type": "Feature", "properties": { "c": "cdss_pond", "n": "EASTWIND NO 1 RESERVOIR", "d": "Decreed stock pond · WDID 5103716" }, "geometry": { "type": "Point", "coordinates": [ -105.98215, 40.08587 ] } },
{ "type": "Feature", "properties": { "c": "cdss_spring", "n": "DODGE SPRING AND PL NO 1", "d": "Decreed spring · WDID 5101049" }, "geometry": { "type": "Point", "coordinates": [ -105.98568, 40.08702 ] } },
{ "type": "Feature", "properties": { "c": "cdss_pond", "n": "GRANBY TOWN RESERVOIR NO 2", "d": "Decreed stock pond · WDID 5103520" }, "geometry": { "type": "Point", "coordinates": [ -105.94733, 40.09083 ] } },
{ "type": "Feature", "properties": { "c": "cdss_spring", "n": "THOMPSON SPRING", "d": "Decreed spring · WDID 5101227" }, "geometry": { "type": "Point", "coordinates": [ -105.95117, 40.09374 ] } },
{ "type": "Feature", "properties": { "c": "cdss_spring", "n": "BARNARD SPRING", "d": "Decreed spring · WDID 5101080" }, "geometry": { "type": "Point", "coordinates": [ -105.989, 40.09597 ] } },
{ "type": "Feature", "properties": { "c": "cdss_pond", "n": "GRANBY DOG PARK POND WELL", "d": "Decreed stock pond · WDID 5106035" }, "geometry": { "type": "Point", "coordinates": [ -105.9605, 40.09624 ] } },
{ "type": "Feature", "properties": { "c": "cdss_spring", "n": "SCHMIEDBAUER SPG & PL", "d": "Decreed spring · WDID 5101124" }, "geometry": { "type": "Point", "coordinates": [ -105.93232, 40.08571 ] } },
{ "type": "Feature", "properties": { "c": "cdss_pond", "n": "KOVACS POND NO 1", "d": "Decreed stock pond · WDID 5104018" }, "geometry": { "type": "Point", "coordinates": [ -105.9063, 40.08721 ] } },
{ "type": "Feature", "properties": { "c": "cdss_spring", "n": "COLD SPRINGS GREENHOUSE WELL", "d": "Decreed spring · WDID 5106106" }, "geometry": { "type": "Point", "coordinates": [ -105.90804, 40.08721 ] } },
{ "type": "Feature", "properties": { "c": "cdss_pond", "n": "KOVACS POND NO 2", "d": "Decreed stock pond · WDID 5104019" }, "geometry": { "type": "Point", "coordinates": [ -105.90551, 40.08797 ] } },
{ "type": "Feature", "properties": { "c": "cdss_pond", "n": "PICKERING RESERVOIR", "d": "Decreed stock pond · WDID 5104024" }, "geometry": { "type": "Point", "coordinates": [ -105.88916, 40.08841 ] } },
{ "type": "Feature", "properties": { "c": "cdss_pond", "n": "GRANBY TOWN RESERVOIR NO 1", "d": "Decreed stock pond · WDID 5103519" }, "geometry": { "type": "Point", "coordinates": [ -105.91535, 40.08857 ] } },
{ "type": "Feature", "properties": { "c": "cdss_spring", "n": "COLD SPRINGS RANCH AND GREENHOUSE SWSP", "d": "Decreed spring · WDID 5107990" }, "geometry": { "type": "Point", "coordinates": [ -105.91114, 40.09082 ] } },
{ "type": "Feature", "properties": { "c": "cdss_pond", "n": "CRESTVIEW RANCH POND", "d": "Decreed stock pond · WDID 5103628" }, "geometry": { "type": "Point", "coordinates": [ -105.89631, 40.09195 ] } },
{ "type": "Feature", "properties": { "c": "cdss_spring", "n": "GARDNER SPRING", "d": "Decreed spring · WDID 5105563" }, "geometry": { "type": "Point", "coordinates": [ -105.91356, 40.0927 ] } },
{ "type": "Feature", "properties": { "c": "cdss_pond", "n": "MORAINE LAKE NO 2", "d": "Decreed stock pond · WDID 5103725" }, "geometry": { "type": "Point", "coordinates": [ -105.93801, 40.09375 ] } },
{ "type": "Feature", "properties": { "c": "cdss_pond", "n": "MORAINE LAKE NO 1", "d": "Decreed stock pond · WDID 5103724" }, "geometry": { "type": "Point", "coordinates": [ -105.9301, 40.09392 ] } },
{ "type": "Feature", "properties": { "c": "cdss_pond", "n": "MORAINE LAKE NO 5", "d": "Decreed stock pond · WDID 5103728" }, "geometry": { "type": "Point", "coordinates": [ -105.93157, 40.09431 ] } },
{ "type": "Feature", "properties": { "c": "cdss_pond", "n": "MORAINE LAKE NO 4", "d": "Decreed stock pond · WDID 5103727" }, "geometry": { "type": "Point", "coordinates": [ -105.93339, 40.09437 ] } },
{ "type": "Feature", "properties": { "c": "cdss_pond", "n": "MORAINE LAKE NO 3", "d": "Decreed stock pond · WDID 5103726" }, "geometry": { "type": "Point", "coordinates": [ -105.93337, 40.09438 ] } },
{ "type": "Feature", "properties": { "c": "cdss_pond", "n": "CLOVERBLOOM RESERVOIR", "d": "Decreed stock pond · WDID 5103521" }, "geometry": { "type": "Point", "coordinates": [ -105.93497, 40.098 ] } },
{ "type": "Feature", "properties": { "c": "cdss_spring", "n": "ADAMS SPRING NO 1", "d": "Decreed spring · WDID 5105521" }, "geometry": { "type": "Point", "coordinates": [ -105.91538, 40.09842 ] } },
{ "type": "Feature", "properties": { "c": "cdss_spring", "n": "KESSLER SPRING NO 1", "d": "Decreed spring · WDID 5105459" }, "geometry": { "type": "Point", "coordinates": [ -105.94428, 40.09897 ] } },
{ "type": "Feature", "properties": { "c": "cdss_spring", "n": "KESSLER SPRING NO 3", "d": "Decreed spring · WDID 5105461" }, "geometry": { "type": "Point", "coordinates": [ -105.94489, 40.09897 ] } },
{ "type": "Feature", "properties": { "c": "cdss_spring", "n": "KESSLER SPRING NO 5", "d": "Decreed spring · WDID 5105463" }, "geometry": { "type": "Point", "coordinates": [ -105.94567, 40.09896 ] } },
{ "type": "Feature", "properties": { "c": "cdss_spring", "n": "KESSLER SPRING NO 2", "d": "Decreed spring · WDID 5105460" }, "geometry": { "type": "Point", "coordinates": [ -105.94487, 40.09898 ] } },
{ "type": "Feature", "properties": { "c": "cdss_pond", "n": "HACKSTAFF POND", "d": "Decreed stock pond · WDID 5103629" }, "geometry": { "type": "Point", "coordinates": [ -105.97431, 40.0963 ] } },
{ "type": "Feature", "properties": { "c": "cdss_spring", "n": "CHIMNEY ROCK SPRINGS", "d": "Decreed spring · WDID 5105525" }, "geometry": { "type": "Point", "coordinates": [ -106.02832, 40.09779 ] } },
{ "type": "Feature", "properties": { "c": "cdss_spring", "n": "KESSLER SPRING NO 7", "d": "Decreed spring · WDID 5105465" }, "geometry": { "type": "Point", "coordinates": [ -105.94637, 40.09893 ] } },
{ "type": "Feature", "properties": { "c": "cdss_spring", "n": "KESSLER SPRING NO 8", "d": "Decreed spring · WDID 5105466" }, "geometry": { "type": "Point", "coordinates": [ -105.94682, 40.09894 ] } },
{ "type": "Feature", "properties": { "c": "cdss_pond", "n": "HEBERTON RESERVOIR", "d": "Decreed stock pond · WDID 5104039" }, "geometry": { "type": "Point", "coordinates": [ -106.00509, 40.09851 ] } },
{ "type": "Feature", "properties": { "c": "cdss_spring", "n": "KESSLER SPRING NO 9", "d": "Decreed spring · WDID 5105467" }, "geometry": { "type": "Point", "coordinates": [ -105.94705, 40.09903 ] } },
{ "type": "Feature", "properties": { "c": "cdss_pond", "n": "GRANBY POND WELL A-1", "d": "Decreed stock pond · WDID 5106033" }, "geometry": { "type": "Point", "coordinates": [ -105.96092, 40.0992 ] } },
{ "type": "Feature", "properties": { "c": "cdss_pond", "n": "KESSLER RESERVOIR", "d": "Decreed stock pond · WDID 5104062" }, "geometry": { "type": "Point", "coordinates": [ -105.94755, 40.09941 ] } },
{ "type": "Feature", "properties": { "c": "cdss_pond", "n": "SOUTH SHOREFOX POND", "d": "Decreed stock pond · WDID 5103608" }, "geometry": { "type": "Point", "coordinates": [ -105.96081, 40.09962 ] } },
{ "type": "Feature", "properties": { "c": "cdss_pond", "n": "GRANBY POND WELL B", "d": "Decreed stock pond · WDID 5106034" }, "geometry": { "type": "Point", "coordinates": [ -105.95622, 40.10101 ] } },
{ "type": "Feature", "properties": { "c": "cdss_spring", "n": "KESSLER SPRING NO 4", "d": "Decreed spring · WDID 5105462" }, "geometry": { "type": "Point", "coordinates": [ -105.9452, 40.09898 ] } },
{ "type": "Feature", "properties": { "c": "cdss_spring", "n": "KESSLER SPRING NO 6", "d": "Decreed spring · WDID 5105464" }, "geometry": { "type": "Point", "coordinates": [ -105.9459, 40.09899 ] } },
{ "type": "Feature", "properties": { "c": "cdss_spring", "n": "ADAMS SPRING NO 2", "d": "Decreed spring · WDID 5105522" }, "geometry": { "type": "Point", "coordinates": [ -105.91364, 40.09927 ] } },
{ "type": "Feature", "properties": { "c": "cdss_spring", "n": "PERSONIUS SPRING", "d": "Decreed spring · WDID 5105523" }, "geometry": { "type": "Point", "coordinates": [ -105.90238, 40.09982 ] } },
{ "type": "Feature", "properties": { "c": "cdss_pond", "n": "PASCAL POND NO 2", "d": "Decreed stock pond · WDID 5104023" }, "geometry": { "type": "Point", "coordinates": [ -105.94299, 40.09991 ] } },
{ "type": "Feature", "properties": { "c": "cdss_pond", "n": "PASCAL POND NO 1", "d": "Decreed stock pond · WDID 5104022" }, "geometry": { "type": "Point", "coordinates": [ -105.9416, 40.10002 ] } },
{ "type": "Feature", "properties": { "c": "cdss_pond", "n": "PASCAL PONDS & DOM PIPELINE", "d": "Decreed stock pond · WDID 5101004" }, "geometry": { "type": "Point", "coordinates": [ -105.94023, 40.10028 ] } },
{ "type": "Feature", "properties": { "c": "cdss_spring", "n": "MILLER HEREFORD RANCH SPRING 1", "d": "Decreed spring · WDID 5101288" }, "geometry": { "type": "Point", "coordinates": [ -105.92807, 40.10066 ] } },
{ "type": "Feature", "properties": { "c": "cdss_pond", "n": "NACTHIGAL SMITH CREEK POND", "d": "Decreed stock pond · WDID 5103759" }, "geometry": { "type": "Point", "coordinates": [ -105.93737, 40.10073 ] } },
{ "type": "Feature", "properties": { "c": "cdss_spring", "n": "MILLER HEREFORD RANCH SPRING 4", "d": "Decreed spring · WDID 5101291" }, "geometry": { "type": "Point", "coordinates": [ -105.92177, 40.10153 ] } },
{ "type": "Feature", "properties": { "c": "cdss_spring", "n": "CHIMNEY ROCK SPRINGS NO4", "d": "Decreed spring · WDID 5105527" }, "geometry": { "type": "Point", "coordinates": [ -106.0148, 40.1008 ] } },
{ "type": "Feature", "properties": { "c": "cdss_pond", "n": "RRR FISHING POND WELL 2", "d": "Decreed stock pond · WDID 5106032" }, "geometry": { "type": "Point", "coordinates": [ -105.95404, 40.10365 ] } },
{ "type": "Feature", "properties": { "c": "cdss_pond", "n": "RRR FISHING POND WELL 1", "d": "Decreed stock pond · WDID 5106031" }, "geometry": { "type": "Point", "coordinates": [ -105.95578, 40.10425 ] } },
{ "type": "Feature", "properties": { "c": "cdss_pond", "n": "GLESSNER STOCK WATER", "d": "Decreed stock pond · WDID 5100673" }, "geometry": { "type": "Point", "coordinates": [ -106.00673, 40.10428 ] } },
{ "type": "Feature", "properties": { "c": "cdss_spring", "n": "SCHMUCK SPRING NO 1", "d": "Decreed spring · WDID 5101128" }, "geometry": { "type": "Point", "coordinates": [ -105.9917, 40.10498 ] } },
{ "type": "Feature", "properties": { "c": "cdss_pond", "n": "SHOREFOX FISH POND SYSTEM", "d": "Decreed stock pond · WDID 5103616" }, "geometry": { "type": "Point", "coordinates": [ -105.94888, 40.10586 ] } },
{ "type": "Feature", "properties": { "c": "cdss_spring", "n": "SCHMUCK SPRING NO 2", "d": "Decreed spring · WDID 5101129" }, "geometry": { "type": "Point", "coordinates": [ -105.99054, 40.1057 ] } },
{ "type": "Feature", "properties": { "c": "cdss_spring", "n": "SCHMUCK SPRING D", "d": "Decreed spring · WDID 5101127" }, "geometry": { "type": "Point", "coordinates": [ -105.97876, 40.10747 ] } },
{ "type": "Feature", "properties": { "c": "cdss_spring", "n": "MILLER HEREFORD RANCH SPRING 3", "d": "Decreed spring · WDID 5101290" }, "geometry": { "type": "Point", "coordinates": [ -105.9224, 40.10154 ] } },
{ "type": "Feature", "properties": { "c": "cdss_spring", "n": "MILLER HEREFORD RANCH SPRING 5", "d": "Decreed spring · WDID 5101292" }, "geometry": { "type": "Point", "coordinates": [ -105.92143, 40.10161 ] } },
{ "type": "Feature", "properties": { "c": "cdss_spring", "n": "MILLER HEREFORD RANCH SPRING 2", "d": "Decreed spring · WDID 5101289" }, "geometry": { "type": "Point", "coordinates": [ -105.92351, 40.10183 ] } },
{ "type": "Feature", "properties": { "c": "cdss_spring", "n": "LEGACY PARK SPRING 2", "d": "Decreed spring · WDID 5105647" }, "geometry": { "type": "Point", "coordinates": [ -105.88499, 40.10401 ] } },
{ "type": "Feature", "properties": { "c": "cdss_pond", "n": "LEGACY PARK RESERVOIR", "d": "Decreed stock pond · WDID 5103534" }, "geometry": { "type": "Point", "coordinates": [ -105.88756, 40.10532 ] } },
{ "type": "Feature", "properties": { "c": "cdss_spring", "n": "LEGACY PARK SPRING 1", "d": "Decreed spring · WDID 5105646" }, "geometry": { "type": "Point", "coordinates": [ -105.88599, 40.10615 ] } },
{ "type": "Feature", "properties": { "c": "cdss_spring", "n": "MILLER SPRING", "d": "Decreed spring · WDID 5105470" }, "geometry": { "type": "Point", "coordinates": [ -105.92672, 40.10658 ] } },
{ "type": "Feature", "properties": { "c": "cdss_spring", "n": "VAN ELLS SPRING & PIPELINE NO 2", "d": "Decreed spring · WDID 5101016" }, "geometry": { "type": "Point", "coordinates": [ -105.91094, 40.11263 ] } },
{ "type": "Feature", "properties": { "c": "cdss_spring", "n": "VAN ELLS SPRING & PIPELINE NO 1", "d": "Decreed spring · WDID 5101015" }, "geometry": { "type": "Point", "coordinates": [ -105.91046, 40.11331 ] } },
{ "type": "Feature", "properties": { "c": "cdss_pond", "n": "SHOREFOX AUG POND NO 2", "d": "Decreed stock pond · WDID 5103594" }, "geometry": { "type": "Point", "coordinates": [ -105.94258, 40.11437 ] } },
{ "type": "Feature", "properties": { "c": "cdss_spring", "n": "SCHMUCK SPRING B", "d": "Decreed spring · WDID 5101126" }, "geometry": { "type": "Point", "coordinates": [ -105.97876, 40.10747 ] } },
{ "type": "Feature", "properties": { "c": "cdss_pond", "n": "WINDY GAP RESERVOIR", "d": "Decreed stock pond · WDID 5103742" }, "geometry": { "type": "Point", "coordinates": [ -105.98309, 40.10845 ] } },
{ "type": "Feature", "properties": { "c": "cdss_pond", "n": "GRANBY GRAVEL PIT POND WELL", "d": "Decreed stock pond · WDID 5106036" }, "geometry": { "type": "Point", "coordinates": [ -105.95869, 40.10896 ] } },
{ "type": "Feature", "properties": { "c": "cdss_spring", "n": "SCHMUCK SPRING C", "d": "Decreed spring · WDID 5101222" }, "geometry": { "type": "Point", "coordinates": [ -105.9773, 40.10895 ] } },
{ "type": "Feature", "properties": { "c": "cdss_pond", "n": "SHOREFOX CUTTHROAT TROUT REFUGIUM", "d": "Decreed stock pond · WDID 5103617" }, "geometry": { "type": "Point", "coordinates": [ -105.95362, 40.11066 ] } },
{ "type": "Feature", "properties": { "c": "cdss_spring", "n": "SCHMUCK SPRING A", "d": "Decreed spring · WDID 5101125" }, "geometry": { "type": "Point", "coordinates": [ -105.98356, 40.11066 ] } },
{ "type": "Feature", "properties": { "c": "cdss_pond", "n": "MONARCH LAKE", "d": "Decreed stock pond · WDID 5103754" }, "geometry": { "type": "Point", "coordinates": [ -105.74012, 40.10345 ] } },
{ "type": "Feature", "properties": { "c": "cdss_pond", "n": "STRAWBERRY LAKE RES", "d": "Decreed stock pond · WDID 5104031" }, "geometry": { "type": "Point", "coordinates": [ -105.77777, 40.1102 ] } },
{ "type": "Feature", "properties": { "c": "cdss_spring", "n": "LITTLE HO SPRING NO 2", "d": "Decreed spring · WDID 5101108" }, "geometry": { "type": "Point", "coordinates": [ -105.8564, 40.1098 ] } },
{ "type": "Feature", "properties": { "c": "cdss_spring", "n": "LITTLE HO SPRING", "d": "Decreed spring · WDID 5101201" }, "geometry": { "type": "Point", "coordinates": [ -105.84808, 40.11077 ] } },
{ "type": "Feature", "properties": { "c": "cdss_spring", "n": "LITTLE HO SPRING NO 1", "d": "Decreed spring · WDID 5101107" }, "geometry": { "type": "Point", "coordinates": [ -105.85814, 40.11115 ] } },
{ "type": "Feature", "properties": { "c": "cdss_pond", "n": "ARAPAHO VALLEY RANCH POND", "d": "Decreed stock pond · WDID 5103641" }, "geometry": { "type": "Point", "coordinates": [ -105.7555, 40.11714 ] } },
{ "type": "Feature", "properties": { "c": "cdss_spring", "n": "WILD SPRING NO 1", "d": "Decreed spring · WDID 5101156" }, "geometry": { "type": "Point", "coordinates": [ -105.76348, 40.11742 ] } },
{ "type": "Feature", "properties": { "c": "cdss_pond", "n": "DOE CREEK RESERVOIR", "d": "Decreed stock pond · WDID 5104013" }, "geometry": { "type": "Point", "coordinates": [ -105.85425, 40.12371 ] } },
{ "type": "Feature", "properties": { "c": "cdss_pond", "n": "MIDDLE PARK WCD EX POOL", "d": "Decreed stock pond · WDID 5004904" }, "geometry": { "type": "Point", "coordinates": [ -105.86787, 40.14595 ] } },
{ "type": "Feature", "properties": { "c": "cdss_pond", "n": "MIDDLE PARK WCD EX POOL", "d": "Decreed stock pond · WDID 3604904" }, "geometry": { "type": "Point", "coordinates": [ -105.86702, 40.14608 ] } },
{ "type": "Feature", "properties": { "c": "cdss_spring", "n": "VAN ELLS SPRING & PIPELINE NO 3", "d": "Decreed spring · WDID 5101017" }, "geometry": { "type": "Point", "coordinates": [ -105.90831, 40.11483 ] } },
{ "type": "Feature", "properties": { "c": "cdss_pond", "n": "DINES FISH PONDS", "d": "Decreed stock pond · WDID 5103634" }, "geometry": { "type": "Point", "coordinates": [ -105.92678, 40.11718 ] } },
{ "type": "Feature", "properties": { "c": "cdss_spring", "n": "ASPEN SPRINGS DEPLETION REACH", "d": "Decreed spring · WDID 5109150" }, "geometry": { "type": "Point", "coordinates": [ -105.91593, 40.12109 ] } },
{ "type": "Feature", "properties": { "c": "cdss_pond", "n": "WINDY GAP PROJ JASPER R", "d": "Decreed stock pond · WDID 5103743" }, "geometry": { "type": "Point", "coordinates": [ -105.91845, 40.12131 ] } },
{ "type": "Feature", "properties": { "c": "cdss_pond", "n": "OURAY RESERVOIR NO 2", "d": "Decreed stock pond · WDID 5104052" }, "geometry": { "type": "Point", "coordinates": [ -105.89815, 40.12205 ] } },
{ "type": "Feature", "properties": { "c": "cdss_pond", "n": "OURAY RESERVOIR NO 1", "d": "Decreed stock pond · WDID 5104053" }, "geometry": { "type": "Point", "coordinates": [ -105.89433, 40.12344 ] } },
{ "type": "Feature", "properties": { "c": "cdss_pond", "n": "JACKSON STOCK WATER TANK", "d": "Decreed stock pond · WDID 5100733" }, "geometry": { "type": "Point", "coordinates": [ -105.89061, 40.12438 ] } },
{ "type": "Feature", "properties": { "c": "cdss_pond", "n": "MIDDLE PARK WCD EX POOL", "d": "Decreed stock pond · WDID 5107707" }, "geometry": { "type": "Point", "coordinates": [ -105.86702, 40.14608 ] } },
{ "type": "Feature", "properties": { "c": "cdss_pond", "n": "MIDDLE PARK WCD WINDY GAP/GRANBY EXCHANGE POOL", "d": "Decreed stock pond · WDID 5104904" }, "geometry": { "type": "Point", "coordinates": [ -105.86753, 40.14634 ] } },
{ "type": "Feature", "properties": { "c": "cdss_pond", "n": "CBT GRANBY RESERVOIR", "d": "Decreed stock pond · WDID 5104055" }, "geometry": { "type": "Point", "coordinates": [ -105.866, 40.14812 ] } }
]
}
